territory_id,name_short,mo_type,center,region_name,lat,lon
1,Майкоп,городской округ,г Майкоп,Республика Адыгея,44.6062079,40.104053
2,Адыгейск,городской округ,г Адыгейск,Республика Адыгея,44.8833775,39.1909625
3,Гиагинский,муниципальный район,ст-ца Гиагинская,Республика Адыгея,44.8755853,40.0564982
4,Кошехабльский,муниципальный район,аул Кошехабль,Республика Адыгея,44.8964998,40.4963631
5,Красногвардейский,муниципальный район,с Красногвардейское,Республика Адыгея,45.1443556,39.5861478
6,Майкопский,муниципальный район,п Тульский,Республика Адыгея,44.5093616,40.1762144
7,Тахтамукайский,муниципальный район,аул Тахтамукай,Республика Адыгея,44.9212862,38.994718
8,Теучежский,муниципальный район,аул Понежукай,Республика Адыгея,44.8876896,39.3828521
9,Шовгеновский,муниципальный район,аул Хакуринохабль,Республика Адыгея,45.020114,40.2291119
10,Горно-Алтайск,городской округ,г Горно-Алтайск,Республика Алтай,51.957775,85.96365299999998
11,Кош-Агачский,муниципальный район,с Кош-Агач,Республика Алтай,49.9947055,88.6628218
12,Майминский,муниципальный район,с Майма,Республика Алтай,52.004684,85.89874299999998
13,Онгудайский,муниципальный район,с Онгудай,Республика Алтай,50.7495872,86.1335256
14,Турочакский,муниципальный район,с Турочак,Республика Алтай,52.259956,87.11753799999998
15,Улаганский,муниципальный район,с Улаган,Республика Алтай,50.6317434,87.9561929
16,Усть-Канский,муниципальный район,с Усть-Кан,Республика Алтай,50.932003,84.765213
17,Усть-Коксинский,муниципальный район,с Усть-Кокса,Республика Алтай,50.2695927,85.6155842
18,Чемальский,муниципальный район,с Чемал,Республика Алтай,51.4065933,86.0037576
19,Чойский,муниципальный район,с Чоя,Республика Алтай,51.8987536,86.5916701
20,Шебалинский,муниципальный район,с Шебалино,Республика Алтай,51.2922638,85.67399279999998
21,Уфа,городской округ,г Уфа,Республика Башкортостан,54.7261409,55.947499
22,Агидель,городской округ,г Агидель,Республика Башкортостан,55.899276,53.9374202
23,Кумертау,городской округ,г Кумертау,Республика Башкортостан,52.760975,55.796482
25,Нефтекамск,городской округ,г Нефтекамск,Республика Башкортостан,56.0884031,54.2478094
26,Октябрьский,городской округ,г Октябрьский,Республика Башкортостан,54.4809722,53.4660062
27,Салават,городской округ,г Салават,Республика Башкортостан,53.361687,55.924641
28,Сибай,городской округ,г Сибай,Республика Башкортостан,52.720425,58.665466
29,Стерлитамак,городской округ,г Стерлитамак,Республика Башкортостан,53.632374,55.952259
30,Абзелиловский,муниципальный район,с Аскарово,Республика Башкортостан,53.3391062,58.5060548
31,Альшеевский,муниципальный район,с Раевский,Республика Башкортостан,54.068695,54.941628
32,Архангельский,муниципальный район,с Архангельское,Республика Башкортостан,54.405724,56.784122
33,Аскинский,муниципальный район,с Аскино,Республика Башкортостан,56.0855892,56.5788224
34,Аургазинский,муниципальный район,с Толбазы,Республика Башкортостан,54.010342,55.886463
35,Баймакский,муниципальный район,г Баймак,Республика Башкортостан,52.597919,58.30756
36,Бакалинский,муниципальный район,с Бакалы,Республика Башкортостан,55.1811919,53.7990407
37,Балтачевский,муниципальный район,с Старобалтачево,Республика Башкортостан,56.000443,55.923466
38,Белебеевский,муниципальный район,г Белебей,Республика Башкортостан,54.106495,54.107811
39,Белокатайский,муниципальный район,с Новобелокатай,Республика Башкортостан,55.704636,58.961376
40,Белорецкий,муниципальный район,г Белорецк,Республика Башкортостан,53.9680705,58.4099549
41,Бижбулякский,муниципальный район,с Бижбуляк,Республика Башкортостан,53.693443,54.268616
42,Бирский,муниципальный район,г Бирск,Республика Башкортостан,55.4206774,55.5407179
43,Благоварский,муниципальный район,с Языково,Республика Башкортостан,54.691818,55.01387
44,Благовещенский,муниципальный район,г Благовещенск,Республика Башкортостан,55.031143,55.981876
45,Буздякский,муниципальный район,с Буздяк,Республика Башкортостан,54.5696389,54.5323993
46,Бураевский,муниципальный район,с Бураево,Республика Башкортостан,55.836903,55.410423
47,Бурзянский,муниципальный район,с Старосубхангулово,Республика Башкортостан,53.1028707,57.4444763
48,Гафурийский,муниципальный район,с Красноусольский,Республика Башкортостан,53.8961616,56.4705604
49,Давлекановский,муниципальный район,г Давлеканово,Республика Башкортостан,54.2129656,55.0307219
50,Дуванский,муниципальный район,с Месягутово,Республика Башкортостан,55.534695,58.239239
51,Дюртюлинский,муниципальный район,г Дюртюли,Республика Башкортостан,55.490616,54.863895
52,Ермекеевский,муниципальный район,с Ермекеево,Республика Башкортостан,54.073929,53.671932
53,Зианчуринский,муниципальный район,с Исянгулово,Республика Башкортостан,52.189625,56.582493
54,Зилаирский,муниципальный район,с Зилаир,Республика Башкортостан,52.233707,57.441547
55,Иглинский,муниципальный район,с Иглино,Республика Башкортостан,54.8340521,56.4165846
56,Илишевский,муниципальный район,с Верхнеяркеево,Республика Башкортостан,55.4451166,54.3153665
57,Ишимбайский,муниципальный район,г Ишимбай,Республика Башкортостан,53.4546454,56.0439119
58,Калтасинский,муниципальный район,с Калтасы,Республика Башкортостан,55.970051,54.7900496
59,Караидельский,муниципальный район,с Караидель,Республика Башкортостан,55.83279,56.913136
60,Кармаскалинский,муниципальный район,с Кармаскалы,Республика Башкортостан,54.367451,56.168819
61,Кигинский,муниципальный район,с Верхние Киги,Республика Башкортостан,55.4059473,58.5993731
62,Краснокамский,муниципальный район,с Николо-Березовка,Республика Башкортостан,56.1286312,54.1702787
63,Кугарчинский,муниципальный район,с Мраково,Республика Башкортостан,52.7154243,56.6223067
64,Куюргазинский,муниципальный район,с Ермолаево,Республика Башкортостан,52.7071075,55.8039121
65,Кушнаренковский,муниципальный район,с Кушнаренково,Республика Башкортостан,55.107124,55.342201
66,Мелеузовский,муниципальный район,г Мелеуз,Республика Башкортостан,52.96328,55.928612
67,Мечетлинский,муниципальный район,с Большеустьикинское,Республика Башкортостан,55.95219,58.2687
68,Мишкинский,муниципальный район,с Мишкино,Республика Башкортостан,55.531227,55.970352
69,Миякинский,муниципальный район,с Киргиз-Мияки,Республика Башкортостан,53.629292,54.800922
70,Нуримановский,муниципальный район,с Красная Горка,Республика Башкортостан,55.1897234,56.6677432
71,Салаватский,муниципальный район,с Малояз,Республика Башкортостан,55.2034086,58.1536392
72,Стерлибашевский,муниципальный район,с Стерлибашево,Республика Башкортостан,53.438549,55.256725
73,Стерлитамакский,муниципальный район,г Стерлитамак,Республика Башкортостан,53.632374,55.952259
74,Татышлинский,муниципальный район,с Верхние Татышлы,Республика Башкортостан,56.2921876,55.8557435
75,Туймазинский,муниципальный район,г Туймазы,Республика Башкортостан,54.606537,53.6974004
76,Уфимский,муниципальный район,г Уфа,Республика Башкортостан,54.7261409,55.947499
77,Учалинский,муниципальный район,г Учалы,Республика Башкортостан,54.316597,59.384636
78,Федоровский,муниципальный район,с Федоровка,Республика Башкортостан,53.1771974,55.1864825
79,Хайбуллинский,муниципальный район,с Акъяр,Республика Башкортостан,51.865116,58.220215
80,Чекмагушевский,муниципальный район,с Чекмагуш,Республика Башкортостан,55.1378996,54.6534999
81,Чишминский,муниципальный район,рп Чишмы,Республика Башкортостан,54.58968,55.385605
82,Шаранский,муниципальный район,с Шаран,Республика Башкортостан,54.8182509,54.0016574
83,Янаульский,муниципальный район,г Янаул,Республика Башкортостан,56.2714237,54.9294823
85,Северобайкальск,городской округ,г Северобайкальск,Республика Бурятия,55.635967,109.335648
86,Баргузинский,муниципальный район,с Баргузин,Республика Бурятия,53.617638,109.632744
87,Баунтовский,муниципальный район,с Багдарин,Республика Бурятия,54.443378,113.590469
88,Бичурский,муниципальный район,с Бичура,Республика Бурятия,50.588627,107.599274
89,Джидинский,муниципальный район,с Петропавловка,Республика Бурятия,50.61087,105.319412
90,Еравнинский,муниципальный район,с Сосново-Озерское,Республика Бурятия,52.528614,111.538063
91,Заиграевский,муниципальный район,п Заиграево,Республика Бурятия,51.834293,108.270615
92,Закаменский,муниципальный район,г Закаменск,Республика Бурятия,50.3778,103.2915
93,Иволгинский,муниципальный район,с Иволгинск,Республика Бурятия,51.745052,107.281174
94,Кабанский,муниципальный район,с Кабанск,Республика Бурятия,52.0523897,106.6548779
95,Кижингинский,муниципальный район,с Кижинга,Республика Бурятия,51.84956,109.913147
96,Курумканский,муниципальный район,с Курумкан,Республика Бурятия,54.326336,110.323257
97,Кяхтинский,муниципальный район,г Кяхта,Республика Бурятия,50.353176,106.44915
98,Муйский,муниципальный район,п Таксимо,Республика Бурятия,56.355515,114.837982
99,Мухоршибирский,муниципальный район,с Мухоршибирь,Республика Бурятия,51.046997,107.828537
100,Окинский,муниципальный район,с Орлик,Республика Бурятия,52.5127688,99.8271705
101,Прибайкальский,муниципальный район,с Турунтаево,Республика Бурятия,52.2025,107.639
102,Северо-Байкальский,муниципальный район,п Нижнеангарск,Республика Бурятия,55.783573,109.571762
103,Селенгинский,муниципальный район,г Гусиноозерск,Республика Бурятия,51.289516,106.527008
104,Тарбагатайский,муниципальный район,с Тарбагатай,Республика Бурятия,51.48373,107.357605
105,Тункинский,муниципальный район,с Кырен,Республика Бурятия,51.682404,102.132912
106,Хоринский,муниципальный район,с Хоринск,Республика Бурятия,52.1615011,109.7629245
107,Махачкала,городской округ,г Махачкала,Республика Дагестан,42.9830241,47.5048717
108,Буйнакск,городской округ,г Буйнакск,Республика Дагестан,42.8260906,47.1219624
109,Дагестанские Огни,городской округ,г Дагестанские Огни,Республика Дагестан,42.1152434,48.1864201
111,Избербаш,городской округ,г Избербаш,Республика Дагестан,42.5710804,47.862999
113,Кизилюрт,городской округ,г Кизилюрт,Республика Дагестан,43.1999049,46.8713343
114,Кизляр,городской округ,г Кизляр,Республика Дагестан,43.8546727,46.7139329
116,Южно-Сухокумск,городской округ,г Южно-Сухокумск,Республика Дагестан,44.662231,45.645138
121,Бабаюртовский,муниципальный район,с Бабаюрт,Республика Дагестан,43.6004059,46.7775013
140,Кумторкалинский,муниципальный район,с Коркмаскала,Республика Дагестан,43.0222127,47.2958126
142,Новолакский,муниципальный район,с Новолакское,Республика Дагестан,43.1201006,46.4829765
143,Ногайский,муниципальный район,с Терекли-Мектеб,Республика Дагестан,44.164783,45.873196
145,Сергокалинский,муниципальный район,с Сергокала,Республика Дагестан,42.453342,47.665371
158,Магас,городской округ,г Магас,Республика Ингушетия,43.1666497,44.8048191
160,Назрань,городской округ,г Назрань,Республика Ингушетия,43.2320774,44.7540128
167,Нальчик,городской округ,г Нальчик,Кабардино-Балкарская Республика,43.4769604,43.5966578
168,Баксан,городской округ,г Баксан,Кабардино-Балкарская Республика,43.6820626,43.5344319
169,Прохладный,городской округ,г Прохладный,Кабардино-Балкарская Республика,43.7590017,44.0103981
172,Лескенский,муниципальный район,с Анзорей,Кабардино-Балкарская Республика,43.3549219,43.9398825
173,Майский,муниципальный район,г Майский,Кабардино-Балкарская Республика,43.6282481,44.0518741
174,Прохладненский,муниципальный район,г Прохладный,Кабардино-Балкарская Республика,43.7590017,44.0103981
176,Терский,муниципальный район,г Терек,Кабардино-Балкарская Республика,43.4826692,44.1363776
177,Урванский,муниципальный район,г Нарткала,Кабардино-Балкарская Республика,43.5561489,43.8616759
178,Чегемский,муниципальный район,г Чегем,Кабардино-Балкарская Республика,43.5655936,43.5899021
179,Эльбрусский,муниципальный район,г Тырныауз,Кабардино-Балкарская Республика,43.3958986,42.9230751
181,Городовиковский,муниципальный район,г Городовиковск,Республика Калмыкия,46.082851,41.934269
183,Кетченеровский,муниципальный район,п Кетченеры,Республика Калмыкия,47.304371,44.528316
184,Лаганский,муниципальный район,г Лагань,Республика Калмыкия,45.392059,47.361282
185,Малодербетовский,муниципальный район,с Малые Дербеты,Республика Калмыкия,47.9509398,44.6783553
186,Октябрьский,муниципальный район,п Большой Царын,Республика Калмыкия,47.850693,45.428036
187,Приютненский,муниципальный район,с Приютное,Республика Калмыкия,46.100689,43.512432
188,Сарпинский,муниципальный район,с Садовое,Республика Калмыкия,47.7676505,44.5164159
189,Целинный,муниципальный район,с Троицкое,Республика Калмыкия,46.411068,44.260704
190,Черноземельский,муниципальный район,п Комсомольский,Республика Калмыкия,45.32967,46.04298
191,Юстинский,муниципальный район,п Цаган Аман,Республика Калмыкия,47.565372,46.724106
192,Яшалтинский,муниципальный район,с Яшалта,Республика Калмыкия,46.3384099,42.27412896268666
193,Яшкульский,муниципальный район,п Яшкуль,Республика Калмыкия,46.174168,45.343464
194,Черкесский,городской округ,г Черкесск,Карачаево-Черкесская Республика,44.2285229,42.048257
195,Карачаевский,городской округ,г Карачаевск,Карачаево-Черкесская Республика,43.7715594,41.911979
196,Абазинский,муниципальный район,аул Инжич-Чукун,Карачаево-Черкесская Республика,44.0524374,41.785377435305776
197,Адыге-Хабльский,муниципальный район,аул Адыге-Хабль,Карачаево-Черкесская Республика,44.3314433,41.9371355
198,Зеленчукский,муниципальный район,ст-ца Зеленчукская,Карачаево-Черкесская Республика,43.8549752,41.5853611
200,Малокарачаевский,муниципальный район,с Учкекен,Карачаево-Черкесская Республика,43.9465576,42.5147956
201,Ногайский,муниципальный район,п Эркен-Шахар,Карачаево-Черкесская Республика,44.3768288,41.9579221
202,Прикубанский,муниципальный район,п Кавказский,Карачаево-Черкесская Республика,44.2683702,42.2308891
203,Урупский,муниципальный район,ст-ца Преградная,Карачаево-Черкесская Республика,43.9528755,41.1917906
204,Усть-Джегутинский,муниципальный район,г Усть-Джегута,Карачаево-Черкесская Республика,44.0858961,41.9722557
205,Хабезский,муниципальный район,аул Хабез,Карачаево-Черкесская Республика,44.0461094,41.7695948
206,Петрозаводский,городской округ,г Петрозаводск,Республика Карелия,61.7900426,34.390007
207,Костомукшский,городской округ,г Костомукша,Республика Карелия,64.5873013,30.5969076
208,Беломорский,муниципальный округ,г Беломорск,Республика Карелия,64.5216684,34.7625835
209,Калевальский,муниципальный район,пгт Калевала,Республика Карелия,65.200096,31.180172
210,Кемский,муниципальный район,г Кемь,Республика Карелия,64.9550895,34.5697446
211,Кондопожский,муниципальный район,г Кондопога,Республика Карелия,62.20929,34.268185
212,Лахденпохский,муниципальный район,г Лахденпохья,Республика Карелия,61.5179265,30.2038927
213,Лоухский,муниципальный район,пгт Лоухи,Республика Карелия,66.07512539999999,33.04001857654001
214,Медвежьегорский,муниципальный район,г Медвежьегорск,Республика Карелия,62.915024,34.473339
215,Муезерский,муниципальный район,пгт Муезерский,Республика Карелия,63.9596446,31.9947228
216,Олонецкий,муниципальный район,г Олонец,Республика Карелия,60.979276,32.9749376
217,Питкярантский,муниципальный округ,г Питкяранта,Республика Карелия,61.57460265,31.479621638933807
218,Прионежский,муниципальный район,г Петрозаводск,Республика Карелия,61.7900426,34.390007
219,Пряжинский,муниципальный район,пгт Пряжа,Республика Карелия,61.6932537,33.6224108
220,Пудожский,муниципальный район,г Пудож,Республика Карелия,61.808434,36.536045
221,Сегежский,муниципальный округ,г Сегежа,Республика Карелия,63.7435087,34.3106868
222,Сортавальский,муниципальный район,г Сортавала,Республика Карелия,61.70274,30.691231
223,Суоярвский,муниципальный округ,г. Суоярви,Республика Карелия,62.0820094,32.345856
224,Сыктывкар,городской округ,г Сыктывкар,Республика Коми,61.6685237,50.8352024
225,Воркута,городской округ,г Воркута,Республика Коми,67.5035662,64.0627028
226,Вуктыл,муниципальный округ,г Вуктыл,Республика Коми,63.844337,57.300171
227,Инта,городской округ,г Инта,Республика Коми,66.0401498,60.1313631
228,Усинск,муниципальный округ,г Усинск,Республика Коми,65.9944237,57.5570861
229,Ухта,городской округ,г Ухта,Республика Коми,63.5623797,53.6842376
230,Ижемский,муниципальный район,с Ижма,Республика Коми,65.0324906,53.97245771017012
231,Княжпогостский,муниципальный район,г Емва,Республика Коми,62.5983295,50.8880873
232,Койгородский,муниципальный район,с Койгородок,Республика Коми,60.441257,51.007
233,Корткеросский,муниципальный район,с Корткерос,Республика Коми,61.8130799,51.5744647
234,Печора,муниципальный район,г Печора,Республика Коми,65.1142862,57.16074
235,Прилузский,муниципальный район,с Объячево,Республика Коми,60.334034,49.618275
236,Сосногорск,муниципальный район,г Сосногорск,Республика Коми,63.5895298,53.9305546
237,Сыктывдинский,муниципальный район,с Выльгорт,Республика Коми,61.627003,50.768478
238,Сысольский,муниципальный район,с Визинга,Республика Коми,61.076214,50.084496
239,Троицко-Печорский,муниципальный район,пгт Троицко-Печорск,Республика Коми,62.714462,56.185379
240,Удорский,муниципальный район,с Кослан,Республика Коми,63.456226,48.894211
241,Усть-Вымский,муниципальный район,с Айкино,Республика Коми,62.224483,49.992413
242,Усть-Куломский,муниципальный район,с Усть-Кулом,Республика Коми,61.684792,53.689861
243,Усть-Цилемский,муниципальный район,с Усть-Цильма,Республика Коми,65.43623545,52.2008925353455
269,Йошкар-Ола,городской округ,г Йошкар-Ола,Республика Марий Эл,56.6326996,47.8975847
270,Волжск,городской округ,г Волжск,Республика Марий Эл,55.8636579,48.3618598
271,Козьмодемьянск,городской округ,г Козьмодемьянск,Республика Марий Эл,56.3324346,46.5462855
272,Волжский,муниципальный район,г Волжск,Республика Марий Эл,55.8636579,48.3618598
273,Горномарийский,муниципальный район,г Козьмодемьянск,Республика Марий Эл,56.3324346,46.5462855
274,Звениговский,муниципальный район,г Звенигово,Республика Марий Эл,55.9718239,48.016105
275,Килемарский,муниципальный район,пгт Килемары,Республика Марий Эл,56.7767366,46.8594894
276,Куженерский,муниципальный район,пгт Куженер,Республика Марий Эл,56.8114328,48.9167614
277,Мари-Турекский,муниципальный район,пгт Мари-Турек,Республика Марий Эл,56.7877954,49.6203566
278,Медведевский,муниципальный район,пгт Медведево,Республика Марий Эл,56.6332426,47.8030237
279,Моркинский,муниципальный район,пгт Морки,Республика Марий Эл,56.4302572,48.9980508
280,Новоторъяльский,муниципальный район,пгт Новый Торъял,Республика Марий Эл,57.0032906,48.7403315
281,Оршанский,муниципальный район,пгт Оршанка,Республика Марий Эл,56.9154239,47.8944568
282,Параньгинский,муниципальный район,пгт Параньга,Республика Марий Эл,56.7052785,49.3933921
283,Сернурский,муниципальный район,пгт Сернур,Республика Марий Эл,56.9347617,49.1469163
284,Советский,муниципальный район,пгт Советский,Республика Марий Эл,56.7629821,48.474292
285,Юринский,муниципальный район,пгт Юрино,Республика Марий Эл,56.29035,46.291918
286,Саранск,городской округ,г Саранск,Республика Мордовия,54.18671,45.18383
287,Ардатовский,муниципальный район,г Ардатов,Республика Мордовия,54.8443349,46.2393200428824
288,Атюрьевский,муниципальный район,с Атюрьево,Республика Мордовия,54.3211519,43.3363522
289,Атяшевский,муниципальный район,рп Атяшево,Республика Мордовия,54.5791907,46.07576069523395
290,Большеберезниковский,муниципальный район,с Большие Березники,Республика Мордовия,54.171913,45.966282
291,Большеигнатовский,муниципальный район,с Большое Игнатово,Республика Мордовия,55.0197628,45.574424
292,Дубенский,муниципальный район,с Дубенки,Республика Мордовия,54.437653,46.2980698
293,Ельниковский,муниципальный район,с Ельники,Республика Мордовия,54.620689,43.875977
294,Зубово-Полянский,муниципальный район,рп Зубова Поляна,Республика Мордовия,54.079964,42.837425
295,Инсарский,муниципальный район,г Инсар,Республика Мордовия,53.867741,44.371407
296,Ичалковский,муниципальный район,с Кемля,Республика Мордовия,54.694168,45.243855
297,Кадошкинский,муниципальный район,рп Кадошкино,Республика Мордовия,54.03075525,44.42132744805929
298,Ковылкинский,муниципальный район,г Ковылкино,Республика Мордовия,54.0345571,43.90662617920928
299,Кочкуровский,муниципальный район,с Кочкурово,Республика Мордовия,54.031414,45.434708
300,Краснослободский,муниципальный район,г Краснослободск,Республика Мордовия,54.41721065,43.78777038683488
301,Лямбирский,муниципальный район,с Лямбирь,Республика Мордовия,54.2828455,45.1226407
302,Ромодановский,муниципальный район,п Ромоданово,Республика Мордовия,54.420921,45.334122
303,Рузаевский,муниципальный район,г Рузаевка,Республика Мордовия,54.058735,44.954391
304,Старошайговский,муниципальный район,с Старое Шайгово,Республика Мордовия,54.304256,44.463558
305,Темниковский,муниципальный район,г Темников,Республика Мордовия,54.6342327,43.21511935549957
306,Теньгушевский,муниципальный район,с Теньгушево,Республика Мордовия,54.767166,42.714211
307,Торбеевский,муниципальный район,рп Торбеево,Республика Мордовия,54.074532,43.245144
308,Чамзинский,муниципальный район,рп Чамзинка,Республика Мордовия,54.407948,45.784023
309,Якутск,городской округ,г Якутск,Республика Саха (Якутия),62.0279259,129.740571750415
310,Жатай,городской округ,п Жатай,Республика Саха (Якутия),62.164104,129.843109
311,Абыйский,муниципальный район,п Белая Гора,Республика Саха (Якутия),68.53701,146.187286
312,Алданский,муниципальный район,г Алдан,Республика Саха (Якутия),58.61558475,125.3960842109866
313,Аллаиховский,муниципальный район,п Чокурдах,Республика Саха (Якутия),70.6193824,147.902397
314,Амгинский,муниципальный район,с Амга,Республика Саха (Якутия),60.894218,131.97998
315,Анабарский,муниципальный район,с Саскылах,Республика Саха (Якутия),71.9649533,114.0939433
316,Булунский,муниципальный район,п Тикси,Республика Саха (Якутия),71.636604,128.868546
317,Верхневилюйский,муниципальный район,с Верхневилюйск,Республика Саха (Якутия),63.4497609,120.3146678
318,Верхнеколымский,муниципальный район,п Зырянка,Республика Саха (Якутия),65.733597,150.893326
319,Верхоянский,муниципальный район,п Батагай,Республика Саха (Якутия),67.654907,134.635071
320,Вилюйский,муниципальный район,г Вилюйск,Республика Саха (Якутия),63.754082,121.626549
321,Горный,муниципальный район,с Бердигестях,Республика Саха (Якутия),62.098289,126.699837
322,Жиганский,муниципальный район,с Жиганск,Республика Саха (Якутия),66.76564,123.3741
323,Кобяйский,муниципальный район,п Сангар,Республика Саха (Якутия),63.923618,127.466759
324,Нюрбинский,муниципальный район,г Нюрба,Республика Саха (Якутия),63.286648,118.354149
325,Ленский,муниципальный район,г Ленск,Республика Саха (Якутия),60.7145488,114.9172123
326,Мегино-Кангаласский,муниципальный район,п Нижний Бестях,Республика Саха (Якутия),61.957066,129.911346
327,Мирнинский,муниципальный район,г Мирный,Республика Саха (Якутия),62.541077,113.978584
328,Момский,муниципальный район,с Хонуу,Республика Саха (Якутия),66.455612,143.223007
329,Намский,муниципальный район,с Намцы,Республика Саха (Якутия),62.718227,129.664246
330,Нерюнгринский,муниципальный район,г Нерюнгри,Республика Саха (Якутия),56.6579435,124.7123042
331,Нижнеколымский,муниципальный район,п Черский,Республика Саха (Якутия),68.7427218,161.3324435184306
332,Оймяконский,муниципальный район,п Усть-Нера,Республика Саха (Якутия),64.566376,143.237839
333,Олекминский,муниципальный район,г Олёкминск,Республика Саха (Якутия),60.3729364,120.403496
334,Оленекский,муниципальный район,с Оленёк,Республика Саха (Якутия),68.505272,112.450287
335,Среднеколымский,муниципальный район,г Среднеколымск,Республика Саха (Якутия),67.455497,153.7071456
336,Сунтарский,муниципальный район,с Сунтар,Республика Саха (Якутия),62.157455,117.646332
337,Таттинский,муниципальный район,с Ытык-Кюёль,Республика Саха (Якутия),62.360935,133.563309
338,Томпонский,муниципальный район,п Хандыга,Республика Саха (Якутия),62.6477939,135.5750942
339,Усть-Алданский,муниципальный район,с Борогонцы,Республика Саха (Якутия),62.6722619,131.1795031521465
340,Усть-Майский,муниципальный район,п Усть-Мая,Республика Саха (Якутия),60.416439,134.536499
341,Усть-Янский,муниципальный район,п Депутатский,Республика Саха (Якутия),69.3396494,139.9468635
342,Хангаласский,муниципальный район,г Покровск,Республика Саха (Якутия),61.48327,129.1540617
343,Чурапчинский,муниципальный район,с Чурапча,Республика Саха (Якутия),61.999668,132.425201
344,Эвено-Бытантайский,муниципальный район,с Батагай-Алыта,Республика Саха (Якутия),67.799362,130.403229
345,Владикавказ,городской округ,г Владикавказ,Республика Северная Осетия — Алания,43.024593,44.68211
346,Алагирский,муниципальный район,г Алагир,Республика Северная Осетия — Алания,43.018619,44.2261205
347,Ардонский,муниципальный район,г Ардон,Республика Северная Осетия — Алания,43.1739502,44.2752375
348,Дигорский,муниципальный район,г Дигора,Республика Северная Осетия — Алания,43.1591223,44.1581267
349,Ирафский,муниципальный район,с Чикола,Республика Северная Осетия — Алания,43.198139,43.923298
350,Кировский,муниципальный район,с Эльхотово,Республика Северная Осетия — Алания,43.344178,44.201134
351,Моздокский,муниципальный район,г Моздок,Республика Северная Осетия — Алания,43.735584,44.653614
352,Правобережный,муниципальный район,г Беслан,Республика Северная Осетия — Алания,43.1875572,44.5375689
353,Пригородный,муниципальный район,с Октябрьское,Республика Северная Осетия — Алания,43.055016,44.746845
354,Казань,городской округ,г Казань,Республика Татарстан,55.7823547,49.1242266
355,Набережные Челны,городской округ,г Набережные Челны,Республика Татарстан,55.7419774,52.399207
356,Агрызский,муниципальный район,г Агрыз,Республика Татарстан,56.525516,52.9971643
357,Азнакаевский,муниципальный район,г Азнакаево,Республика Татарстан,54.8629555,53.0792275
358,Аксубаевский,муниципальный район,пгт Аксубаево,Республика Татарстан,54.846351,50.8055345
359,Актанышский,муниципальный район,с Актаныш,Республика Татарстан,55.7221799,54.0577272
360,Алексеевский,муниципальный район,пгт Алексеевское,Республика Татарстан,55.3049649,50.1129039
361,Алькеевский,муниципальный район,с Базарные Матаки,Республика Татарстан,54.9034845,49.9275488
362,Альметьевский,муниципальный район,г Альметьевск,Республика Татарстан,54.9005008,52.2963777
363,Апастовский,муниципальный район,пгт Апастово,Республика Татарстан,55.2026717,48.5068612
364,Арский,муниципальный район,г Арск,Республика Татарстан,56.0909916,49.8771828
365,Атнинский,муниципальный район,с Большая Атня,Республика Татарстан,56.2503047,49.4534003
366,Бавлинский,муниципальный район,г Бавлы,Республика Татарстан,54.4031069,53.2356367
367,Балтасинский,муниципальный район,пгт Балтаси,Республика Татарстан,56.344623,50.2114172
368,Бугульминский,муниципальный район,г Бугульма,Республика Татарстан,54.5384152,52.7955953
369,Буинский,муниципальный район,г Буинск,Республика Татарстан,54.9723656,48.2926834
370,Верхнеуслонский,муниципальный район,с Верхний Услон,Республика Татарстан,55.7685496,48.9829213
371,Высокогорский,муниципальный район,п ж/д ст Высокая Гора,Республика Татарстан,55.9101814,49.3072048
372,Дрожжановский,муниципальный район,с Старое Дрожжаное,Республика Татарстан,54.7249827,47.5645397
373,Елабужский,муниципальный район,г Елабуга,Республика Татарстан,55.7577131,52.0539938
374,Заинский,муниципальный район,г Заинск,Республика Татарстан,55.2866509,52.0056047
375,Зеленодольский,муниципальный район,г Зеленодольск,Республика Татарстан,55.8586627,48.55746590061055
376,Кайбицкий,муниципальный район,с Большие Кайбицы,Республика Татарстан,55.4061658,48.19358
377,Камско-Устьинский,муниципальный район,пгт Камское Устье,Республика Татарстан,55.2015629,49.2680082
378,Кукморский,муниципальный район,пгт Кукмор,Республика Татарстан,56.1865318,50.8972087
379,Лаишевский,муниципальный район,г Лаишево,Республика Татарстан,55.4051397,49.55569253230886
380,Лениногорский,муниципальный район,г Лениногорск,Республика Татарстан,54.5994324,52.4469099
381,Мамадышский,муниципальный район,г Мамадыш,Республика Татарстан,55.7090757,51.4089032
382,Менделеевский,муниципальный район,г Менделеевск,Республика Татарстан,55.8878706,52.308443
383,Мензелинский,муниципальный район,г Мензелинск,Республика Татарстан,55.7255585,53.1071815
384,Муслюмовский,муниципальный район,с Муслюмово,Республика Татарстан,55.3041209,53.1975331
385,Нижнекамский,муниципальный район,г Нижнекамск,Республика Татарстан,55.6412879,51.8160376
386,Новошешминский,муниципальный район,с Новошешминск,Республика Татарстан,55.0616447,51.224884
387,Нурлатский,муниципальный район,г Нурлат,Республика Татарстан,54.4297351,50.8019579
388,Пестречинский,муниципальный район,с Пестрецы,Республика Татарстан,55.7502111,49.6570913
389,Рыбно-Слободский,муниципальный район,пгт Рыбная Слобода,Республика Татарстан,55.4644212,50.1406205
390,Сабинский,муниципальный район,пгт Богатые Сабы,Республика Татарстан,56.0106232,50.4467802
391,Сармановский,муниципальный район,с Сарманово,Республика Татарстан,55.2607513,52.57767738349195
392,Спасский,муниципальный район,г Болгар,Республика Татарстан,54.9747437,49.0302075
393,Тетюшский,муниципальный район,г Тетюши,Республика Татарстан,54.9342754,48.8319574
394,Тукаевский,муниципальный район,г Набережные Челны,Республика Татарстан,55.7419774,52.399207
395,Тюлячинский,муниципальный район,с Тюлячи,Республика Татарстан,55.8918846,50.2334985
396,Черемшанский,муниципальный район,с Черемшан,Республика Татарстан,54.6611013,51.5053223
397,Чистопольский,муниципальный район,г Чистополь,Республика Татарстан,55.3714831,50.6367311
398,Ютазинский,муниципальный район,пгт Уруссу,Республика Татарстан,54.5993324,53.4663259
401,Бай-Тайгинский,муниципальный район,с Тээли,Республика Тыва,51.0110954,90.2043058
402,Барун-Хемчикский,муниципальный район,с Кызыл-Мажалык,Республика Тыва,51.1454611,90.5814803
403,Дзун-Хемчикский,муниципальный район,г Чадан,Республика Тыва,51.2840385,91.5666701
404,Каа-Хемский,муниципальный район,с Сарыг-Сеп,Республика Тыва,51.492626,95.554681
405,Кызылский,муниципальный район,пгт Каа-Хем,Республика Тыва,51.696541,94.563721
406,Монгун-Тайгинский,муниципальный район,с Мугур-Аксы,Республика Тыва,50.3800035,90.441721
408,Пий-Хемский,муниципальный район,г Туран,Республика Тыва,52.1458093,93.9186434
409,Сут-Хольский,муниципальный район,с Суг-Аксы,Республика Тыва,51.402248,91.278786
410,Тандинский,муниципальный район,с Бай-Хаак,Республика Тыва,51.1601031,94.4651991
413,Тоджинский,муниципальный район,с Тоора-Хем,Республика Тыва,52.4679232,96.117896
414,Улуг-Хемский,муниципальный район,г Шагонар,Республика Тыва,51.538721,92.9194074
415,Чаа-Хольский,муниципальный район,с Чаа-Холь,Республика Тыва,51.5141315,92.3348586
416,Чеди-Хольский,муниципальный район,с Хову-Аксы,Республика Тыва,51.131943,93.715744
417,Эрзинский,муниципальный район,с Эрзин,Республика Тыва,50.2881416,95.1221826
418,Ижевск,городской округ,г Ижевск,Удмуртская Республика,56.86051745,53.19773074245531
419,Воткинск,городской округ,г Воткинск,Удмуртская Республика,57.03096265,53.952909871495514
420,Глазов,городской округ,г Глазов,Удмуртская Республика,58.1401196,52.6464388
421,Можга,городской округ,г Можга,Удмуртская Республика,56.44903635,52.21859474400328
422,Сарапул,городской округ,г Сарапул,Удмуртская Республика,56.4811552,53.78269270925261
423,Алнашский,муниципальный округ,с Алнаши,Удмуртская Республика,56.1848812,52.4755309
424,Балезинский,муниципальный округ,п Балезино,Удмуртская Республика,57.9745686,53.0111891
425,Вавожский,муниципальный округ,с Вавож,Удмуртская Республика,56.7676129,51.9313766
426,Воткинский,муниципальный округ,г Воткинск,Удмуртская Республика,57.03096265,53.952909871495514
428,Граховский,муниципальный округ,с Грахово,Удмуртская Республика,56.0468999,51.9629501
429,Дебёсский,муниципальный округ,с Дебёсы,Удмуртская Республика,57.652351,53.806393
430,Завьяловский,муниципальный округ,с Завьялово,Удмуртская Республика,56.784662,53.3776005
431,Игринский,муниципальный округ,п Игра,Удмуртская Республика,57.5391501,53.0808519
432,Камбарский,муниципальный округ,г Камбарка,Удмуртская Республика,56.2652515,54.1945613
433,Каракулинский,муниципальный округ,с Каракулино,Удмуртская Республика,56.0105232,53.705165
434,Кезский,муниципальный округ,п Кез,Удмуртская Республика,57.8965573,53.7140134
435,Кизнерский,муниципальный округ,п Кизнер,Удмуртская Республика,56.2850255,51.5192626
436,Киясовский,муниципальный округ,с Киясово,Удмуртская Республика,56.3438804,53.1247526
437,Красногорский,муниципальный округ,с Красногорское,Удмуртская Республика,57.703725,52.501841
438,Малопургинский,муниципальный округ,с Малая Пурга,Удмуртская Республика,56.5495455,53.0055085
439,Можгинский,муниципальный округ,г Можга,Удмуртская Республика,56.44903635,52.21859474400328
440,Сарапульский,муниципальный округ,с Сигаево,Удмуртская Республика,56.4216058,53.7753696
441,Селтинский,муниципальный округ,с Селты,Удмуртская Республика,57.3094964,52.1381468
442,Сюмсинский,муниципальный округ,с Сюмси,Удмуртская Республика,57.1081378,51.6147316
443,Увинский,муниципальный округ,п Ува,Удмуртская Республика,56.9826616,52.1884394
444,Шарканский,муниципальный округ,с Шаркан,Удмуртская Республика,57.295315,53.869011
445,Юкаменский,муниципальный округ,с Юкаменское,Удмуртская Республика,57.8865761,52.2473098
446,Якшур-Бодьинский,муниципальный округ,с Якшур-Бодья,Удмуртская Республика,57.1842484,53.1544847
447,Ярский,муниципальный округ,п Яр,Удмуртская Республика,58.2442424,52.1079326
448,Абакан,городской округ,г Абакан,Республика Хакасия,53.72068,91.4406019
449,Абаза,городской округ,г Абаза,Республика Хакасия,52.6510546,90.101159
450,Саяногорск,городской округ,г Саяногорск,Республика Хакасия,53.0899015,91.4128377
451,Сорск,городской округ,г Сорск,Республика Хакасия,54.0016092,90.2525861
452,Черногорск,городской округ,г Черногорск,Республика Хакасия,53.828236,91.31321
453,Алтайский,муниципальный район,с Белый Яр,Республика Хакасия,53.596436,91.382362
455,Бейский,муниципальный район,с Бея,Республика Хакасия,53.046246,90.921989
456,Боградский,муниципальный район,с Боград,Республика Хакасия,54.21806,90.856026
457,Орджоникидзевский,муниципальный район,п Копьёво,Республика Хакасия,55.03561,89.847221
458,Таштыпский,муниципальный район,с Таштып,Республика Хакасия,52.7880649,89.59545799999998
459,Усть-Абаканский,муниципальный район,рп Усть-Абакан,Республика Хакасия,53.8326614,91.3938038
460,Ширинский,муниципальный район,с Шира,Республика Хакасия,54.48764,89.962891
461,Грозный,городской округ,г Грозный,Чеченская Республика,43.3197031,45.6934308
462,Аргун,городской округ,г Аргун,Чеченская Республика,43.2950455,45.8688918
466,Гудермесский,муниципальный район,г Гудермес,Чеченская Республика,43.35696145,46.10078636190259
469,Надтеречный,муниципальный район,с Знаменское,Чеченская Республика,43.677269,45.128799
474,Урус-Мартановский,муниципальный район,г Урус-Мартан,Чеченская Республика,43.133102,45.538425
478,Чебоксары,городской округ,г Чебоксары,Чувашская Республика,56.1307195,47.2449597
479,Алатырь,городской округ,г Алатырь,Чувашская Республика,54.84582955,46.5627484284573
480,Канаш,городской округ,г Канаш,Чувашская Республика,55.5148161,47.49863071889008
481,Новочебоксарск,городской округ,г Новочебоксарск,Чувашская Республика,56.1140023,47.4870341
482,Шумерля,городской округ,г Шумерля,Чувашская Республика,55.4985162,46.4186725
483,Алатырский,муниципальный округ,г Алатырь,Чувашская Республика,54.84582955,46.5627484284573
484,Аликовский,муниципальный округ,с Аликово,Чувашская Республика,55.7393757,46.7465335
485,Батыревский,муниципальный округ,с Батырево,Чувашская Республика,55.0681559,47.6042007
486,Вурнарский,муниципальный округ,пгт Вурнары,Чувашская Республика,55.4917095,46.9529003
487,Ибресинский,муниципальный округ,пгт Ибреси,Чувашская Республика,55.3043004,47.0389112
489,Козловский,муниципальный округ,г Козловка,Чувашская Республика,55.8414764,48.2484231
490,Комсомольский,муниципальный округ,с Комсомольское,Чувашская Республика,55.2622657,47.5455999
491,Красноармейский,муниципальный округ,с Красноармейское,Чувашская Республика,55.7679252,47.1684942
492,Красночетайский,муниципальный округ,с Красные Четаи,Чувашская Республика,55.6988225,46.1593707
493,Мариинско-Посадский,муниципальный округ,г Мариинский Посад,Чувашская Республика,56.1178077,47.7220654
494,Моргаушский,муниципальный округ,с Моргауши,Чувашская Республика,55.9642116,46.7687775
495,Порецкий,муниципальный округ,с Порецкое,Чувашская Республика,55.1989448,46.3261836
496,Урмарский,муниципальный округ,пгт Урмары,Чувашская Республика,55.6802934,47.9446913
497,Цивильский,муниципальный округ,г Цивильск,Чувашская Республика,55.8661072,47.473703
498,Чебоксарский,муниципальный округ,пгт Кугеси,Чувашская Республика,56.0315502,47.2987956
499,Шемуршинский,муниципальный округ,с Шемурша,Чувашская Республика,54.8854761,47.51651
500,Шумерлинский,муниципальный округ,г Шумерля,Чувашская Республика,55.4985162,46.4186725
501,Ядринский,муниципальный округ,г Ядрин,Чувашская Республика,55.9407976,46.2006586
502,Яльчикский,муниципальный округ,с Яльчики,Чувашская Республика,55.1628658,48.003334
503,Янтиковский,муниципальный округ,с Янтиково,Чувашская Республика,55.5163733,47.7805881
504,Барнаул,городской округ,г Барнаул,Алтайский край,53.3475493,83.7788448
505,Алейск,городской округ,г Алейск,Алтайский край,52.4970352,82.7732311
506,Белокуриха,городской округ,г Белокуриха,Алтайский край,51.9994856,84.98608609999998
507,Бийск,городской округ,г Бийск,Алтайский край,52.5394905,85.21486729999998
508,Заринск,городской округ,г Заринск,Алтайский край,53.707915,84.93486059999998
509,Новоалтайск,городской округ,г Новоалтайск,Алтайский край,53.393341,83.939407
510,Рубцовск,городской округ,г Рубцовск,Алтайский край,51.5276264,81.21761739999998
511,Славгород,муниципальный округ,г Славгород,Алтайский край,52.9968921,78.64850409999998
512,Яровое,городской округ,г Яровое,Алтайский край,52.919704,78.563568
514,Алейский,муниципальный район,г Алейск,Алтайский край,52.4970352,82.7732311
515,Алтайский,муниципальный район,с Алтайское,Алтайский край,51.945145,85.336746
516,Баевский,муниципальный район,с Баево,Алтайский край,53.2685571,80.77923
517,Бийский,муниципальный район,г Бийск,Алтайский край,52.5394905,85.21486729999998
518,Благовещенский,муниципальный район,рп Благовещенка,Алтайский край,52.830602,79.8705683
519,Бурлинский,муниципальный район,с Бурла,Алтайский край,53.3364288,78.33068419999998
520,Быстроистокский,муниципальный район,с Быстрый Исток,Алтайский край,52.3742191,84.3931658
521,Волчихинский,муниципальный район,с Волчиха,Алтайский край,52.0173355,80.3650849
522,Егорьевский,муниципальный район,с Новоегорьевское,Алтайский край,51.75893,80.892517
523,Ельцовский,муниципальный район,с Ельцовка,Алтайский край,53.2819421,86.20449189999998
524,Завьяловский,муниципальный район,с Завьялово,Алтайский край,52.8386675,80.91978
525,Залесовский,муниципальный округ,с Залесово,Алтайский край,53.9933512,84.7466139
526,Заринский,муниципальный район,г Заринск,Алтайский край,53.707915,84.93486059999998
527,Змеиногорский,муниципальный район,г Змеиногорск,Алтайский край,51.1544658,82.19799279999998
528,Калманский,муниципальный район,с Калманка,Алтайский край,52.8982394,83.5438135
529,Каменский,муниципальный район,г Камень-на-Оби,Алтайский край,53.79023085,81.31597534099072
530,Ключевский,муниципальный район,с Ключи,Алтайский край,52.2530605,79.1678164
531,Косихинский,муниципальный район,с Косиха,Алтайский край,53.3619517,84.5795068
532,Красногорский,муниципальный район,с Красногорское,Алтайский край,52.296341,86.195274
533,Краснощёковский,муниципальный район,с Краснощёково,Алтайский край,51.669357,82.730652
534,Крутихинский,муниципальный район,с Крутиха,Алтайский край,53.9619568,81.2143794
535,Кулундинский,муниципальный район,с Кулунда,Алтайский край,52.566559,78.93544799999998
536,Курьинский,муниципальный район,с Курья,Алтайский край,51.6002902,82.2887814
537,Кытмановский,муниципальный район,с Кытманово,Алтайский край,53.4636969,85.4502753
538,Локтевский,муниципальный район,г Горняк,Алтайский край,51.0004641,81.4638583
539,Мамонтовский,муниципальный район,с Мамонтово,Алтайский край,52.7067003,81.6312908
540,Михайловский,муниципальный район,с Михайловское,Алтайский край,51.8212486,79.71931759999998
541,Новичихинский,муниципальный район,с Новичиха,Алтайский край,52.2103282,81.3940414
542,Зональный,муниципальный район,с Зональное,Алтайский край,52.6639985,84.9347359
543,Павловский,муниципальный район,с Павловск,Алтайский край,53.3133356,82.98991189999998
544,Панкрушихинский,муниципальный район,с Панкрушиха,Алтайский край,53.83286,80.3443
545,Первомайский,муниципальный район,г Новоалтайск,Алтайский край,53.393341,83.939407
546,Петропавловский,муниципальный район,с Петропавловское,Алтайский край,52.069763,84.10811599999998
547,Поспелихинский,муниципальный район,с Поспелиха,Алтайский край,51.9707861,81.7339244
548,Ребрихинский,муниципальный район,с Ребриха,Алтайский край,53.0752803,82.338217
549,Родинский,муниципальный район,с Родино,Алтайский край,52.496135,80.2104298
550,Романовский,муниципальный район,с Романово,Алтайский край,52.6187229,81.226359
552,Смоленский,муниципальный район,с Смоленское,Алтайский край,52.305302,85.079384
553,Суетский,муниципальный округ,с Верх-Суетка,Алтайский край,53.3027185,80.0450874
554,Советский,муниципальный район,с Советское,Алтайский край,52.282604,85.409721
555,Солонешенский,муниципальный район,с Солонешное,Алтайский край,51.655628,84.318352
556,Солтонский,муниципальный район,с Солтон,Алтайский край,52.8365518,86.4756389
557,Шелаболихинский,муниципальный район,с Шелаболиха,Алтайский край,53.4174823,82.59719939999998
558,Табунский,муниципальный район,с Табуны,Алтайский край,52.7747185,78.7904097
559,Тальменский,муниципальный район,рп Тальменка,Алтайский край,53.8176306,83.562011
560,Тогульский,муниципальный район,с Тогул,Алтайский край,53.4658177,85.9136273
561,Топчихинский,муниципальный район,с Топчиха,Алтайский край,52.8175669,83.11534299999998
562,Третьяковский,муниципальный район,с Староалейское,Алтайский край,51.006229,81.99964099999998
563,Троицкий,муниципальный район,с Троицкое,Алтайский край,52.981388,84.677628
564,Тюменцевский,муниципальный район,с Тюменцево,Алтайский край,53.3189514,81.4979587
565,Угловский,муниципальный район,с Угловское,Алтайский край,51.3608091,80.18838649999998
566,Усть-Калманский,муниципальный район,с Усть-Калманка,Алтайский край,52.1171375,83.3047794
567,Усть-Пристанский,муниципальный район,с Усть-Чарышская Пристань,Алтайский край,52.3912939,83.668251
568,Хабарский,муниципальный район,с Хабары,Алтайский край,53.6236801,79.54047769999998
569,Целинный,муниципальный район,с Целинное,Алтайский край,53.0806917,85.6647246
570,Чарышский,муниципальный округ,с Чарышское,Алтайский край,51.4008481,83.556989
571,Шипуновский,муниципальный район,с Шипуново,Алтайский край,52.218868,82.261627
572,Немецкий,муниципальный район,с Гальбштадт,Алтайский край,53.2265802,78.98658829999998
573,Чита,городской округ,г Чита,Забайкальский край,52.033409,113.500893
574,Петровск-Забайкальский,городской округ,г Петровск-Забайкальский,Забайкальский край,51.28062685,108.8386403192038
576,Акшинский,муниципальный район,с Акша,Забайкальский край,50.280815,113.285149
577,Александрово-Заводский,муниципальный район,с Александровский Завод,Забайкальский край,50.923641,117.934097
578,Балейский,муниципальный район,г Балей,Забайкальский край,51.578789,116.646042
579,Борзинский,муниципальный район,г Борзя,Забайкальский край,50.3851808,116.5330685
580,Газимуро-Заводский,муниципальный округ,с Газимурский Завод,Забайкальский край,51.5511167,118.3349104
581,Забайкальский,муниципальный район,пгт Забайкальск,Забайкальский край,49.644653,117.329025
582,Каларский,муниципальный округ,пгт Новая Чара,Забайкальский край,56.797935,118.2732323
583,Калганский,муниципальный округ,с Калга,Забайкальский край,50.92355,118.899208
584,Карымский,муниципальный район,пгт Карымское,Забайкальский край,51.623402,114.34063
585,Краснокаменск и Краснокаменский,муниципальный район,г Краснокаменск,Забайкальский край,50.096992,118.041344
586,Красночикойский,муниципальный район,с Красный Чикой,Забайкальский край,50.364742,108.75798
587,Кыринский,муниципальный район,с Кыра,Забайкальский край,49.578625,111.971039
588,Могочинский,муниципальный округ,г Могоча,Забайкальский край,53.7362642,119.7624853
589,Нерчинский,муниципальный район,г Нерчинск,Забайкальский край,51.97694,116.588341
590,Нерчинско-Заводский,муниципальный район,с Нерчинский Завод,Забайкальский край,51.30904,119.616234
591,Оловяннинский,муниципальный район,пгт Оловянная,Забайкальский край,50.943687,115.586937
592,Ононский,муниципальный округ,с Нижний Цасучей,Забайкальский край,50.510593,115.118385
593,Петровск-Забайкальский,муниципальный район,г Петровск-Забайкальский,Забайкальский край,51.28062685,108.8386403192038
594,Приаргунский,муниципальный округ,пгт Приаргунск,Забайкальский край,50.365902,119.090134
595,Сретенский,муниципальный район,г Сретенск,Забайкальский край,52.243191,117.695541
597,Тунгокоченский,муниципальный район,с Верх-Усугли,Забайкальский край,52.690086,115.188309
598,Улётовский,муниципальный район,с Улёты,Забайкальский край,51.35854,112.485115
599,Хилокский,муниципальный район,г Хилок,Забайкальский край,51.3628436,110.4579749
600,Чернышевский,муниципальный район,пгт Чернышевск,Забайкальский край,52.514069,117.01371
601,Читинский,муниципальный район,г Чита,Забайкальский край,52.033409,113.500893
602,Шелопугинский,муниципальный район,с Шелопугино,Забайкальский край,51.649864,117.564728
603,Шилкинский,муниципальный район,г Шилка,Забайкальский край,51.851639,116.025894
604,Агинское,городской округ,пгт Агинское,Забайкальский край,51.1057609,114.5408006
605,Агинский,муниципальный район,пгт Агинское,Забайкальский край,51.1057609,114.5408006
606,Дульдургинский,муниципальный район,с Дульдурга,Забайкальский край,50.7391314,113.3924757
607,Могойтуйский,муниципальный район,пгт Могойтуй,Забайкальский край,51.2831177,114.9299468
608,Петропавловск-Камчатский,городской округ,г Петропавловск-Камчатский,Камчатский край,53.0199838,158.6471356
611,Быстринский,муниципальный район,с Эссо,Камчатский край,55.9282472,158.7043579
612,Елизовский,муниципальный район,г Елизово,Камчатский край,53.1864972,158.3836712
613,Мильковский,муниципальный округ,с Мильково,Камчатский край,54.690411,158.609879
614,Соболевский,муниципальный район,с Соболево,Камчатский край,54.2976842,155.9424213
615,Усть-Большерецкий,муниципальный район,с Усть-Большерецк,Камчатский край,52.8250585,156.2804925
616,Усть-Камчатский,муниципальный район,п Усть-Камчатск,Камчатский край,56.2400377,162.5369568
618,Карагинский,муниципальный район,п Оссора,Камчатский край,59.247414,163.069931
619,Олюторский,муниципальный район,с Тиличики,Камчатский край,60.429134,166.057053
620,Пенжинский,муниципальный район,с Каменское,Камчатский край,62.4686,166.2046
621,Тигильский,муниципальный район,с Тигиль,Камчатский край,57.650604,158.8234989
666,Красноярск,городской округ,г Красноярск,Красноярский край,56.0091173,92.872586
667,Ачинск,городской округ,г Ачинск,Красноярский край,56.2694846,90.4953964
668,Боготол,городской округ,г Боготол,Красноярский край,56.211464,89.531639
669,Бородино,городской округ,г Бородино,Красноярский край,55.9,94.89365
670,Дивногорск,городской округ,г Дивногорск,Красноярский край,55.959644,92.37542
671,Енисейск,городской округ,г Енисейск,Красноярский край,58.4532212,92.1748169
674,Канск,городской округ,г Канск,Красноярский край,56.205997,95.706787
675,Лесосибирск,городской округ,г Лесосибирск,Красноярский край,58.2165271,92.5078354
676,Минусинск,городской округ,г Минусинск,Красноярский край,53.6862056,91.6567752
677,Назарово,городской округ,г Назарово,Красноярский край,56.011593,90.418503
678,Норильск,городской округ,г Норильск,Красноярский край,69.3444054,88.20961509999998
679,Сосновоборск,городской округ,г Сосновоборск,Красноярский край,56.121494,93.33873
680,Шарыпово,городской округ,г Шарыпово,Красноярский край,55.5329127,89.1864204
681,Кедровый,городской округ,п Кедровый,Красноярский край,56.23724,92.323425
683,Абанский,муниципальный район,п Абан,Красноярский край,56.67667,96.067764
685,Балахтинский,муниципальный район,рп Балахта,Красноярский край,55.383221,91.615273
686,Березовский,муниципальный район,рп Березовка,Красноярский край,56.038422,93.133194
687,Бирилюсский,муниципальный район,с Новобирилюссы,Красноярский край,56.95171,90.68580600000001
688,Боготольский,муниципальный район,г Боготол,Красноярский край,56.211464,89.531639
689,Богучанский,муниципальный район,с Богучаны,Красноярский край,58.382816,97.461578
690,Большемуртинский,муниципальный район,рп Большая Мурта,Красноярский край,56.909847,93.138016
691,Большеулуйский,муниципальный район,с Большой Улуй,Красноярский край,56.656811,90.57975
692,Дзержинский,муниципальный район,с Дзержинское,Красноярский край,56.838005,95.22139
693,Емельяновский,муниципальный район,рп Емельяново,Красноярский край,56.167255,92.688454
694,Енисейский,муниципальный район,г Енисейск,Красноярский край,58.4532212,92.1748169
695,Ермаковский,муниципальный район,с Ермаковское,Красноярский край,53.278046,92.396088
696,Идринский,муниципальный район,с Идринское,Красноярский край,54.370876,92.133156
697,Иланский,муниципальный район,г Иланский,Красноярский край,56.23806,96.06694
698,Ирбейский,муниципальный район,с Ирбейское,Красноярский край,55.644501,95.456528
699,Казачинский,муниципальный район,с Казачинское,Красноярский край,57.694408,93.281029
700,Канский,муниципальный район,г Канск,Красноярский край,56.205997,95.706787
701,Каратузский,муниципальный район,с Каратузское,Красноярский край,53.600666,92.868996
702,Кежемский,муниципальный район,г Кодинск,Красноярский край,58.6027015,99.1887515
703,Козульский,муниципальный район,рп Козулька,Красноярский край,56.165138,91.391975
704,Краснотуранский,муниципальный район,с Краснотуранск,Красноярский край,54.316296,91.56782500000001
705,Курагинский,муниципальный район,рп Курагино,Красноярский край,53.888092,92.680222
706,Манский,муниципальный район,с Шалинское,Красноярский край,55.719715,93.764816
708,Мотыгинский,муниципальный район,рп Мотыгино,Красноярский край,58.184208,94.694298
709,Назаровский,муниципальный район,г Назарово,Красноярский край,56.011593,90.418503
710,Нижнеингашский,муниципальный район,рп Нижний Ингаш,Красноярский край,56.203602,96.544518
711,Новоселовский,муниципальный район,с Новоселово,Красноярский край,55.005177,90.967201
712,Партизанский,муниципальный район,с Партизанское,Красноярский край,55.499271,94.393066
713,Пировский,муниципальный округ,с Пировское,Красноярский край,57.624046,92.272644
714,Рыбинский,муниципальный район,г Заозерный,Красноярский край,55.965401,94.708107
715,Саянский,муниципальный район,с Агинское,Красноярский край,55.258972,94.906372
716,Северо-Енисейский,муниципальный район,рп Северо-Енисейский,Красноярский край,60.374702,93.032997
717,Сухобузимский,муниципальный район,с Сухобузимское,Красноярский край,56.499875,93.2785676
718,Таймырский Долгано-Ненецкий,муниципальный район,г Дудинка,Красноярский край,69.4038179,86.17219
719,Тасеевский,муниципальный район,с Тасеево,Красноярский край,57.216042,94.898598
720,Туруханский,муниципальный район,с Туруханск,Красноярский край,65.7934285,87.9589375
721,Тюхтетский,муниципальный округ,с Тюхтет,Красноярский край,56.539837,89.311485
722,Ужурский,муниципальный район,г Ужур,Красноярский край,55.3197221,89.84241969999998
723,Уярский,муниципальный район,г Уяр,Красноярский край,55.809986,94.327774
724,Шарыповский,муниципальный округ,г Шарыпово,Красноярский край,55.5329127,89.1864204
725,Шушенский,муниципальный район,рп Шушенское,Красноярский край,53.32782,91.945374
726,Эвенкийский,муниципальный район,п Тура,Красноярский край,64.2741955,100.2169635
727,Пермский,городской округ,г Пермь,Пермский край,58.014965,56.246723
731,Лысьвенский,городской округ,г Лысьва,Пермский край,58.105056,57.8028461
734,Александровский,муниципальный округ,г Александровск,Пермский край,59.1593861,57.5861232
735,Бардымский,муниципальный округ,с Барда,Пермский край,56.930187,55.586967
736,Березовский,муниципальный округ,с Березовка,Пермский край,57.6026326,57.333067
737,Большесосновский,муниципальный округ,с Большая Соснова,Пермский край,57.671268,54.602867
738,Верещагинский,городской округ,г Верещагино,Пермский край,58.072099,54.6674784
739,Горнозаводский,городской округ,г Горнозаводск,Пермский край,58.374001,58.325058
741,Добрянский,городской округ,г Добрянка,Пермский край,58.4624764,56.4007589
742,Еловский,муниципальный округ,с Елово,Пермский край,57.04635035,54.923459718185995
743,Ильинский,городской округ,п Ильинский,Пермский край,58.56762465,55.694509700077354
744,Карагайский,муниципальный округ,с Карагай,Пермский край,58.265579,54.927208
745,Кизел,городской округ,г Кизел,Пермский край,59.049252,57.6535
746,Кишертский,муниципальный округ,с Усть-Кишерть,Пермский край,57.3599717,57.2471775
747,Красновишерский,городской округ,г Красновишерск,Пермский край,60.4017837,57.0767045
748,Краснокамский,городской округ,г Краснокамск,Пермский край,58.0812613,55.7586943
749,Куединский,муниципальный округ,п Куеда,Пермский край,56.433506,55.590763
751,Нытвенский,городской округ,г Нытва,Пермский край,57.943423,55.3316349
752,Октябрьский,городской округ,рп Октябрьский,Пермский край,56.5143078,57.2035567
753,Ординский,муниципальный округ,с Орда,Пермский край,57.195328450000005,56.90325538019961
754,Осинский,городской округ,г Оса,Пермский край,57.2829207,55.4602059
755,Оханский,городской округ,г Оханск,Пермский край,57.721785,55.3859893
756,Очерский,городской округ,г Очер,Пермский край,57.8836175,54.715823
757,Пермский,муниципальный округ,г Пермь,Пермский край,58.014965,56.246723
758,Сивинский,муниципальный округ,с Сива,Пермский край,58.4277655,54.205753
760,Суксунский,городской округ,рп Суксун,Пермский край,57.1463922,57.3951339
761,Уинский,муниципальный округ,с Уинское,Пермский край,56.87829735,56.568374373782206
763,Чайковский,городской округ,г Чайковский,Пермский край,56.7787468,54.1500704
764,Частинский,муниципальный округ,с Частые,Пермский край,57.292951599999995,54.964259689477274
765,Чердынский,городской округ,г Чердынь,Пермский край,60.4046807,56.4752752
766,Чернушинский,городской округ,г Чернушка,Пермский край,56.5152817,56.0765041
767,Чусовской,городской округ,г Чусовой,Пермский край,58.282055,57.821075
769,Гайнский,муниципальный округ,п Гайны,Пермский край,60.304131,54.327332
770,Косинский,муниципальный округ,с Коса,Пермский край,59.944386,54.989826
771,Кочевский,муниципальный округ,с Кочево,Пермский край,59.60936735,54.326390437814446
773,Юрлинский,муниципальный округ,с Юрла,Пермский край,59.3286875,54.3246555
774,Юсьвинский,муниципальный округ,с Юсьва,Пермский край,58.964665,54.9605745
775,Владивостокский,городской округ,г Владивосток,Приморский край,43.1150678,131.8855768
776,Арсеньевский,городской округ,г Арсеньев,Приморский край,44.1644451,133.2704255
777,Артемовский,городской округ,г Артем,Приморский край,43.3570377,132.1853629
778,Большой Камень,городской округ,г Большой Камень,Приморский край,43.1121194,132.3509104
779,Дальнегорский,городской округ,г Дальнегорск,Приморский край,44.559457,135.5759241
780,Дальнереченский,городской округ,г Дальнереченск,Приморский край,45.9337195,133.7349056
781,Лесозаводский,городской округ,г Лесозаводск,Приморский край,45.4653394,133.4047457
782,Находкинский,городской округ,г Находка,Приморский край,42.8246489,132.8926
783,Партизанский,городской округ,г Партизанск,Приморский край,43.1406647,133.1433137
784,Спасск-Дальний,городской округ,г Спасск-Дальний,Приморский край,44.5980135,132.815701
785,Уссурийский,городской округ,г Уссурийск,Приморский край,43.7972447,131.9520752
787,Анучинский,муниципальный округ,с Анучино,Приморский край,43.9656156,133.0606584
788,Дальнереченский,муниципальный район,г Дальнереченск,Приморский край,45.9337195,133.7349056
789,Кавалеровский,муниципальный округ,пгт Кавалерово,Приморский край,44.2673637,135.0554977
790,Кировский,муниципальный район,пгт Кировский,Приморский край,45.0897627,133.5062027
791,Красноармейский,муниципальный округ,с Новопокровка,Приморский край,45.8518226,134.5005526
792,Лазовский,муниципальный округ,с Лазо,Приморский край,43.384794,133.9054043
793,Михайловский,муниципальный район,с Михайловка,Приморский край,43.9370245,132.0033145
794,Надеждинский,муниципальный район,с Вольно-Надеждинское,Приморский край,43.3709905,131.9933355
795,Октябрьский,муниципальный округ,с Покровка,Приморский край,43.9524657,131.6329635
796,Ольгинский,муниципальный округ,пгт Ольга,Приморский край,43.7461009,135.2901676
797,Партизанский,муниципальный округ,с Владимиро-Александровское,Приморский край,42.8922366,133.0782462
798,Пограничный,муниципальный округ,пгт Пограничный,Приморский край,44.4031151,131.382506
799,Пожарский,муниципальный округ,пгт Лучегорск,Приморский край,46.4443195,134.3006729
800,Спасский,муниципальный район,г Спасск-Дальний,Приморский край,44.5980135,132.815701
801,Тернейский,муниципальный округ,пгт Терней,Приморский край,45.0504046,136.6137293
802,Ханкайский,муниципальный округ,с Камень-Рыболов,Приморский край,44.7421984,132.0467903
803,Хасанский,муниципальный округ,пгт Славянка,Приморский край,42.8606833,131.3924115
804,Хорольский,муниципальный округ,с Хороль,Приморский край,44.4252585,132.0816616
805,Черниговский,муниципальный округ,с Черниговка,Приморский край,44.3591368,132.4941354
806,Чугуевский,муниципальный округ,с Чугуевка,Приморский край,44.1686667,133.8729678
807,Шкотовский,муниципальный округ,пгт Смоляниново,Приморский край,43.2874945,132.4563758
808,Яковлевский,муниципальный округ,с Яковлевка,Приморский край,44.4262999,133.4742211
809,Ставрополь,городской округ,г Ставрополь,Ставропольский край,45.0433245,41.9690934
810,Благодарненский,муниципальный округ,г Благодарный,Ставропольский край,45.1006298,43.4372187
811,Георгиевский,муниципальный округ,г Георгиевск,Ставропольский край,44.1478944,43.4741718
812,Ессентуки,городской округ,г Ессентуки,Ставропольский край,44.0470042,42.8576575
813,Железноводск,городской округ,г Железноводск,Ставропольский край,44.1424034,43.0090751
814,Изобильненский,муниципальный округ,г Изобильный,Ставропольский край,45.3740796,41.7121154
815,Ипатовский,муниципальный округ,г Ипатово,Ставропольский край,45.719723,42.916286
817,Кировский,муниципальный округ,г Новопавловск,Ставропольский край,43.961891,43.6311
818,Лермонтов,городской округ,г Лермонтов,Ставропольский край,44.1050468,42.9731466
819,Минераловодский,муниципальный округ,г Минеральные Воды,Ставропольский край,44.2107377,43.134969
820,Невинномысск,городской округ,г Невинномысск,Ставропольский край,44.6245814,41.9475941
821,Нефтекумский,муниципальный округ,г Нефтекумск,Ставропольский край,44.752205,44.985077
822,Новоалександровский,муниципальный округ,г Новоалександровск,Ставропольский край,45.4952532,41.2198866
823,Петровский,муниципальный округ,г Светлоград,Ставропольский край,45.3406133,42.8459286
824,Пятигорск,городской округ,г Пятигорск,Ставропольский край,44.039775,43.0706669
825,Советский,муниципальный округ,г Зеленокумск,Ставропольский край,44.403175,43.884163
826,Александровский,муниципальный округ,с Александровское,Ставропольский край,44.7124773,43.0005
827,Андроповский,муниципальный округ,с Курсавка,Ставропольский край,44.4616429,42.5082311
828,Апанасенковский,муниципальный округ,с Дивное,Ставропольский край,45.910305,43.341801
829,Арзгирский,муниципальный округ,с Арзгир,Ставропольский край,45.369194,44.212685
830,Будённовский,муниципальный округ,г Будённовск,Ставропольский край,44.780533,44.163357
831,Грачёвский,муниципальный округ,с Грачёвка,Ставропольский край,45.2028215,42.3990568
832,Кочубеевский,муниципальный округ,с Кочубеевское,Ставропольский край,44.6867318,41.825956
833,Красногвардейский,муниципальный округ,с Красногвардейское,Ставропольский край,45.840508,41.514591
834,Курский,муниципальный округ,ст-ца Курская,Ставропольский край,44.0431414,44.4625266
835,Левокумский,муниципальный округ,с Левокумское,Ставропольский край,44.822536,44.660427
836,Новоселицкий,муниципальный округ,с Новоселицкое,Ставропольский край,44.7564658,43.434083
838,Степновский,муниципальный округ,с Степное,Ставропольский край,44.2688631,44.5944095
839,Труновский,муниципальный округ,с Донское,Ставропольский край,45.4548156,41.9756382
840,Туркменский,муниципальный округ,с Летняя Ставка,Ставропольский край,45.426357,43.44257
841,Шпаковский,муниципальный округ,г Михайловск,Ставропольский край,45.1324913,42.0263304
842,Хабаровск,городской округ,г Хабаровск,Хабаровский край,48.4812568,135.0762968
843,Комсомольск-на-Амуре,городской округ,г Комсомольск-на-Амуре,Хабаровский край,50.5497277,137.0099189
844,Амурский,муниципальный район,г Амурск,Хабаровский край,50.2265588,136.9100919
846,Бикинский,муниципальный район,г Бикин,Хабаровский край,46.819363,134.254822
847,Ванинский,муниципальный район,рп Ванино,Хабаровский край,49.090481,140.260864
848,Верхнебуреинский,муниципальный район,рп Чегдомын,Хабаровский край,51.134487,133.035553
849,Вяземский,муниципальный район,г Вяземский,Хабаровский край,47.533455,134.757874
850,Комсомольский,муниципальный район,г Комсомольск-на-Амуре,Хабаровский край,50.5497277,137.0099189
851,Лазо,муниципальный район,рп Переяславка,Хабаровский край,47.968636,135.054947
852,Нанайский,муниципальный район,с Троицкое,Хабаровский край,49.4412636,136.5486873372029
853,Николаевский,муниципальный район,г Николаевск-на-Амуре,Хабаровский край,53.138729,140.72493
854,Охотский,муниципальный округ,рп Охотск,Хабаровский край,59.3619947,143.2146511
855,Полины Осипенко,муниципальный район,с им Полины Осипенко,Хабаровский край,52.422848,136.48938
856,Советско-Гаванский,муниципальный район,г Советская Гавань,Хабаровский край,48.9663026,140.284958
857,Солнечный,муниципальный район,рп Солнечный,Хабаровский край,50.723808,136.64006
858,Тугуро-Чумиканский,муниципальный район,с Чумикан,Хабаровский край,54.6961817,135.2824292
859,Ульчский,муниципальный район,с Богородское,Хабаровский край,52.3825564,140.4500273781285
860,Хабаровский,муниципальный район,г Хабаровск,Хабаровский край,48.4812568,135.0762968
862,Белогорск,городской округ,г Белогорск,Амурская область,50.921326,128.47287
863,Зея,городской округ,г Зея,Амурская область,53.7403584,127.2716246
864,Райчихинск,городской округ,г Райчихинск,Амурская область,49.796788,129.4030842
865,Свободный,городской округ,г Свободный,Амурская область,51.377354,128.13475
866,Тында,городской округ,г Тында,Амурская область,55.149694,124.7375884
867,Шимановск,городской округ,г Шимановск,Амурская область,51.9987022,127.6719156
868,Прогресс,городской округ,рп (пгт) Прогресс,Амурская область,49.7428748,129.6753189
870,Архаринский,муниципальный округ,рп (пгт) Архара,Амурская область,49.4224283,130.0858308
871,Белогорский,муниципальный округ,г Белогорск,Амурская область,50.921326,128.47287
872,Благовещенский,муниципальный округ,г Благовещенск,Амурская область,50.2600417,127.5337378
873,Бурейский,муниципальный округ,рп (пгт) Новобурейский,Амурская область,49.7939604,129.8734105
874,Завитинский,муниципальный округ,г Завитинск,Амурская область,50.111154,129.4402341
875,Зейский,муниципальный округ,г Зея,Амурская область,53.7403584,127.2716246
876,Ивановский,муниципальный округ,с Ивановка,Амурская область,50.358143,128.003128
877,Константиновский,муниципальный район,с Константиновка,Амурская область,49.6180004,127.9852534
878,Магдагачинский,муниципальный район,рп (пгт) Магдагачи,Амурская область,53.4509086,125.8035421
879,Мазановский,муниципальный район,с Новокиевский Увал,Амурская область,51.6624387,128.920503
880,Михайловский,муниципальный район,с Поярково,Амурская область,49.621155,128.65097
881,Октябрьский,муниципальный район,с Екатеринославка,Амурская область,50.371284,129.107193
882,Ромненский,муниципальный округ,с Ромны,Амурская область,50.718391,129.290924
883,Свободненский,муниципальный район,г Свободный,Амурская область,51.377354,128.13475
884,Селемджинский,муниципальный район,рп (пгт) Экимчан,Амурская область,53.068481,132.940369
885,Серышевский,муниципальный округ,рп (пгт) Серышево,Амурская область,51.091206,128.38092
886,Сковородинский,муниципальный округ,г Сковородино,Амурская область,53.9862567,123.9373454
887,Тамбовский,муниципальный округ,с Тамбовка,Амурская область,50.098019,128.069885
888,Тындинский,муниципальный округ,г Тында,Амурская область,55.149694,124.7375884
889,Шимановский,муниципальный округ,г Шимановск,Амурская область,51.9987022,127.6719156
890,Архангельск,городской округ,г Архангельск,Архангельская область,64.543022,40.537121
891,Коряжма,городской округ,г Коряжма,Архангельская область,61.3152522,47.1607291
892,Котлас,городской округ,г Котлас,Архангельская область,61.252151,46.647629
895,Новодвинск,городской округ,г Новодвинск,Архангельская область,64.419212,40.793793
896,Северодвинск,городской округ,г Северодвинск,Архангельская область,64.563385,39.823769
897,Вельский,муниципальный район,г Вельск,Архангельская область,61.0756446,42.0979582
898,Верхнетоемский,муниципальный округ,с Верхняя Тойма,Архангельская область,62.2353641,45.0007897
899,Вилегодский,муниципальный округ,с Ильинско-Подомское,Архангельская область,61.115704,47.97831
900,Виноградовский,муниципальный округ,п Березник,Архангельская область,62.855541,42.710133
901,Каргопольский,муниципальный округ,г Каргополь,Архангельская область,61.509121,38.940796
902,Коношский,муниципальный район,рп Коноша,Архангельская область,60.973812,40.25671
903,Котласский,муниципальный округ,г Котлас,Архангельская область,61.252151,46.647629
904,Красноборский,муниципальный округ,с Красноборск,Архангельская область,61.556374,45.934135
905,Ленский,муниципальный район,с Яренск,Архангельская область,62.172482,49.088966
907,Мезенский,муниципальный округ,г Мезень,Архангельская область,65.843956,44.244141
908,Няндомский,муниципальный округ,г Няндома,Архангельская область,61.6612985,40.1970404
909,Онежский,муниципальный район,г Онега,Архангельская область,63.911644,38.094822
910,Пинежский,муниципальный округ,с Карпогоры,Архангельская область,64.001808,44.442722
911,Плесецкий,муниципальный округ,рп Плесецк,Архангельская область,62.709524,40.2843885
912,Приморский,муниципальный округ,г Архангельск,Архангельская область,64.543022,40.537121
913,Устьянский,муниципальный округ,рп Октябрьский,Архангельская область,61.090485,43.171482
914,Холмогорский,муниципальный округ,с Холмогоры,Архангельская область,64.2270008,41.6512435
915,Шенкурский,муниципальный округ,г Шенкурск,Архангельская область,62.1059279,42.9076435
916,Нарьян-Мар,городской округ,г Нарьян-Мар,Ненецкий автономный округ,67.6380175,53.0071044
917,Заполярный,муниципальный район,рп Искателей,Ненецкий автономный округ,67.676239,53.129215
918,Астрахань,городской округ,г Астрахань,Астраханская область,46.3498308,48.0326203
920,Ахтубинский,муниципальный район,г Ахтубинск,Астраханская область,48.2848132,46.1643706
921,Володарский,муниципальный район,п Володарский,Астраханская область,46.398243,48.536438
922,Енотаевский,муниципальный район,с Енотаевка,Астраханская область,47.2443998,47.0354919
923,Икрянинский,муниципальный район,с Икряное,Астраханская область,46.0979213,47.7362688
924,Камызякский,муниципальный район,г Камызяк,Астраханская область,46.120527,48.0815617
925,Красноярский,муниципальный район,с Красный Яр,Астраханская область,46.5329449,48.3526951
926,Лиманский,муниципальный район,рп Лиман,Астраханская область,45.7835085,47.2255472
927,Наримановский,муниципальный район,г Нариманов,Астраханская область,46.6798783,47.86102647452168
928,Приволжский,муниципальный район,с Началово,Астраханская область,46.3387984,48.194564
929,Харабалинский,муниципальный район,г Харабали,Астраханская область,47.4083742,47.2538899
930,Черноярский,муниципальный район,с Черный Яр,Астраханская область,48.061531,46.113724
986,Владимир,городской округ,г Владимир,Владимирская область,56.1288899,40.4075203
987,Гусь-Хрустальный,городской округ,г Гусь-Хрустальный,Владимирская область,55.6149968,40.6708665
988,Ковров,городской округ,г Ковров,Владимирская область,56.374603,41.311676
989,Муром,городской округ,г Муром,Владимирская область,55.5738,42.0447
991,Александровский,муниципальный район,г Александров,Владимирская область,56.39211265,38.71124026724134
992,Вязниковский,муниципальный район,г Вязники,Владимирская область,56.2469403,42.1585948
993,Гороховецкий,муниципальный район,г Гороховец,Владимирская область,56.20657,42.679035
994,Гусь-Хрустальный,муниципальный район,г Гусь-Хрустальный,Владимирская область,55.6149968,40.6708665
995,Камешковский,муниципальный район,г Камешково,Владимирская область,56.3462575,40.997098
996,Киржачский,муниципальный район,г Киржач,Владимирская область,56.1592229,38.8721255
997,Ковровский,муниципальный район,г Ковров,Владимирская область,56.374603,41.311676
998,Кольчугинский,муниципальный район,г Кольчугино,Владимирская область,56.2939784,39.3759931
999,Меленковский,муниципальный район,г Меленки,Владимирская область,55.3368374,41.6314063
1001,Петушинский,муниципальный район,г Петушки,Владимирская область,55.92980185,39.4508310119064
1002,Селивановский,муниципальный район,п Красная Горбатка,Владимирская область,55.8651703,41.7662028
1003,Собинский,муниципальный район,г Собинка,Владимирская область,55.9903976,40.0150802
1004,Судогодский,муниципальный район,г Судогда,Владимирская область,55.95650075,40.87630713906415
1005,Суздальский,муниципальный район,г Суздаль,Владимирская область,56.4193908,40.4487893
1006,Юрьев-Польский,муниципальный район,г Юрьев-Польский,Владимирская область,56.4971948,39.67864
1007,Волгоград,городской округ,г Волгоград,Волгоградская область,48.6484138,44.3849755901299
1008,Волжский,городской округ,г Волжский,Волгоградская область,48.7862021,44.7519454
1009,Камышин,городской округ,г Камышин,Волгоградская область,50.0808422,45.4048003
1010,Михайловка,городской округ,г Михайловка,Волгоградская область,50.0797109,43.2342365
1011,Урюпинск,городской округ,г Урюпинск,Волгоградская область,50.7970972,42.0051866
1012,Фролово,городской округ,г Фролово,Волгоградская область,49.7645711,43.6539516
1013,Алексеевский,муниципальный район,ст-ца Алексеевская,Волгоградская область,50.2909025,42.1849358
1014,Быковский,муниципальный район,рп Быково,Волгоградская область,49.7665,45.3831
1015,Городищенский,муниципальный район,рп Городище,Волгоградская область,48.810127,44.476082
1016,Даниловский,муниципальный район,рп Даниловка,Волгоградская область,50.3519626,44.1205144
1017,Дубовский,муниципальный район,г Дубовка,Волгоградская область,49.06052,44.830776
1018,Еланский,муниципальный район,рп Елань,Волгоградская область,50.946434,43.743038
1019,Жирновский,муниципальный район,г Жирновск,Волгоградская область,50.978779,44.778908
1020,Иловлинский,муниципальный район,рп Иловля,Волгоградская область,49.306286,43.979027
1021,Калачевский,муниципальный район,г Калач-на-Дону,Волгоградская область,48.6818764,43.5379998
1022,Камышинский,муниципальный район,г Камышин,Волгоградская область,50.0808422,45.4048003
1023,Киквидзенский,муниципальный район,ст-ца Преображенская,Волгоградская область,50.741516,43.056446
1024,Клетский,муниципальный район,ст-ца Клетская,Волгоградская область,49.311558,43.059322
1025,Котельниковский,муниципальный район,г Котельниково,Волгоградская область,47.6332274,43.14109
1026,Котовский,муниципальный район,г Котово,Волгоградская область,50.322208,44.801643
1027,Кумылженский,муниципальный район,ст-ца Кумылженская,Волгоградская область,49.8800246,42.5912737
1028,Ленинский,муниципальный район,г Ленинск,Волгоградская область,48.7102843,45.20405224111999
1029,Нехаевский,муниципальный район,ст-ца Нехаевская,Волгоградская область,50.408291,41.752254
1030,Николаевский,муниципальный район,г Николаевск,Волгоградская область,50.028591250000005,45.46389913481958
1031,Новоаннинский,муниципальный район,г Новоаннинский,Волгоградская область,50.529675,42.667362
1032,Новониколаевский,муниципальный район,рп Новониколаевский,Волгоградская область,50.97493,42.366272
1033,Октябрьский,муниципальный район,рп Октябрьский,Волгоградская область,47.968594,43.653126
1034,Ольховский,муниципальный район,с Ольховка,Волгоградская область,49.852688,44.562557
1035,Палласовский,муниципальный район,г Палласовка,Волгоградская область,50.045298149999994,46.89316089497515
1036,Руднянский,муниципальный район,рп Рудня,Волгоградская область,50.796791,44.556606
1037,Светлоярский,муниципальный район,рп Светлый Яр,Волгоградская область,48.477432,44.785168
1038,Серафимовичский,муниципальный район,г Серафимович,Волгоградская область,49.580608,42.730164
1039,Среднеахтубинский,муниципальный район,рп Средняя Ахтуба,Волгоградская область,48.7128782,44.86866064696045
1040,Старополтавский,муниципальный район,с Старая Полтавка,Волгоградская область,50.475101,46.480801
1041,Суровикинский,муниципальный район,г Суровикино,Волгоградская область,48.605141,42.844147
1043,Фроловский,муниципальный район,г Фролово,Волгоградская область,49.7645711,43.6539516
1044,Чернышковский,муниципальный район,рп Чернышковский,Волгоградская область,48.422199,42.225616
1047,Бабаевский,муниципальный округ,г Бабаево,Вологодская область,59.3887129,35.9499951
1048,Бабушкинский,муниципальный округ,с им Бабушкина,Вологодская область,59.7567364,43.1335636
1049,Белозерский,муниципальный округ,г Белозерск,Вологодская область,60.03199,37.7842189
1051,Великоустюгский,муниципальный округ,г Великий Устюг,Вологодская область,60.7612852,46.3014666
1052,Верховажский,муниципальный округ,с Верховажье,Вологодская область,60.7451617,42.047316
1053,Вожегодский,муниципальный округ,рп Вожега,Вологодская область,60.4736301,40.2121613
1054,Вологодский,муниципальный округ,г Вологда,Вологодская область,59.2189391,39.8933913
1055,Вытегорский,муниципальный район,г Вытегра,Вологодская область,61.006498,36.4514921
1056,Грязовецкий,муниципальный округ,г Грязовец,Вологодская область,58.8841692,40.2515006
1057,Кадуйский,муниципальный округ,рп Кадуй,Вологодская область,59.199219,37.148609
1058,Кирилловский,муниципальный округ,г Кириллов,Вологодская область,59.8590575,38.3758696
1059,Кичменгско-Городецкий,муниципальный округ,с Кичменгский Городок,Вологодская область,59.9923379,45.8055674
1060,Междуреченский,муниципальный округ,с Шуйское,Вологодская область,59.3746522,41.0282183
1061,Никольский,муниципальный округ,г Никольск,Вологодская область,59.5304186,45.4585029
1062,Нюксенский,муниципальный округ,с Нюксеница,Вологодская область,60.419796,44.254551
1063,Сокольский,муниципальный округ,г Сокол,Вологодская область,59.462799,40.112858
1064,Сямженский,муниципальный округ,с Сямжа,Вологодская область,60.021656,41.060516
1065,Тарногский,муниципальный округ,с Тарногский Городок,Вологодская область,60.50661565,43.56205408043196
1066,Тотемский,муниципальный округ,г Тотьма,Вологодская область,59.9736254,42.7587335
1067,Усть-Кубинский,муниципальный округ,с Устье,Вологодская область,59.631699,39.726299
1068,Устюженский,муниципальный округ,г Устюжна,Вологодская область,58.8428204,36.4296982
1069,Харовский,муниципальный округ,г Харовск,Вологодская область,59.9533237,40.2068249
1070,Чагодощенский,муниципальный округ,рп Чагода,Вологодская область,59.16383,35.329369
1071,Череповецкий,муниципальный район,г Череповец,Вологодская область,59.128696,37.916389
1072,Шекснинский,муниципальный район,рп Шексна,Вологодская область,59.2069457,38.5009851
1107,Иваново,городской округ,г Иваново,Ивановская область,56.9984452,40.9737394
1108,Вичуга,городской округ,г Вичуга,Ивановская область,57.2200735,41.9239228
1109,Кинешма,городской округ,г Кинешма,Ивановская область,57.4426901,42.1687834
1110,Кохма,городской округ,г Кохма,Ивановская область,56.9315448,41.0939402
1111,Тейково,городской округ,г Тейково,Ивановская область,56.8554753,40.5405863
1112,Шуя,городской округ,г Шуя,Ивановская область,56.8558465,41.3838496
1113,Вичугский,муниципальный район,г Вичуга,Ивановская область,57.2200735,41.9239228
1115,Гаврилово-Посадский,муниципальный район,г Гаврилов Посад,Ивановская область,56.5585501,40.1205669
1116,Заволжский,муниципальный район,г Заволжск,Ивановская область,57.47784385,42.14006934304794
1117,Ивановский,муниципальный район,г Иваново,Ивановская область,56.9984452,40.9737394
1118,Ильинский,муниципальный район,п Ильинское-Хованское,Ивановская область,56.9713637,39.7714702
1119,Кинешемский,муниципальный район,г Кинешма,Ивановская область,57.4426901,42.1687834
1120,Комсомольский,муниципальный район,г Комсомольск,Ивановская область,57.027321,40.377602
1121,Лежневский,муниципальный район,п Лежнево,Ивановская область,56.775677,40.887329
1122,Лухский,муниципальный район,п Лух,Ивановская область,57.007736,42.252235
1123,Палехский,муниципальный район,п Палех,Ивановская область,56.8023842,41.8539925
1124,Пестяковский,муниципальный район,п Пестяки,Ивановская область,56.7087539,42.6705083
1125,Приволжский,муниципальный район,г Приволжск,Ивановская область,57.380333,41.281178
1126,Пучежский,муниципальный район,г Пучеж,Ивановская область,56.9820977,43.168062
1127,Родниковский,муниципальный район,г Родники,Ивановская область,57.105225,41.72839
1128,Савинский,муниципальный район,п Савино,Ивановская область,56.5907172,41.2151323
1129,Тейковский,муниципальный район,г Тейково,Ивановская область,56.8554753,40.5405863
1130,Фурмановский,муниципальный район,г Фурманов,Ивановская область,57.248756,41.10923
1131,Шуйский,муниципальный район,г Шуя,Ивановская область,56.8558465,41.3838496
1132,Южский,муниципальный район,г Южа,Ивановская область,56.5840428,42.0109249
1133,Юрьевецкий,муниципальный район,г Юрьевец,Ивановская область,57.306543649999995,43.103271695738925
1134,Иркутск,городской округ,г Иркутск,Иркутская область,52.2891225,104.279829
1135,Ангарский,городской округ,г Ангарск,Иркутская область,52.5443167,103.8882138
1136,Братск,городской округ,г Братск,Иркутская область,56.1517085,101.6334907
1137,Зима,городской округ,г Зима,Иркутская область,53.9211241,102.0491543
1138,Саянск,городской округ,г Саянск,Иркутская область,54.1123301,102.1785158
1139,Тулун,городской округ,г Тулун,Иркутская область,54.562096,100.579216
1140,Усолье-Сибирское,городской округ,г Усолье-Сибирское,Иркутская область,52.7512013,103.6621625
1141,Усть-Илимск,городской округ,г Усть-Илимск,Иркутская область,57.959473,102.734192
1142,Черемхово,городской округ,г Черемхово,Иркутская область,53.148434,103.070145
1143,Свирск,городской округ,г Свирск,Иркутская область,53.066269,103.342331
1144,Балаганский,муниципальный район,рп Балаганск,Иркутская область,54.006798,103.054024
1146,Братский,муниципальный район,г Братск,Иркутская область,56.1517085,101.6334907
1147,Жигаловский,муниципальный район,рп Жигалово,Иркутская область,54.812668,105.15229
1148,Заларинский,муниципальный район,рп Залари,Иркутская область,53.566238,102.515991
1149,Зиминский,муниципальный район,г Зима,Иркутская область,53.9211241,102.0491543
1150,Иркутский,муниципальный район,г Иркутск,Иркутская область,52.2891225,104.279829
1151,Казачинско-Ленский,муниципальный район,с Казачинское,Иркутская область,56.271587,107.567009
1152,Катангский,муниципальный район,с Ербогачён,Иркутская область,61.275021,108.009712
1153,Качугский,муниципальный район,рп Качуг,Иркутская область,53.960819,105.885147
1154,Киренский,муниципальный район,г Киренск,Иркутская область,57.776356,108.116295
1155,Куйтунский,муниципальный район,рп Куйтун,Иркутская область,54.344154,101.506195
1157,Нижнеилимский,муниципальный район,г Железногорск-Илимский,Иркутская область,56.577915,104.12294
1158,Нижнеудинский,муниципальный район,г Нижнеудинск,Иркутская область,54.9084881,99.0302862
1159,Ольхонский,муниципальный район,с Еланцы,Иркутская область,52.799557,106.404564
1160,Слюдянский,муниципальный район,г Слюдянка,Иркутская область,51.656769,103.719292
1161,Тайшетский,муниципальный район,г Тайшет,Иркутская область,55.9385304,98.0196711
1162,Тулунский,муниципальный район,г Тулун,Иркутская область,54.562096,100.579216
1163,Усольский,муниципальный район,рп Белореченский,Иркутская область,52.8142174,103.52552
1164,Усть-Илимский,муниципальный район,г Усть-Илимск,Иркутская область,57.959473,102.734192
1165,Усть-Кутский,муниципальный район,г Усть-Кут,Иркутская область,56.7810026,105.7460255
1166,Усть-Удинский,муниципальный район,рп Усть-Уда,Иркутская область,54.1691395,103.0319541036817
1167,Черемховский,муниципальный район,г Черемхово,Иркутская область,53.148434,103.070145
1168,Чунский,муниципальный район,рп Чунский,Иркутская область,56.091248,99.633705
1169,Шелеховский,муниципальный район,г Шелехов,Иркутская область,52.2097478,104.097683
1170,Аларский,муниципальный район,п Кутулик,Иркутская область,53.3494147,102.7949052
1171,Баяндаевский,муниципальный район,с Баяндай,Иркутская область,53.067226,105.517876
1172,Боханский,муниципальный район,п Бохан,Иркутская область,53.153561,103.766212
1173,Нукутский,муниципальный район,п Новонукутский,Иркутская область,53.700245,102.711548
1174,Осинский,муниципальный район,с Оса,Иркутская область,53.388348,103.877457
1175,Эхирит-Булагатский,муниципальный район,п Усть-Ордынский,Иркутская область,52.8052218,104.7534712
1176,Калининград,городской округ,г Калининград,Калининградская область,54.710128,20.5105838
1177,Ладушкинский,городской округ,г Ладушкин,Калининградская область,54.5712666,20.1734409
1178,Мамоновский,городской округ,г Мамоново,Калининградская область,54.4636264,19.9414303
1179,Пионерский,городской округ,г Пионерский,Калининградская область,54.948227,20.22591
1180,Светловский,городской округ,г Светлый,Калининградская область,54.673355,20.131153
1181,Советский,городской округ,г Советск,Калининградская область,55.0809688,21.8882673
1182,Янтарный,городской округ,пгт Янтарный,Калининградская область,54.87104305,19.941470430038375
1183,Багратионовский,муниципальный округ,г Багратионовск,Калининградская область,54.3868191,20.6405124
1184,Балтийский,городской округ,г Балтийск,Калининградская область,54.6437214,19.8941584
1185,Гвардейский,муниципальный округ,г Гвардейск,Калининградская область,54.6478265,21.0719431
1186,Гурьевский,муниципальный округ,г Гурьевск,Калининградская область,54.7745571,20.6037041
1187,Гусевский,городской округ,г Гусев,Калининградская область,54.5921685,22.2014752
1188,Зеленоградский,муниципальный округ,г Зеленоградск,Калининградская область,54.9600365,20.4750188
1189,Краснознаменский,муниципальный округ,г Краснознаменск,Калининградская область,54.9415225,22.4912976
1190,Светлогорский,городской округ,г Светлогорск,Калининградская область,54.9417552,20.1550863
1191,Неманский,муниципальный округ,г Неман,Калининградская область,55.0359656,22.0293578
1192,Нестеровский,муниципальный округ,г Нестеров,Калининградская область,54.6325455,22.5710998
1193,Озерский,муниципальный округ,г Озерск,Калининградская область,54.408741,22.014359
1194,Полесский,муниципальный округ,г Полесск,Калининградская область,54.8627556,21.1098591
1195,Правдинский,муниципальный округ,г Правдинск,Калининградская область,54.447144,21.01399
1196,Славский,муниципальный округ,г Славск,Калининградская область,55.04549,21.679073
1197,Черняховский,муниципальный округ,г Черняховск,Калининградская область,54.635533,21.8099822
1198,Калуга,городской округ,г Калуга,Калужская область,54.5101087,36.2598115
1200,Бабынинский,муниципальный район,п Бабынино,Калужская область,54.3910744,35.7400192
1201,Барятинский,муниципальный район,с Барятино,Калужская область,54.3102823,34.5190756
1203,Дзержинский,муниципальный район,г Кондрово,Калужская область,54.8069199,35.9301213
1204,Думиничский,муниципальный район,п Думиничи,Калужская область,53.933388,35.105518000000004
1205,Жиздринский,муниципальный район,г Жиздра,Калужская область,53.7485337,34.7353545
1206,Жуковский,муниципальный район,г Жуков,Калужская область,55.0338,36.7489
1207,Кировский,муниципальный район,г Киров,Калужская область,54.0742905,34.3025979
1208,Износковский,муниципальный район,с Износки,Калужская область,54.9911,35.3064
1209,Козельский,муниципальный район,г Козельск,Калужская область,54.03832175,35.78290647818667
1210,Куйбышевский,муниципальный район,п Бетлица,Калужская область,54.0140623,33.9446908
1211,Людиновский,муниципальный район,г Людиново,Калужская область,53.8454692,34.43152145267353
1212,Малоярославецкий,муниципальный район,г Малоярославец,Калужская область,55.012181,36.4590246
1213,Медынский,муниципальный район,г Медынь,Калужская область,54.969,35.857
1214,Мещовский,муниципальный район,г Мещовск,Калужская область,54.3207145,35.2796334
1215,Мосальский,муниципальный район,г Мосальск,Калужская область,54.4872876,34.9789866
1216,Перемышльский,муниципальный район,с Перемышль,Калужская область,54.2607,36.1647
1217,Спас-Деменский,муниципальный район,г Спас-Деменск,Калужская область,54.412586,34.0309659
1218,Сухиничский,муниципальный район,г Сухиничи,Калужская область,54.096976,35.35334952467876
1219,Тарусский,муниципальный район,г Таруса,Калужская область,54.7293536,37.1815538
1220,Ульяновский,муниципальный район,с Ульяново,Калужская область,53.723654,35.5298461
1221,Ферзиковский,муниципальный район,п Ферзиково,Калужская область,54.51565365,36.7602530534945
1222,Хвастовичский,муниципальный район,с Хвастовичи,Калужская область,53.465855,35.089252
1223,Юхновский,муниципальный район,г Юхнов,Калужская область,54.7415766,35.2264393
1224,Кемеровский,городской округ,г Кемерово,Кемеровская область,55.3550907,86.0871213
1225,Анжеро-Судженский,городской округ,г Анжеро-Судженск,Кемеровская область,56.077808,86.019356
1226,Беловский,городской округ,г Белово,Кемеровская область,54.419323,86.30342899999998
1227,Березовский,городской округ,г Березовский,Кемеровская область,55.6696946,86.275154
1228,Калтанский,городской округ,г Калтан,Кемеровская область,53.519459,87.286179
1229,Киселевский,городской округ,г Киселевск,Кемеровская область,54.0049872,86.6354771
1230,Ленинск-Кузнецкий,городской округ,г Ленинск-Кузнецкий,Кемеровская область,54.665443,86.166115
1231,Междуреченский,городской округ,г Междуреченск,Кемеровская область,53.6863763,88.0703443
1232,Мысковский,городской округ,г Мыски,Кемеровская область,53.71386,87.80031599999998
1233,Новокузнецкий,городской округ,г Новокузнецк,Кемеровская область,53.7575903,87.1358494
1234,Осинниковский,городской округ,г Осинники,Кемеровская область,53.606995,87.332893
1235,Полысаевский,городской округ,г Полысаево,Кемеровская область,54.603142,86.276024
1236,Прокопьевский,городской округ,г Прокопьевск,Кемеровская область,53.8879117,86.7492072
1237,Тайгинский,городской округ,г Тайга,Кемеровская область,56.065071,85.631325
1238,Юргинский,городской округ,г Юрга,Кемеровская область,55.7136,84.934799
1240,Беловский,муниципальный округ,с Вишневка,Кемеровская область,54.412445,86.399742
1241,Гурьевский,муниципальный округ,г Гурьевск,Кемеровская область,54.284954,85.93109099999998
1242,Ижморский,муниципальный округ,пгт Ижморский,Кемеровская область,56.192169,86.637169
1243,Кемеровский,муниципальный округ,г Кемерово,Кемеровская область,55.3550907,86.0871213
1244,Крапивинский,муниципальный округ,пгт Крапивинский,Кемеровская область,55.003925,86.80585499999998
1245,Ленинск-Кузнецкий,муниципальный округ,г Ленинск-Кузнецкий,Кемеровская область,54.665443,86.166115
1246,Мариинский,муниципальный округ,г Мариинск,Кемеровская область,56.206299,87.751259
1247,Новокузнецкий,муниципальный округ,г Новокузнецк,Кемеровская область,53.7575903,87.1358494
1249,Промышленновский,муниципальный округ,пгт Промышленная,Кемеровская область,54.918655,85.6380293
1250,Таштагольский,муниципальный район,г Таштагол,Кемеровская область,52.7594694,87.8484499
1251,Тисульский,муниципальный округ,пгт Тисуль,Кемеровская область,55.763851,88.3130216
1252,Топкинский,муниципальный округ,г Топки,Кемеровская область,55.2751962,85.6228741
1253,Тяжинский,муниципальный округ,пгт Тяжинский,Кемеровская область,56.1139351,88.5171814
1254,Чебулинский,муниципальный округ,пгт Верх-Чебула,Кемеровская область,56.0330343,87.6220223
1256,Яйский,муниципальный округ,пгт Яя,Кемеровская область,56.2020084,86.4485361
1257,Яшкинский,муниципальный округ,пгт Яшкино,Кемеровская область,55.8717888,85.4380316
1258,Киров,городской округ,г Киров,Кировская область,58.6035661,49.6666241
1259,Вятские Поляны,городской округ,г Вятские Поляны,Кировская область,56.2229946,51.0749038
1260,Кирово-Чепецк,городской округ,г Кирово-Чепецк,Кировская область,58.555069,50.0313048
1261,Котельнич,городской округ,г Котельнич,Кировская область,58.3057312,48.32643959050836
1262,Слободской,городской округ,г Слободской,Кировская область,58.7277816,50.1771234
1264,Арбажский,муниципальный округ,пгт Арбаж,Кировская область,57.6793484,48.3035946
1265,Афанасьевский,муниципальный округ,пгт Афанасьево,Кировская область,58.865421,53.26273
1266,Белохолуницкий,муниципальный район,г Белая Холуница,Кировская область,58.8432546,50.8528865
1267,Богородский,муниципальный округ,пгт Богородское,Кировская область,57.8316459,50.7512195
1268,Верхнекамский,муниципальный округ,г Кирс,Кировская область,59.3398971,52.2418232
1269,Верхошижемский,муниципальный район,пгт Верхошижемье,Кировская область,58.0140582,49.1040391
1270,Вятскополянский,муниципальный район,г Вятские Поляны,Кировская область,56.2229946,51.0749038
1271,Даровской,муниципальный район,пгт Даровской,Кировская область,58.7705606,47.9584366
1272,Зуевский,муниципальный район,г Зуевка,Кировская область,58.4060241,51.1388605
1273,Кикнурский,муниципальный округ,пгт Кикнур,Кировская область,57.3049331,47.2089404
1274,Кильмезский,муниципальный район,пгт Кильмезь,Кировская область,56.9449015,51.0613993
1275,Кирово-Чепецкий,муниципальный район,г Кирово-Чепецк,Кировская область,58.555069,50.0313048
1276,Котельничский,муниципальный район,г Котельнич,Кировская область,58.3057312,48.32643959050836
1277,Куменский,муниципальный район,пгт Кумены,Кировская область,58.1100761,49.9173135
1278,Лебяжский,муниципальный округ,пгт Лебяжье,Кировская область,57.4095434,49.5276891
1279,Лузский,муниципальный округ,г Луза,Кировская область,60.6306233,47.2549261
1280,Малмыжский,муниципальный район,г Малмыж,Кировская область,56.5206314,50.6775905
1281,Мурашинский,муниципальный округ,г Мураши,Кировская область,59.3951018,48.9644445
1282,Нагорский,муниципальный район,пгт Нагорск,Кировская область,59.3159141,50.8017309
1284,Нолинский,муниципальный район,г Нолинск,Кировская область,57.5599476,49.93850528482464
1285,Омутнинский,муниципальный район,г Омутнинск,Кировская область,58.668304,52.17625
1286,Опаринский,муниципальный округ,пгт Опарино,Кировская область,59.8516589,48.2777768
1287,Оричевский,муниципальный район,пгт Оричи,Кировская область,58.4013081,49.0564965
1288,Орловский,муниципальный район,г Орлов,Кировская область,58.5363174,48.8850765
1289,Пижанский,муниципальный округ,пгт Пижанка,Кировская область,57.460224,48.533832
1290,Подосиновский,муниципальный район,пгт Подосиновец,Кировская область,60.279064,47.06477
1291,Санчурский,муниципальный округ,пгт Санчурск,Кировская область,56.9404036,47.2526947
1292,Свечинский,муниципальный округ,пгт Свеча,Кировская область,58.277,47.512543
1293,Слободской,муниципальный район,г Слободской,Кировская область,58.7277816,50.1771234
1294,Советский,муниципальный район,г Советск,Кировская область,57.5914193,48.95836130705428
1295,Сунский,муниципальный район,пгт Суна,Кировская область,57.8335115,50.0589449
1296,Тужинский,муниципальный район,пгт Тужа,Кировская область,57.6053835,47.9373723
1297,Унинский,муниципальный округ,пгт Уни,Кировская область,57.7543697,51.4895258
1298,Уржумский,муниципальный район,г Уржум,Кировская область,57.1101118,50.0003067
1299,Фаленский,муниципальный округ,пгт Фаленки,Кировская область,58.3553667,51.5965834
1300,Шабалинский,муниципальный район,пгт Ленинское,Кировская область,58.3163535,47.0858159
1301,Юрьянский,муниципальный район,пгт Юрья,Кировская область,59.0422736,49.2802038
1302,Яранский,муниципальный район,г Яранск,Кировская область,57.3042882,47.8855774
1303,Кострома,городской округ,г Кострома,Костромская область,57.7679158,40.9269141
1304,Буй,городской округ,г Буй,Костромская область,58.4816821,41.532956
1305,Волгореченск,городской округ,г Волгореченск,Костромская область,57.44224775,41.15947358625323
1306,Галич,городской округ,г Галич,Костромская область,58.381382,42.347916
1308,Шарья,городской округ,г Шарья,Костромская область,58.36974795,45.517296318718955
1309,Антроповский,муниципальный район,п Антропово,Костромская область,58.3976,43.005
1310,Буйский,муниципальный район,г Буй,Костромская область,58.4816821,41.532956
1311,Вохомский,муниципальный район,п Вохма,Костромская область,58.9306116,46.7588656
1312,Галичский,муниципальный район,г Галич,Костромская область,58.381382,42.347916
1313,Кадыйский,муниципальный район,пгт Кадый,Костромская область,57.784485,43.189411
1314,Кологривский,муниципальный округ,г Кологрив,Костромская область,58.825497,44.311275
1315,Костромской,муниципальный район,г Кострома,Костромская область,57.7679158,40.9269141
1316,Красносельский,муниципальный район,пгт Красное-на-Волге,Костромская область,57.509319,41.237621
1317,Макарьевский,муниципальный район,г Макарьев,Костромская область,57.880402,43.80724
1319,Межевской,муниципальный округ,с Георгиевское,Костромская область,58.7303454,45.0299127
1320,Нейский,муниципальный округ,г Нея,Костромская область,58.2940908,43.8609201
1321,Нерехта и Нерехтский,муниципальный район,г Нерехта,Костромская область,57.460655,40.573799
1322,Октябрьский,муниципальный район,с Боговарово,Костромская область,58.9755482,47.0195907
1323,Островский,муниципальный округ,п Островское,Костромская область,57.80144,42.19736
1324,Павинский,муниципальный округ,с Павино,Костромская область,59.1213617,46.1917504
1325,Парфеньевский,муниципальный округ,с Парфеньево,Костромская область,58.4799889,43.4086182
1326,Поназыревский,муниципальный округ,пгт Поназырево,Костромская область,58.358154,46.317429
1327,Пыщугский,муниципальный округ,с Пыщуг,Костромская область,59.0104505,45.6111145
1328,Солигаличский,муниципальный округ,г Солигалич,Костромская область,59.0777693,42.2861828
1329,Судиславский,муниципальный район,пгт Судиславль,Костромская область,57.881283,41.712421
1330,Сусанинский,муниципальный район,пгт Сусанино,Костромская область,58.147578,41.5851443
1331,Чухломский,муниципальный район,г Чухлома,Костромская область,58.7560222,42.68065
1332,Шарьинский,муниципальный район,г Шарья,Костромская область,58.36974795,45.517296318718955
1333,Курган,городской округ,г Курган,Курганская область,55.4409357,65.3421169
1334,Шадринск,городской округ,г Шадринск,Курганская область,56.087364,63.629482
1335,Альменевский,муниципальный округ,с Альменево,Курганская область,54.942505,63.578785
1336,Белозерский,муниципальный округ,с Белозерское,Курганская область,55.823845,65.588783
1337,Варгашинский,муниципальный округ,рп Варгаши,Курганская область,55.37204,65.8081
1338,Далматовский,муниципальный округ,г Далматово,Курганская область,56.258656,62.939163
1339,Звериноголовский,муниципальный округ,с Звериноголовское,Курганская область,54.459023,64.856514
1340,Каргапольский,муниципальный округ,рп Каргаполье,Курганская область,55.952408,64.434021
1341,Катайский,муниципальный округ,г Катайск,Курганская область,56.2834992,62.5836525
1342,Кетовский,муниципальный округ,с Кетово,Курганская область,55.343979,65.333832
1343,Куртамышский,муниципальный округ,г Куртамыш,Курганская область,54.9095859,64.4283925
1344,Лебяжьевский,муниципальный округ,рп Лебяжье,Курганская область,55.273006,66.502243
1345,Макушинский,муниципальный округ,г Макушино,Курганская область,55.208321,67.252739
1346,Мишкинский,муниципальный округ,рп Мишкино,Курганская область,55.3373017,63.9143594
1347,Мокроусовский,муниципальный округ,с Мокроусово,Курганская область,55.808598,66.770607
1348,Петуховский,муниципальный округ,г Петухово,Курганская область,55.065,67.88736
1349,Половинский,муниципальный округ,с Половинное,Курганская область,54.789661,65.987595
1350,Притобольный,муниципальный округ,с Глядянское,Курганская область,54.907539,65.088203
1351,Сафакулевский,муниципальный округ,с Сафакулево,Курганская область,54.988411,62.54039
1352,Целинный,муниципальный округ,с Целинное,Курганская область,54.50412,63.664242
1353,Частоозерский,муниципальный округ,с Частоозерье,Курганская область,55.568256,67.909462
1354,Шадринский,муниципальный округ,г Шадринск,Курганская область,56.087364,63.629482
1355,Шатровский,муниципальный округ,с Шатрово,Курганская область,56.519569,64.634209
1356,Шумихинский,муниципальный округ,г Шумиха,Курганская область,55.228207,63.282501
1357,Щучанский,муниципальный округ,г Щучье,Курганская область,55.208908,62.747772
1358,Юргамышский,муниципальный округ,рп Юргамыш,Курганская область,55.374958,64.455788
1392,Бокситогорский,муниципальный район,г Бокситогорск,Ленинградская область,59.4729021,33.8489952
1393,Волосовский,муниципальный район,г Волосово,Ленинградская область,59.44439375,29.49251575862619
1394,Волховский,муниципальный район,г Волхов,Ленинградская область,59.9275868,32.3276803
1395,Всеволожский,муниципальный район,г Всеволожск,Ленинградская область,60.0425967,30.58180461128939
1396,Выборгский,муниципальный район,г Выборг,Ленинградская область,60.7326723,28.74469092882248
1397,Гатчинский,муниципальный район,г Гатчина,Ленинградская область,59.5706273,30.1305083
1398,Кингисеппский,муниципальный район,г Кингисепп,Ленинградская область,59.3743982,28.5981591
1399,Киришский,муниципальный район,г Кириши,Ленинградская область,59.450325,32.010578
1400,Кировский,муниципальный район,г Кировск,Ленинградская область,59.8813954,30.9855331
1401,Лодейнопольский,муниципальный район,г Лодейное Поле,Ленинградская область,60.7339323,33.5457731
1402,Ломоносовский,муниципальный район,г Ломоносов,Ленинградская область,59.91032,29.776194
1403,Лужский,муниципальный район,г Луга,Ленинградская область,58.735699,29.8475013
1404,Подпорожский,муниципальный район,г Подпорожье,Ленинградская область,60.914291,34.162354
1405,Приозерский,муниципальный район,г Приозерск,Ленинградская область,61.0385285,30.1248482
1406,Сланцевский,муниципальный район,г Сланцы,Ленинградская область,59.11726,28.086979
1407,Тихвинский,муниципальный район,г Тихвин,Ленинградская область,59.644323,33.5418624
1408,Тосненский,муниципальный район,г Тосно,Ленинградская область,59.5412777,30.8773645
1409,Сосновоборский,городской округ,г Сосновый Бор,Ленинградская область,59.8968655,29.0765628
1410,Липецк,городской округ,г Липецк,Липецкая область,52.6041877,39.5936899
1411,Елец,городской округ,г Елец,Липецкая область,52.6219865,38.5003298
1412,Воловский,муниципальный район,с Волово,Липецкая область,52.0283838,37.8790391
1413,Грязинский,муниципальный район,г Грязи,Липецкая область,52.48744725,39.935934695740954
1414,Данковский,муниципальный район,г Данков,Липецкая область,53.2533095,39.1591798
1415,Добринский,муниципальный район,п Добринка,Липецкая область,52.1658357,40.4772102
1416,Добровский,муниципальный район,с Доброе,Липецкая область,52.8613369,39.8102066
1417,Долгоруковский,муниципальный район,с Долгоруково,Липецкая область,52.3243879,38.3495961
1419,Задонский,муниципальный район,г Задонск,Липецкая область,52.387798,38.92672
1420,Измалковский,муниципальный район,с Измалково,Липецкая область,52.6931659,37.9693559
1421,Краснинский,муниципальный район,с Красное,Липецкая область,52.863953,38.783821
1422,Лебедянский,муниципальный район,г Лебедянь,Липецкая область,53.0126146,39.127593
1423,Лев-Толстовский,муниципальный район,п Лев Толстой,Липецкая область,53.212541,39.4477568
1424,Липецкий,муниципальный район,г Липецк,Липецкая область,52.6041877,39.5936899
1425,Становлянский,муниципальный район,с Становое,Липецкая область,52.7632714,38.3639594
1426,Тербунский,муниципальный район,с Тербуны,Липецкая область,52.146828,38.278389
1427,Усманский,муниципальный район,г Усмань,Липецкая область,52.0506929,39.7399996
1428,Хлевенский,муниципальный район,с Хлевное,Липецкая область,52.197231,39.086029
1429,Чаплыгинский,муниципальный район,г Чаплыгин,Липецкая область,53.243015,39.966801
1430,Магадан,городской округ,г Магадан,Магаданская область,59.5604768,150.7988617
1431,Ольский,муниципальный округ,пгт Ола,Магаданская область,59.5780981,151.2990699
1432,Омсукчанский,муниципальный округ,пгт Омсукчан,Магаданская область,62.5127643,155.7823514
1433,Северо-Эвенский,муниципальный округ,пгт Эвенск,Магаданская область,61.919209,159.235931
1434,Среднеканский,муниципальный округ,пгт Сеймчан,Магаданская область,62.9317742,152.3932993
1435,Сусуманский,муниципальный округ,г Сусуман,Магаданская область,62.779732,148.15361
1436,Тенькинский,муниципальный округ,пгт Усть-Омчуг,Магаданская область,61.133163,149.632477
1437,Хасынский,муниципальный округ,пгт Палатка,Магаданская область,60.1022208,150.9370006
1438,Ягоднинский,муниципальный округ,пгт Ягодное,Магаданская область,62.5216788,149.6253322
1439,Балашиха,городской округ,г Балашиха,Московская область,55.7997662,37.9373707
1440,Бронницы,городской округ,г Бронницы,Московская область,55.42009275,38.271969532961194
1443,Дзержинский,городской округ,г Дзержинский,Московская область,55.6309186,37.8496653
1444,Долгопрудный,городской округ,г Долгопрудный,Московская область,55.9341491,37.5142417
1445,Домодедово,городской округ,г Домодедово,Московская область,55.4368213,37.7680693
1446,Дубна,городской округ,г Дубна,Московская область,56.7362705,37.1623696
1447,Егорьевск,городской округ,г Егорьевск,Московская область,55.3829765,39.0356223
1448,Жуковский,городской округ,г Жуковский,Московская область,55.5972801,38.1199863
1449,Зарайск,городской округ,г Зарайск,Московская область,54.7585694,38.8818137
1453,Истра,городской округ,г Истра,Московская область,55.9145993,36.8595482
1454,Кашира,городской округ,г Кашира,Московская область,54.837449,38.1505119
1456,Королёв,городской округ,г Королёв,Московская область,55.9190049,37.8150443
1457,Котельники,городской округ,г Котельники,Московская область,55.661668,37.8673073
1459,Красногорск,городской округ,г Красногорск,Московская область,55.8217545,37.3400897
1461,Лобня,городской округ,г Лобня,Московская область,56.03377690000001,37.46122371880293
1463,Луховицы,городской округ,г Луховицы,Московская область,54.9655573,39.0277188
1464,Лыткарино,городской округ,г Лыткарино,Московская область,55.5822477,37.9080217
1465,Люберцы,городской округ,г Люберцы,Московская область,55.6783142,37.89377
1467,Мытищи,городской округ,г Мытищи,Московская область,55.9094928,37.7339358
1468,Наро-Фоминский,городской округ,г Наро-Фоминск,Московская область,55.3842784,36.723507
1471,Павловский Посад,городской округ,г Павловский Посад,Московская область,55.7813357,38.6507838
1472,Подольск,городской округ,г Подольск,Московская область,55.4308841,37.5453056
1473,Протвино,городской округ,г Протвино,Московская область,54.8707703,37.2188629
1474,Пущино,городской округ,г Пущино,Московская область,54.8347213,37.6139685
1475,Реутов,городской округ,г Реутов,Московская область,55.7622453,37.856555
1477,Рузский,городской округ,г Руза,Московская область,55.6998907,36.1946992
1478,Серебряные Пруды,городской округ,рп Серебряные Пруды,Московская область,54.4679803,38.7223679
1480,Ступино,городской округ,г Ступино,Московская область,54.886598,38.0772589
1481,Фрязино,городской округ,г Фрязино,Московская область,55.954618,38.0567691
1483,Черноголовка,городской округ,г Черноголовка,Московская область,56.0061165,38.3835224
1484,Чехов,городской округ,г Чехов,Московская область,55.1426603,37.4545328
1486,Шаховская,городской округ,рп Шаховская,Московская область,56.031464,35.5102036
1487,Электрогорск,городской округ,г Электрогорск,Московская область,55.8792983,38.7858721
1488,Электросталь,городской округ,г Электросталь,Московская область,55.7903785,38.4405711
1489,Волоколамский,городской округ,г Волоколамск,Московская область,56.0360129,35.9583358
1490,Воскресенск,городской округ,г Воскресенск,Московская область,55.322518,38.6816824
1491,Дмитровский,городской округ,г Дмитров,Московская область,56.3450695,37.5200723
1492,Клин,городской округ,г Клин,Московская область,56.3355601,36.7351318
1493,Ленинский,городской округ,г Видное,Московская область,55.5571496,37.7087142
1494,Лотошино,городской округ,рп Лотошино,Московская область,56.228891,35.6399029
1495,Можайский,городской округ,г Можайск,Московская область,55.5095679,35.986899
1496,Богородский,городской округ,г Ногинск,Московская область,55.8553511,38.4411898
1500,Раменский,городской округ,г Раменское,Московская область,55.5709361,38.2282099
1501,Сергиево-Посадский,городской округ,г Сергиев Посад,Московская область,56.3153284,38.1359898
1504,Талдомский,городской округ,г Талдом,Московская область,56.730941,37.528016
1506,Мурманск,городской округ,г Мурманск,Мурманская область,68.970665,33.07497
1507,Апатиты,муниципальный округ,г Апатиты,Мурманская область,67.568626,33.404392
1508,Кировск,муниципальный округ,г Кировск,Мурманская область,67.6151331,33.6637527
1509,Мончегорск,муниципальный округ,г Мончегорск,Мурманская область,67.939903,32.931679
1510,Оленегорск,муниципальный округ,г Оленегорск,Мурманская область,68.140732,33.282597
1511,Полярные Зори,муниципальный округ,г Полярные Зори,Мурманская область,67.3659225,32.5010277
1512,Ковдорский,муниципальный округ,г Ковдор,Мурманская область,67.563049,30.474108
1518,Кандалакшский,муниципальный район,г Кандалакша,Мурманская область,67.1507901,32.4082716
1519,Кольский,муниципальный район,г Кола,Мурманская область,68.880638,33.019726
1520,Ловозерский,муниципальный район,с Ловозеро,Мурманская область,68.0058828,35.0172148
1521,Печенгский,муниципальный округ,пгт Никель,Мурманская область,69.4062217,30.2114216
1522,Терский,муниципальный район,пгт Умба,Мурманская область,66.6780339,34.3376019
1523,Нижний Новгород,городской округ,г Нижний Новгород,Нижегородская область,56.3264816,44.0051395
1525,Бор,городской округ,г Бор,Нижегородская область,56.3598289,44.0542641
1526,Выкса,городской округ,г Выкса,Нижегородская область,55.318774,42.1800408
1527,Дзержинск,городской округ,г Дзержинск,Нижегородская область,56.2382157,43.4617405
1528,Кулебаки,городской округ,г Кулебаки,Нижегородская область,55.429287,42.511879
1529,Навашинский,городской округ,г Навашино,Нижегородская область,55.544071,42.188671
1530,Перевозский,городской округ,г Перевоз,Нижегородская область,55.596546,44.544846
1532,Семеновский,городской округ,г Семенов,Нижегородская область,56.788342,44.49155
1533,Шахунья,городской округ,г Шахунья,Нижегородская область,57.6730182,46.6152378
1534,Первомайск,городской округ,г Первомайск,Нижегородская область,54.8666491,43.8054106
1535,Сокольский,городской округ,рп Сокольское,Нижегородская область,57.143093,43.16357
1536,Чкаловск,городской округ,г Чкаловск,Нижегородская область,56.764915,43.243324
1537,Ардатовский,муниципальный округ,рп Ардатов,Нижегородская область,55.2410408,43.0968037
1539,Балахнинский,муниципальный округ,г Балахна,Нижегородская область,56.4870505,43.6039553
1540,Богородский,муниципальный округ,г Богородск,Нижегородская область,56.103416,43.516819
1541,Большеболдинский,муниципальный округ,с Большое Болдино,Нижегородская область,55.000713,45.310505
1542,Большемурашкинский,муниципальный округ,рп Большое Мурашкино,Нижегородская область,55.7837504,44.7763185
1543,Бутурлинский,муниципальный округ,рп Бутурлино,Нижегородская область,55.568863,44.891453
1544,Вадский,муниципальный округ,с Вад,Нижегородская область,55.5313789,44.2092517
1545,Варнавинский,муниципальный округ,рп Варнавино,Нижегородская область,57.396695,45.0849216
1546,Вачский,муниципальный округ,рп Вача,Нижегородская область,55.801029,42.772099
1547,Ветлужский,муниципальный округ,г Ветлуга,Нижегородская область,57.85287,45.7757157
1548,Вознесенский,муниципальный округ,рп Вознесенское,Нижегородская область,54.8906328,42.7598373
1549,Володарский,муниципальный округ,г Володарск,Нижегородская область,56.224304,43.182655
1550,Воротынский,городской округ,рп Воротынец,Нижегородская область,56.0604696,45.862528
1551,Воскресенский,муниципальный округ,рп Воскресенское,Нижегородская область,56.8383333,45.4330556
1552,Гагинский,муниципальный округ,с Гагино,Нижегородская область,55.2314867,45.0280811
1553,Городецкий,муниципальный округ,г Городец,Нижегородская область,56.647141,43.476002
1554,Дальнеконстантиновский,муниципальный округ,рп Дальнее Константиново,Нижегородская область,55.80777,44.094025
1555,Дивеевский,муниципальный округ,с Дивеево,Нижегородская область,55.041687,43.245518
1556,Княгининский,муниципальный округ,г Княгинино,Нижегородская область,55.821281,45.031601
1557,Ковернинский,муниципальный округ,рп Ковернино,Нижегородская область,57.12611,43.816387
1558,Краснобаковский,муниципальный округ,рп Красные Баки,Нижегородская область,57.1268348,45.1664096
1559,Краснооктябрьский,муниципальный округ,с Уразовка,Нижегородская область,55.399989,45.6168658
1560,Кстовский,муниципальный округ,г Кстово,Нижегородская область,56.149551,44.198032
1561,Лукояновский,муниципальный округ,г Лукоянов,Нижегородская область,55.034821,44.492725
1562,Лысковский,муниципальный округ,г Лысково,Нижегородская область,56.027885,45.038315
1563,Павловский,муниципальный округ,г Павлово,Нижегородская область,55.965137,43.071114
1564,Пильнинский,муниципальный округ,рп Пильна,Нижегородская область,55.5522547,45.9207853
1565,Починковский,муниципальный округ,с Починки,Нижегородская область,54.6974517,44.8612893
1566,Сергачский,муниципальный округ,г Сергач,Нижегородская область,55.532822,45.4616976
1567,Сеченовский,муниципальный округ,с Сеченово,Нижегородская область,55.2257213,45.8937291
1568,Сосновский,муниципальный округ,рп Сосновское,Нижегородская область,55.8050772,43.1669499
1569,Спасский,муниципальный округ,с Спасское,Нижегородская область,55.8579699,45.6954529
1570,Тонкинский,муниципальный округ,рп Тонкино,Нижегородская область,57.372272,46.458287
1571,Тоншаевский,муниципальный округ,рп Тоншаево,Нижегородская область,57.732841,47.011944
1572,Уренский,муниципальный округ,г Урень,Нижегородская область,57.4614974,45.7878911
1573,Шарангский,муниципальный округ,рп Шаранга,Нижегородская область,57.1773441,46.5445937
1574,Шатковский,муниципальный округ,рп Шатки,Нижегородская область,55.188023,44.127811
1575,Великий Новгород,городской округ,г Великий Новгород,Новгородская область,58.5609587,31.2809005856491
1576,Батецкий,муниципальный район,п Батецкий,Новгородская область,58.647774,30.299807
1577,Боровичский,муниципальный район,г Боровичи,Новгородская область,58.389009,33.9068275
1578,Валдайский,муниципальный район,г Валдай,Новгородская область,57.9791414,33.2537994
1579,Волотовский,муниципальный округ,п Волот,Новгородская область,57.9301007,30.7090808
1580,Демянский,муниципальный округ,рп Демянск,Новгородская область,57.6423554,32.4646788
1581,Крестецкий,муниципальный округ,рп Крестцы,Новгородская область,58.247665,32.522858
1582,Любытинский,муниципальный район,рп Любытино,Новгородская область,58.8142322,33.3976972
1583,Маловишерский,муниципальный район,г Малая Вишера,Новгородская область,58.844215,32.218636
1584,Марёвский,муниципальный округ,с Марёво,Новгородская область,57.315285,32.082283
1585,Мошенской,муниципальный округ,с Мошенское,Новгородская область,58.512428,34.5849085
1586,Новгородский,муниципальный район,г Великий Новгород,Новгородская область,58.5609587,31.2809005856491
1587,Окуловский,муниципальный район,г Окуловка,Новгородская область,58.3740782,33.3009383
1588,Парфинский,муниципальный район,рп Парфино,Новгородская область,57.9713226,31.649848
1589,Пестовский,муниципальный округ,г Пестово,Новгородская область,58.5981825,35.81432054429986
1590,Поддорский,муниципальный район,с Поддорье,Новгородская область,57.470387,31.111748
1591,Солецкий,муниципальный округ,г Сольцы,Новгородская область,58.119003,30.309679
1592,Старорусский,муниципальный район,г Старая Русса,Новгородская область,57.9898923,31.3634905
1593,Хвойнинский,муниципальный округ,рп Хвойная,Новгородская область,58.8960621,34.5121844
1594,Холмский,муниципальный район,г Холм,Новгородская область,57.154074249999994,31.17085196949452
1595,Чудовский,муниципальный район,г Чудово,Новгородская область,59.1240916,31.68621497690631
1596,Шимский,муниципальный район,рп Шимск,Новгородская область,58.2117,30.724808
1597,Новосибирск,городской округ,г Новосибирск,Новосибирская область,54.96781445,82.95159894278376
1598,Бердск,городской округ,г Бердск,Новосибирская область,54.7437662,83.06268907860164
1599,Искитим,городской округ,г Искитим,Новосибирская область,54.61506035,83.29727586648599
1600,Обь,городской округ,г Обь,Новосибирская область,54.9951335,82.6933946
1601,Кольцово,городской округ,рп Кольцово,Новосибирская область,54.9367736,83.187139
1602,Баганский,муниципальный район,с Баган,Новосибирская область,54.0968728,77.6718776
1603,Барабинский,муниципальный район,г Барабинск,Новосибирская область,55.3567611,78.35034799999998
1604,Болотнинский,муниципальный район,г Болотное,Новосибирская область,55.6715707,84.388557
1605,Венгеровский,муниципальный район,с Венгерово,Новосибирская область,55.681034,76.739029
1606,Доволенский,муниципальный район,с Довольное,Новосибирская область,54.495785,79.667091
1607,Здвинский,муниципальный район,с Здвинск,Новосибирская область,54.703968,78.667595
1608,Искитимский,муниципальный район,г Искитим,Новосибирская область,54.61506035,83.29727586648599
1609,Карасукский,муниципальный район,г Карасук,Новосибирская область,53.73447,78.03237199999998
1610,Каргатский,муниципальный район,г Каргат,Новосибирская область,55.1929899,80.2828252
1611,Колыванский,муниципальный район,рп Колывань,Новосибирская область,55.3068791,82.74334639999998
1612,Коченевский,муниципальный район,рп Коченево,Новосибирская область,55.021442,82.207718
1613,Кочковский,муниципальный район,с Кочки,Новосибирская область,54.334766,80.487846
1614,Краснозерский,муниципальный район,рп Краснозерское,Новосибирская область,53.984768,79.228577
1615,Куйбышевский,муниципальный район,г Куйбышев,Новосибирская область,55.4454258,78.3222294
1616,Купинский,муниципальный район,г Купино,Новосибирская область,54.364929,77.30853999999998
1617,Кыштовский,муниципальный район,с Кыштовка,Новосибирская область,56.55957,76.624588
1618,Маслянинский,муниципальный район,рп Маслянино,Новосибирская область,54.345501,84.21066999999998
1619,Мошковский,муниципальный район,рп Мошково,Новосибирская область,55.304806,83.611855
1620,Новосибирский,муниципальный район,г Новосибирск,Новосибирская область,54.96781445,82.95159894278376
1621,Ордынский,муниципальный район,рп Ордынское,Новосибирская область,54.366676,81.904022
1622,Северный,муниципальный район,с Северное,Новосибирская область,56.3500996,78.3649455
1623,Сузунский,муниципальный район,рп Сузун,Новосибирская область,53.783924,82.316231
1624,Татарский,муниципальный район,г Татарск,Новосибирская область,55.216961,75.962196
1625,Тогучинский,муниципальный район,г Тогучин,Новосибирская область,55.23769,84.40245799999998
1626,Убинский,муниципальный район,с Убинское,Новосибирская область,55.306721,79.67937499999998
1627,Усть-Таркский,муниципальный район,с Усть-Тарка,Новосибирская область,55.563934,75.706017
1628,Чановский,муниципальный район,рп Чаны,Новосибирская область,55.308064,76.75960499999998
1629,Черепановский,муниципальный район,г Черепаново,Новосибирская область,54.226101,83.370468
1630,Чистоозерный,муниципальный район,рп Чистоозерное,Новосибирская область,54.712204,76.582344
1631,Чулымский,муниципальный район,г Чулым,Новосибирская область,55.09,80.970459
1632,Омск,городской округ,г Омск,Омская область,54.991375,73.37152899999998
1633,Азовский немецкий,муниципальный район,с Азово,Омская область,54.70385,73.026871
1634,Большереченский,муниципальный район,рп Большеречье,Омская область,56.094585,74.639519
1635,Большеуковский,муниципальный район,с Большие Уки,Омская область,56.949043,72.62571699999998
1636,Горьковский,муниципальный район,рп Горьковское,Омская область,55.371033,74.362556
1637,Знаменский,муниципальный район,с Знаменское,Омская область,57.127403,73.821983
1638,Исилькульский,муниципальный район,г Исилькуль,Омская область,54.904892,71.259987
1639,Калачинский,муниципальный район,г Калачинск,Омская область,55.049091,74.58242799999998
1640,Колосовский,муниципальный район,с Колосовка,Омская область,56.467625,73.606575
1641,Кормиловский,муниципальный район,рп Кормиловка,Омская область,55.002613,74.092224
1642,Крутинский,муниципальный район,рп Крутинка,Омская область,56.006351,71.511307
1643,Любинский,муниципальный район,рп Любинский,Омская область,55.156715,72.699005
1644,Марьяновский,муниципальный район,рп Марьяновка,Омская область,54.960659,72.63794699999998
1645,Москаленский,муниципальный район,рп Москаленки,Омская область,54.939468,71.92588
1646,Муромцевский,муниципальный район,рп Муромцево,Омская область,56.369392,75.237198
1647,Называевский,муниципальный район,г Называевск,Омская область,55.564896,71.349365
1648,Нижнеомский,муниципальный район,с Нижняя Омка,Омская область,55.43359,74.938004
1649,Нововаршавский,муниципальный район,рп Нововаршавка,Омская область,54.170616,74.696037
1650,Одесский,муниципальный район,с Одесское,Омская область,54.20969,72.96553799999998
1651,Оконешниковский,муниципальный район,рп Оконешниково,Омская область,54.8373364,75.0727251
1652,Омский,муниципальный район,п Ростовка,Омская область,55.019558,73.580765
1653,Павлоградский,муниципальный район,рп Павлоградка,Омская область,54.205006,73.556488
1654,Полтавский,муниципальный район,рп Полтавка,Омская область,54.3642388,71.7609168
1655,Русско-Полянский,муниципальный район,рп Русская Поляна,Омская область,53.780357,73.882103
1656,Саргатский,муниципальный район,рп Саргатское,Омская область,55.603386,73.490257
1657,Седельниковский,муниципальный район,с Седельниково,Омская область,56.945618,75.306061
1658,Таврический,муниципальный район,рп Таврическое,Омская область,54.586674,73.63743599999998
1659,Тарский,муниципальный район,г Тара,Омская область,56.8757689,74.41967549999998
1660,Тевризский,муниципальный район,рп Тевриз,Омская область,57.513668,72.398911
1661,Тюкалинский,муниципальный район,г Тюкалинск,Омская область,55.870556,72.196617
1662,Усть-Ишимский,муниципальный район,с Усть-Ишим,Омская область,57.693462,71.169968
1663,Черлакский,муниципальный район,рп Черлак,Омская область,54.154067,74.7974987
1664,Шербакульский,муниципальный район,рп Шербакуль,Омская область,54.631046,72.39282199999998
1665,Оренбург,городской округ,г Оренбург,Оренбургская область,51.7671248,55.0978517
1666,Абдулинский,городской округ,г Абдулино,Оренбургская область,53.6828,53.655701
1667,Бугуруслан,городской округ,г Бугуруслан,Оренбургская область,53.6527806,52.4340458
1668,Бузулук,городской округ,г Бузулук,Оренбургская область,52.7586837,52.28831670221607
1669,Гайский,городской округ,г Гай,Оренбургская область,51.471443,58.440517
1670,Кувандыкский,городской округ,г Кувандык,Оренбургская область,51.478756,57.350796
1671,Медногорск,городской округ,г Медногорск,Оренбургская область,51.4049435,57.5803138
1672,Новотроицк,городской округ,г Новотроицк,Оренбургская область,51.196369,58.298527
1673,Орск,городской округ,г Орск,Оренбургская область,51.2305015,58.4738015
1674,Соль-Илецкий,городской округ,г Соль-Илецк,Оренбургская область,51.161289,54.996372
1675,Сорочинский,городской округ,г Сорочинск,Оренбургская область,52.426971,53.154175
1676,Ясненский,городской округ,г Ясный,Оренбургская область,51.036957,59.873268
1678,Адамовский,муниципальный район,п Адамовка,Оренбургская область,51.520966,59.940235
1679,Акбулакский,муниципальный район,п Акбулак,Оренбургская область,51.006439,55.62648
1680,Александровский,муниципальный район,с Александровка,Оренбургская область,52.680561,54.413418
1681,Асекеевский,муниципальный район,с Асекеево,Оренбургская область,53.580097,52.82431
1682,Беляевский,муниципальный район,с Беляевка,Оренбургская область,51.398891,56.409542
1683,Бугурусланский,муниципальный район,г Бугуруслан,Оренбургская область,53.6527806,52.4340458
1684,Бузулукский,муниципальный район,г Бузулук,Оренбургская область,52.7586837,52.28831670221607
1685,Грачёвский,муниципальный район,с Грачёвка,Оренбургская область,52.919601,52.879501
1686,Домбаровский,муниципальный район,п Домбаровский,Оренбургская область,50.760067,59.536777
1687,Илекский,муниципальный район,с Илек,Оренбургская область,51.527264,53.383327
1688,Кваркенский,муниципальный район,с Кваркено,Оренбургская область,52.084141,59.722305
1689,Красногвардейский,муниципальный район,с Плешаново,Оренбургская область,52.8480171,53.4871553
1690,Курманаевский,муниципальный район,с Курманаевка,Оренбургская область,52.506886,52.067692
1691,Матвеевский,муниципальный район,с Матвеевка,Оренбургская область,53.511856,53.482029
1692,Новоорский,муниципальный район,п Новоорск,Оренбургская область,51.3812897,58.9857207
1693,Новосергиевский,муниципальный район,п Новосергиевка,Оренбургская область,52.081001,53.653702
1694,Октябрьский,муниципальный район,с Октябрьское,Оренбургская область,52.345226,55.507576
1695,Оренбургский,муниципальный район,г Оренбург,Оренбургская область,51.7671248,55.0978517
1696,Первомайский,муниципальный район,п Первомайский,Оренбургская область,51.902344,51.639091
1697,Переволоцкий,муниципальный район,п Переволоцкий,Оренбургская область,51.8749502,54.2080495
1698,Пономарёвский,муниципальный район,с Пономарёвка,Оренбургская область,53.314846,54.121265
1699,Сакмарский,муниципальный район,с Сакмара,Оренбургская область,51.9846,55.333401
1700,Саракташский,муниципальный район,п Саракташ,Оренбургская область,51.7833,56.3591
1701,Светлинский,муниципальный район,п Светлый,Оренбургская область,50.820313,60.850288
1702,Северный,муниципальный район,с Северное,Оренбургская область,54.091789,52.541626
1703,Ташлинский,муниципальный район,с Ташла,Оренбургская область,51.7696795,52.7403401
1704,Тоцкий,муниципальный район,с Тоцкое,Оренбургская область,52.530071,52.748413
1705,Тюльганский,муниципальный район,п Тюльган,Оренбургская область,52.342068,56.161255
1706,Шарлыкский,муниципальный район,с Шарлык,Оренбургская область,52.9276338,54.7455627
1707,Орёл,городской округ,г Орёл,Орловская область,52.968017149999994,36.09949941816104
1708,Ливны,городской округ,г Ливны,Орловская область,52.42861105,37.60360592292363
1709,Мценск,городской округ,г Мценск,Орловская область,53.28197315,36.56915665105407
1710,Болховский,муниципальный район,г Болхов,Орловская область,53.448994,36.002232
1711,Верховский,муниципальный район,пгт Верховье,Орловская область,52.810467,37.239925
1712,Глазуновский,муниципальный район,пгт Глазуновка,Орловская область,52.499466,36.322838
1713,Дмитровский,муниципальный район,г Дмитровск,Орловская область,52.509418,35.145725
1714,Должанский,муниципальный район,пгт Долгое,Орловская область,52.0552637,37.5295749
1715,Залегощенский,муниципальный район,пгт Залегощь,Орловская область,52.90242,36.893154
1716,Знаменский,муниципальный район,с Знаменское,Орловская область,53.276566,35.682129
1717,Колпнянский,муниципальный район,пгт Колпна,Орловская область,52.222736,37.028606
1718,Краснозоренский,муниципальный район,п Красная Заря,Орловская область,52.780712,37.690243
1719,Кромской,муниципальный район,пгт Кромы,Орловская область,52.688126,35.768337
1720,Корсаковский,муниципальный район,с Корсаково,Орловская область,53.266396,37.358795
1721,Ливенский,муниципальный район,г Ливны,Орловская область,52.42861105,37.60360592292363
1722,Малоархангельский,муниципальный район,г Малоархангельск,Орловская область,52.399578,36.504021
1723,Мценский,муниципальный район,г Мценск,Орловская область,53.28197315,36.56915665105407
1724,Новодеревеньковский,муниципальный район,пгт Хомутово,Орловская область,52.854115,37.446629
1725,Новосильский,муниципальный район,г Новосиль,Орловская область,52.972939,37.041908
1726,Орловский,муниципальный округ,г Орёл,Орловская область,52.968017149999994,36.09949941816104
1727,Покровский,муниципальный район,пгт Покровское,Орловская область,52.607849,36.866261
1728,Свердловский,муниципальный район,пгт Змиёвка,Орловская область,52.672192,36.380112
1729,Сосковский,муниципальный район,с Сосково,Орловская область,52.74749,35.38665
1730,Троснянский,муниципальный район,с Тросна,Орловская область,52.448105,35.780979
1731,Урицкий,муниципальный район,пгт Нарышкино,Орловская область,52.97002115,35.71989336815815
1732,Хотынецкий,муниципальный район,пгт Хотынец,Орловская область,53.12459645,35.40448606686389
1733,Шаблыкинский,муниципальный район,пгт Шаблыкино,Орловская область,52.853958,35.195244
1737,Башмаковский,муниципальный район,рп Башмаково,Пензенская область,53.2122204,43.0360244
1738,Бековский,муниципальный район,рп Беково,Пензенская область,52.4581207,43.7039446
1739,Белинский,муниципальный район,г Белинский,Пензенская область,52.9669338,43.4130625
1740,Бессоновский,муниципальный район,с Бессоновка,Пензенская область,53.309643,45.041382
1741,Вадинский,муниципальный район,с Вадинск,Пензенская область,53.689247,43.044308
1742,Городищенский,муниципальный район,г Городище,Пензенская область,53.273724,45.702282
1743,Земетчинский,муниципальный район,рп Земетчино,Пензенская область,53.4947753,42.618641
1744,Иссинский,муниципальный район,рп Исса,Пензенская область,53.865589,44.839645
1745,Каменский,муниципальный район,г Каменка,Пензенская область,53.1850012,44.0529066
1746,Камешкирский,муниципальный район,с Русский Камешкир,Пензенская область,52.862823,46.091095
1747,Колышлейский,муниципальный район,рп Колышлей,Пензенская область,52.702633,44.535477
1749,Лопатинский,муниципальный район,с Лопатино,Пензенская область,52.614059,45.810112
1750,Лунинский,муниципальный район,рп Лунино,Пензенская область,53.588295,45.222881
1751,Малосердобинский,муниципальный район,с Малая Сердоба,Пензенская область,52.46751,44.957035
1752,Мокшанский,муниципальный район,рп Мокшан,Пензенская область,53.439527,44.6059867
1753,Наровчатский,муниципальный район,с Наровчат,Пензенская область,53.879417,43.699471
1754,Неверкинский,муниципальный район,с Неверкино,Пензенская область,52.79063,46.738441
1755,Нижнеломовский,муниципальный район,г Нижний Ломов,Пензенская область,53.529991,43.673626
1756,Никольский,муниципальный район,г Никольск,Пензенская область,53.714596,46.085175
1757,Пачелмский,муниципальный район,рп Пачелма,Пензенская область,53.3320723,43.3199188
1758,Пензенский,муниципальный район,с Кондоль,Пензенская область,52.824474,45.049759
1759,Сердобский,муниципальный район,г Сердобск,Пензенская область,52.4559067,44.2029162
1760,Сосновоборский,муниципальный район,рп Сосновоборск,Пензенская область,53.294201,46.245583
1761,Спасский,муниципальный район,г Спасск,Пензенская область,53.92689525,43.19261628955434
1762,Тамалинский,муниципальный район,рп Тамала,Пензенская область,52.539822,43.255024
1763,Шемышейский,муниципальный район,рп Шемышейка,Пензенская область,52.894306,45.392784
1764,Псков,городской округ,г Псков,Псковская область,57.8173923,28.3343465
1765,Великие Луки,городской округ,г Великие Луки,Псковская область,56.342361,30.527922
1766,Бежаницкий,муниципальный район,рп Бежаницы,Псковская область,56.9738846,29.8845309
1767,Великолукский,муниципальный район,г Великие Луки,Псковская область,56.342361,30.527922
1768,Гдовский,муниципальный район,г Гдов,Псковская область,58.743066,27.8156854
1769,Дедовичский,муниципальный район,рп Дедовичи,Псковская область,57.551205,29.945297
1770,Дновский,муниципальный район,г Дно,Псковская область,57.8288277,29.9611357
1771,Красногородский,муниципальный округ,рп Красногородск,Псковская область,56.830654,28.284595
1772,Куньинский,муниципальный район,рп Кунья,Псковская область,56.294902,30.9819213
1773,Локнянский,муниципальный округ,рп Локня,Псковская область,56.824783,30.144482
1774,Невельский,муниципальный округ,г Невель,Псковская область,56.017616,29.917128
1775,Новоржевский,муниципальный округ,г Новоржев,Псковская область,57.031181,29.332918
1776,Новосокольнический,муниципальный район,г Новосокольники,Псковская область,56.34245945,30.15707084017992
1777,Опочецкий,муниципальный округ,г Опочка,Псковская область,56.71167,28.656818
1778,Островский,муниципальный район,г Остров,Псковская область,57.3414472,28.33858206894103
1779,Палкинский,муниципальный район,рп Палкино,Псковская область,57.540539,28.009026
1780,Печорский,муниципальный округ,г Печоры,Псковская область,57.813305,27.608185
1781,Плюсский,муниципальный район,рп Плюсса,Псковская область,58.420612,29.3706
1782,Порховский,муниципальный район,г Порхов,Псковская область,57.7680489,29.55114188079801
1783,Псковский,муниципальный район,г Псков,Псковская область,57.8173923,28.3343465
1784,Пустошкинский,муниципальный район,г Пустошка,Псковская область,56.33481725,29.37414069021668
1785,Пушкиногорский,муниципальный район,рп Пушкинские Горы,Псковская область,57.018421,28.917532
1786,Пыталовский,муниципальный округ,г Пыталово,Псковская область,57.062908,27.921061
1787,Себежский,муниципальный район,г Себеж,Псковская область,56.2774187,28.4848862
1788,Струго-Красненский,муниципальный округ,рп Струги Красные,Псковская область,58.2693219,29.1115963
1789,Усвятский,муниципальный район,рп Усвяты,Псковская область,55.7432428,30.7538528
1845,Рязань,городской округ,г Рязань,Рязанская область,54.6275359,39.7401716
1846,Касимов,городской округ,г Касимов,Рязанская область,54.939178,41.4065368680201
1847,Сасово,городской округ,г Сасово,Рязанская область,54.35392,41.926643
1848,Скопин,городской округ,г Скопин,Рязанская область,53.823524,39.549274
1849,Ермишинский,муниципальный район,рп Ермишь,Рязанская область,54.7677911,42.2760267
1850,Захаровский,муниципальный район,с Захарово,Рязанская область,54.370804,39.281532
1851,Кадомский,муниципальный район,рп Кадом,Рязанская область,54.5591315,42.4683026
1852,Касимовский,муниципальный район,г Касимов,Рязанская область,54.939178,41.4065368680201
1853,Клепиковский,муниципальный район,г Спас-Клепики,Рязанская область,55.130867,40.176037
1854,Кораблинский,муниципальный район,г Кораблино,Рязанская область,53.9268971,40.034462
1855,Милославский,муниципальный район,рп Милославское,Рязанская область,53.579839,39.445062
1856,Михайловский,муниципальный район,г Михайлов,Рязанская область,54.2443989,39.0473579
1857,Александро-Невский,муниципальный район,рп Александро-Невский,Рязанская область,53.47530065,40.20570951195819
1858,Пителинский,муниципальный район,рп Пителино,Рязанская область,54.575684,41.814919
1859,Пронский,муниципальный район,рп Пронск,Рязанская область,54.121353,39.605293
1860,Путятинский,муниципальный округ,с Путятино,Рязанская область,54.160557,41.121109
1861,Рыбновский,муниципальный район,г Рыбное,Рязанская область,54.7268415,39.5088612
1862,Ряжский,муниципальный округ,г Ряжск,Рязанская область,53.708878,40.062984
1863,Рязанский,муниципальный район,г Рязань,Рязанская область,54.6275359,39.7401716
1864,Сапожковский,муниципальный район,рп Сапожок,Рязанская область,53.943381,40.6826073
1865,Сараевский,муниципальный район,рп Сараи,Рязанская область,53.7212373,40.9967135
1868,Спасский,муниципальный район,г Спасск-Рязанский,Рязанская область,54.4078801,40.380539
1869,Старожиловский,муниципальный район,рп Старожилово,Рязанская область,54.228333,39.911388
1870,Ухоловский,муниципальный район,рп Ухолово,Рязанская область,53.791138,40.488274
1871,Чучковский,муниципальный район,рп Чучково,Рязанская область,54.2685218,41.4479928
1872,Шацкий,муниципальный район,г Шацк,Рязанская область,54.028687,41.712601
1873,Шиловский,муниципальный район,рп Шилово,Рязанская область,54.3226555,40.8874676
1874,Самара,городской округ,г Самара,Самарская область,53.2194648,50.2039316
1875,Жигулевск,городской округ,г Жигулевск,Самарская область,53.4005122,49.4955657
1876,Кинель,городской округ,г Кинель,Самарская область,53.219738,50.633228
1877,Новокуйбышевск,городской округ,г Новокуйбышевск,Самарская область,53.099243,49.948364
1878,Октябрьск,городской округ,г Октябрьск,Самарская область,53.18055005,48.74651999302929
1879,Отрадный,городской округ,г Отрадный,Самарская область,53.376175,51.348053
1880,Похвистнево,городской округ,г Похвистнево,Самарская область,53.646797,52.123344
1881,Сызрань,городской округ,г Сызрань,Самарская область,53.15538,48.474121
1882,Тольятти,городской округ,г Тольятти,Самарская область,53.5149884,49.4073316
1883,Чапаевск,городской округ,г Чапаевск,Самарская область,52.981285,49.711193
1884,Алексеевский,муниципальный район,с Алексеевка,Самарская область,52.58308,51.273315
1885,Безенчукский,муниципальный район,пгт Безенчук,Самарская область,52.985322,49.4322968
1886,Богатовский,муниципальный район,с Богатое,Самарская область,53.057625,51.333107
1887,Большеглушицкий,муниципальный район,с Большая Глушица,Самарская область,52.3921744,50.4723158
1888,Большечерниговский,муниципальный район,с Большая Черниговка,Самарская область,52.0951085,50.867893
1889,Борский,муниципальный район,с Борское,Самарская область,53.025925,51.698658
1890,Волжский,муниципальный район,г Самара,Самарская область,53.2194648,50.2039316
1891,Елховский,муниципальный район,с Елховка,Самарская область,53.8669944,50.2889016
1892,Исаклинский,муниципальный район,с Исаклы,Самарская область,54.1327138,51.5340222
1893,Камышлинский,муниципальный район,с Камышла,Самарская область,54.112331,52.144077
1894,Кинельский,муниципальный район,г Кинель,Самарская область,53.219738,50.633228
1895,Кинель-Черкасский,муниципальный район,с Кинель-Черкассы,Самарская область,53.4644344,51.4755083
1896,Клявлинский,муниципальный район,ж/д ст Клявлино,Самарская область,54.2648503,52.0262235
1897,Кошкинский,муниципальный район,с Кошки,Самарская область,54.2043367,50.4704827
1898,Красноармейский,муниципальный район,с Красноармейское,Самарская область,52.711071,50.033352
1899,Красноярский,муниципальный район,с Красный Яр,Самарская область,53.4935913,50.393488
1900,Нефтегорский,муниципальный район,г Нефтегорск,Самарская область,52.80381,51.163864
1901,Пестравский,муниципальный район,с Пестравка,Самарская область,52.4105973,49.9491334
1902,Похвистневский,муниципальный район,г Похвистнево,Самарская область,53.646797,52.123344
1903,Приволжский,муниципальный район,с Приволжье,Самарская область,52.859441,48.6015765
1904,Сергиевский,муниципальный район,с Сергиевск,Самарская область,53.94128,51.165012
1905,Ставропольский,муниципальный район,г Тольятти,Самарская область,53.5149884,49.4073316
1906,Сызранский,муниципальный район,г Сызрань,Самарская область,53.15538,48.474121
1907,Хворостянский,муниципальный район,с Хворостянка,Самарская область,52.617241,48.953163
1908,Челно-Вершинский,муниципальный район,с Челно-Вершины,Самарская область,54.4197817,51.0817001
1909,Шенталинский,муниципальный район,ж/д ст Шентала,Самарская область,54.4374232,51.4637213
1910,Шигонский,муниципальный район,с Шигоны,Самарская область,53.387,48.6782
1912,Шиханы,городской округ,г Шиханы,Саратовская область,52.114838,47.198475
1913,Михайловский,городской округ,п Михайловский,Саратовская область,51.76791,48.587875
1915,Александрово-Гайский,муниципальный район,с Александров Гай,Саратовская область,50.14246,48.568436
1916,Аркадакский,муниципальный район,г Аркадак,Саратовская область,51.942913,43.489098
1917,Аткарский,муниципальный район,г Аткарск,Саратовская область,51.8750207,44.997499
1918,Базарно-Карабулакский,муниципальный район,рп Базарный Карабулак,Саратовская область,52.277653,46.410679
1919,Балаковский,муниципальный район,г Балаково,Саратовская область,52.01812,47.819141
1920,Балашовский,муниципальный район,г Балашов,Саратовская область,51.5546717,43.1430732
1921,Балтайский,муниципальный район,с Балтай,Саратовская область,52.468105,46.628967
1922,Вольский,муниципальный район,г Вольск,Саратовская область,52.042755,47.386032
1923,Воскресенский,муниципальный район,с Воскресенское,Саратовская область,51.823921,46.931858
1924,Дергачевский,муниципальный район,рп Дергачи,Саратовская область,51.235374,48.768578
1925,Духовницкий,муниципальный район,рп Духовницкое,Саратовская область,52.4793156,48.2021353
1926,Екатериновский,муниципальный район,рп Екатериновка,Саратовская область,52.0536048,44.3498585
1927,Ершовский,муниципальный район,г Ершов,Саратовская область,51.349793,48.2657332
1928,Ивантеевский,муниципальный район,с Ивантеевка,Саратовская область,52.269524,49.107063
1929,Калининский,муниципальный район,г Калининск,Саратовская область,51.499947,44.484581
1930,Красноармейский,муниципальный район,г Красноармейск,Саратовская область,51.025776,45.69252
1931,Краснокутский,муниципальный район,г Красный Кут,Саратовская область,50.9459056,46.972462
1932,Краснопартизанский,муниципальный район,рп Горный,Саратовская область,51.756121,48.5385335
1933,Лысогорский,муниципальный район,рп Лысые Горы,Саратовская область,51.544968,44.836826
1934,Марксовский,муниципальный район,г Маркс,Саратовская область,51.7069911,46.7483653
1935,Новобурасский,муниципальный район,рп Новые Бурасы,Саратовская область,52.129726,46.076084
1936,Новоузенский,муниципальный район,г Новоузенск,Саратовская область,50.462326,48.135532
1937,Озинский,муниципальный район,рп Озинки,Саратовская область,51.198559,49.72654
1938,Перелюбский,муниципальный район,с Перелюб,Саратовская область,51.85857,50.344826
1939,Петровский,муниципальный район,г Петровск,Саратовская область,52.3094494,45.3889831
1940,Питерский,муниципальный район,с Питерка,Саратовская область,50.678619,47.443729
1941,Пугачевский,муниципальный район,г Пугачев,Саратовская область,52.0121253,48.8109795
1942,Ровенский,муниципальный район,рп Ровное,Саратовская область,50.775948,46.057549
1943,Романовский,муниципальный район,рп Романовка,Саратовская область,51.7410278,42.7557244
1944,Ртищевский,муниципальный район,г Ртищево,Саратовская область,52.2599057,43.7877429
1945,Самойловский,муниципальный район,рп Самойловка,Саратовская область,51.1860003,43.7067631
1947,Советский,муниципальный район,рп Степное,Саратовская область,51.378075,46.844463
1948,Татищевский,муниципальный район,рп Татищево,Саратовская область,51.672623,45.5947
1949,Турковский,муниципальный район,рп Турки,Саратовская область,51.9927589,43.2745396
1950,Федоровский,муниципальный район,рп Мокроус,Саратовская область,51.237442,47.51474
1951,Хвалынский,муниципальный район,г Хвалынск,Саратовская область,52.495499,48.105888
1952,Энгельсский,муниципальный район,г Энгельс,Саратовская область,51.5013775,46.1233093
1954,Александровск-Сахалинский,городской округ,г Александровск-Сахалинский,Сахалинская область,50.8974983,142.1591667
1955,Анивский,городской округ,г Анива,Сахалинская область,46.7147768,142.527515
1956,Долинский,городской округ,г Долинск,Сахалинская область,47.3241456,142.7979361
1957,Корсаковский,городской округ,г Корсаков,Сахалинская область,46.632815,142.7810147
1958,Курильский,городской округ,г Курильск,Сахалинская область,45.2290413,147.8751845
1959,Макаровский,городской округ,г Макаров,Сахалинская область,48.6242527,142.7814002
1960,Невельский,городской округ,г Невельск,Сахалинская область,46.6877802,141.8601144
1961,Ногликский,городской округ,пгт Ноглики,Сахалинская область,51.7953617,143.1365077
1962,Охинский,городской округ,г Оха,Сахалинская область,53.5891992,142.9496845
1963,Поронайский,городской округ,г Поронайск,Сахалинская область,49.2216366,143.1015759
1964,Северо-Курильский,городской округ,г Северо-Курильск,Сахалинская область,50.6683048,156.1154399
1965,Смирныховский,городской округ,пгт Смирных,Сахалинская область,49.7423531,142.8320066
1966,Томаринский,городской округ,г Томари,Сахалинская область,47.7612087,142.063478
1967,Тымовский,городской округ,пгт Тымовское,Сахалинская область,50.845556,142.655
1968,Углегорский,городской округ,г Углегорск,Сахалинская область,49.079296,142.0633622
1969,Холмский,городской округ,г Холмск,Сахалинская область,47.0545875,142.0487125
1970,Южно-Курильский,городской округ,пгт Южно-Курильск,Сахалинская область,44.0270756,145.8613722
1971,Екатеринбург,городской округ,г Екатеринбург,Свердловская область,56.839104,60.60825
1972,Алапаевск,городской округ,г Алапаевск,Свердловская область,57.850811,61.695
1973,Артемовский,городской округ,г Артемовский,Свердловская область,57.3431854,61.8775035
1974,Асбестовский,городской округ,г Асбест,Свердловская область,57.0052746,61.4580765
1975,Малышевский,городской округ,рп Малышева,Свердловская область,57.116123,61.397663
1976,Рефтинский,городской округ,рп Рефтинский,Свердловская область,57.09153,61.678349
1977,Березовский,городской округ,г Березовский,Свердловская область,56.9097871,60.8120254
1978,Богданович,городской округ,г Богданович,Свердловская область,56.7683407,62.0520774
1979,Верхняя Пышма,городской округ,г Верхняя Пышма,Свердловская область,56.9724682,60.5738926
1980,Среднеуральск,городской округ,г Среднеуральск,Свердловская область,56.991631,60.46888
1981,Верхнесалдинский,городской округ,г Верхняя Салда,Свердловская область,58.043598,60.554832
1982,Заречный,городской округ,г Заречный,Свердловская область,56.8149706,61.3205936
1983,Ивдельский,городской округ,г Ивдель,Свердловская область,60.6973287,60.4172583
1984,Пелым,городской округ,рп Пелым,Свердловская область,61.017914,61.990154
1985,Ирбит,городской округ,г Ирбит,Свердловская область,57.674042,63.063778
1986,Каменск-Уральский,городской округ,г Каменск-Уральский,Свердловская область,56.415451,61.917797
1987,Камышловский,городской округ,г Камышлов,Свердловская область,56.8484356,62.71879520931047
1988,Карпинск,городской округ,г Карпинск,Свердловская область,59.7667893,60.0009267
1989,Волчанский,городской округ,г Волчанск,Свердловская область,59.9347177,60.0779677
1990,Качканарский,городской округ,г Качканар,Свердловская область,58.6981697,59.4810114
1991,Кировградский,городской округ,г Кировград,Свердловская область,57.4264892,60.0664537
1992,Верхний Тагил,городской округ,г Верхний Тагил,Свердловская область,57.3745174,59.9320798
1993,Краснотурьинск,городской округ,г Краснотурьинск,Свердловская область,59.764631,60.1936117
1994,Красноуральск,городской округ,г Красноуральск,Свердловская область,58.357063,60.037445
1995,Красноуфимск,городской округ,г Красноуфимск,Свердловская область,56.6180735,57.7713452
1996,Кушвинский,городской округ,г Кушва,Свердловская область,58.2816811,59.7625022
1997,Верхняя Тура,городской округ,г Верхняя Тура,Свердловская область,58.3605,59.81823
1999,Невьянский,городской округ,г Невьянск,Свердловская область,57.4924036,60.2105408
2000,Нижний Тагил,городской округ,г Нижний Тагил,Свердловская область,57.905149,59.9508466
2001,Нижняя Салда,городской округ,г Нижняя Салда,Свердловская область,58.071352,60.7146772
2002,Нижнетуринский,городской округ,г Нижняя Тура,Свердловская область,58.6207762,59.8473233
2004,Первоуральск,городской округ,г Первоуральск,Свердловская область,56.90839575,59.94301101449327
2005,Полевской,городской округ,г Полевской,Свердловская область,56.442108,60.165859
2006,Ревда,городской округ,г Ревда,Свердловская область,56.8000651,59.9086688
2007,Дегтярск,городской округ,г Дегтярск,Свердловская область,56.698341,60.086807
2008,Режевской,городской округ,г Реж,Свердловская область,57.370647,61.4042865
2009,Североуральский,городской округ,г Североуральск,Свердловская область,60.15016,59.960517
2010,Серовский,городской округ,г Серов,Свердловская область,59.6051267,60.5733483
2011,Сухой Лог,городской округ,г Сухой Лог,Свердловская область,56.9047389,62.0350233
2012,Тавдинский,городской округ,г Тавда,Свердловская область,58.0413743,65.2719986
2015,Алапаевское,городской округ,г Алапаевск,Свердловская область,57.850811,61.695
2016,Махнёвское,городской округ,пгт Махнёво,Свердловская область,58.447056,61.707623
2017,Артинский,городской округ,рп Арти,Свердловская область,56.4255703,58.5326906
2018,Ачитский,городской округ,рп Ачит,Свердловская область,56.801308,57.898392
2019,Белоярский,городской округ,рп Белоярский,Свердловская область,56.761642,61.414257
2020,Верхнее Дуброво,городской округ,рп Верхнее Дуброво,Свердловская область,56.7549822,61.043128
2021,Верхотурский,городской округ,г Верхотурье,Свердловская область,58.861702,60.809338
2022,Гаринский,городской округ,рп Гари,Свердловская область,59.427441,62.35247
2023,Ирбитское,городской округ,г Ирбит,Свердловская область,57.674042,63.063778
2024,Каменский,городской округ,г Каменск-Уральский,Свердловская область,56.415451,61.917797
2025,Красноуфимский,городской округ,г Красноуфимск,Свердловская область,56.6180735,57.7713452
2026,Верх-Нейвинский,городской округ,рп Верх-Нейвинский,Свердловская область,57.2656361,60.131616
2027,Бисертский,городской округ,рп Бисерть,Свердловская область,56.8518027,59.0530375
2028,Новолялинский,городской округ,г Новая Ляля,Свердловская область,59.052734,60.595974
2029,Горноуральский,городской округ,г Нижний Тагил,Свердловская область,57.905149,59.9508466
2030,Пышминский,городской округ,рп Пышма,Свердловская область,56.950695,63.246532
2031,Сосьвинский,городской округ,рп Сосьва,Свердловская область,59.173889,61.861935
2032,Сысертский,городской округ,г Сысерть,Свердловская область,56.5030175,60.8093215
2033,Арамильский,городской округ,г Арамиль,Свердловская область,56.6962917,60.8330976
2034,Талицкий,городской округ,г Талица,Свердловская область,57.014816,63.730244
2035,Тугулымский,городской округ,рп Тугулым,Свердловская область,57.059,64.6406
2036,Туринский,городской округ,г Туринск,Свердловская область,58.0525487,63.6908787
2037,Шалинский,городской округ,рп Шаля,Свердловская область,57.2461908,58.7292306
2038,Староуткинск,городской округ,рп Староуткинск,Свердловская область,57.2281921,59.3234276
2039,Байкаловский,муниципальный район,с Байкалово,Свердловская область,57.393711,63.764805
2040,Камышловский,муниципальный район,г Камышлов,Свердловская область,56.8484356,62.71879520931047
2041,Слободо-Туринский,муниципальный район,с Туринская Слобода,Свердловская область,57.61797,64.384918
2042,Нижнесергинский,муниципальный район,г Нижние Серги,Свердловская область,56.6619,59.30003
2043,Таборинский,муниципальный район,с Таборы,Свердловская область,58.5196678,64.5566111
2044,Смоленск,городской округ,г Смоленск,Смоленская область,54.7814057,32.0461261
2045,Десногорск,городской округ,г Десногорск,Смоленская область,54.1516661,33.2881028
2046,Велижский,муниципальный район,г Велиж,Смоленская область,55.6045223,31.1949976
2047,Вяземский,муниципальный район,г Вязьма,Смоленская область,55.1835215,34.33816673607038
2048,Гагаринский,муниципальный район,г Гагарин,Смоленская область,55.55338655,34.99051315482606
2049,Глинковский,муниципальный район,с Глинка,Смоленская область,54.6425664,32.8729273
2050,Демидовский,муниципальный район,г Демидов,Смоленская область,55.2643778,31.5178326
2051,Дорогобужский,муниципальный район,г Дорогобуж,Смоленская область,54.9148236,33.2989051
2052,Духовщинский,муниципальный район,г Духовщина,Смоленская область,55.1907803,32.4060434
2053,Ельнинский,муниципальный район,г Ельня,Смоленская область,54.5764954,33.1891698
2054,Ершичский,муниципальный район,с Ершичи,Смоленская область,53.673527,32.748249
2055,Кардымовский,муниципальный район,пгт Кардымово,Смоленская область,54.8900665,32.43418980060523
2056,Краснинский,муниципальный район,пгт Красный,Смоленская область,54.569439,31.439449
2057,Монастырщинский,муниципальный район,пгт Монастырщина,Смоленская область,54.3515818,31.8364896
2058,Новодугинский,муниципальный район,с Новодугино,Смоленская область,55.630033,34.3010323
2059,Починковский,муниципальный район,г Починок,Смоленская область,54.40639235,32.4440643251997
2060,Рославльский,муниципальный район,г Рославль,Смоленская область,53.9448028,32.84788573198853
2061,Руднянский,муниципальный район,г Рудня,Смоленская область,54.945702,31.074255612186295
2062,Сафоновский,муниципальный район,г Сафоново,Смоленская область,55.1084278,33.2376513
2063,Смоленский,муниципальный район,г Смоленск,Смоленская область,54.7814057,32.0461261
2064,Сычевский,муниципальный район,г Сычевка,Смоленская область,55.8269908,34.2770455
2065,Темкинский,муниципальный район,с Темкино,Смоленская область,55.08142515,35.0033334683642
2066,Угранский,муниципальный район,с Угра,Смоленская область,54.7813043,34.3185555
2067,Хиславичский,муниципальный район,пгт Хиславичи,Смоленская область,54.18577,32.1578503
2068,Холм-Жирковский,муниципальный район,пгт Холм-Жирковский,Смоленская область,55.51387,33.488632
2069,Шумячский,муниципальный район,пгт Шумячи,Смоленская область,53.8555499,32.4259307
2070,Ярцевский,муниципальный район,г Ярцево,Смоленская область,55.0662279,32.6883609
2072,Кирсанов,городской округ,г Кирсанов,Тамбовская область,52.6509234,42.730153444216725
2073,Котовск,городской округ,г Котовск,Тамбовская область,52.59332675,41.51307094486082
2074,Мичуринск,городской округ,г Мичуринск,Тамбовская область,52.89899355,40.483265772681726
2075,Моршанск,городской округ,г Моршанск,Тамбовская область,53.4428,41.813
2076,Рассказово,городской округ,г Рассказово,Тамбовская область,52.6657884,41.89469890606984
2077,Уварово,городской округ,г Уварово,Тамбовская область,51.9807749,42.265422534423614
2078,Бондарский,муниципальный округ,с Бондари,Тамбовская область,52.9502841,42.0663629
2079,Гавриловский,муниципальный округ,с Гавриловка 2-я,Тамбовская область,52.876944,42.770992
2080,Жердевский,муниципальный округ,г Жердевка,Тамбовская область,51.843933,41.470367
2081,Знаменский,муниципальный округ,рп Знаменка,Тамбовская область,52.4111427,41.4432947
2082,Инжавинский,муниципальный округ,рп Инжавино,Тамбовская область,52.3183696,42.4953939
2083,Кирсановский,муниципальный округ,г Кирсанов,Тамбовская область,52.6509234,42.730153444216725
2085,Мордовский,муниципальный округ,рп Мордово,Тамбовская область,52.089058,40.762287
2086,Моршанский,муниципальный округ,г Моршанск,Тамбовская область,53.4428,41.813
2087,Мучкапский,муниципальный округ,рп Мучкапский,Тамбовская область,51.8473199,42.4699106
2088,Никифоровский,муниципальный округ,рп Дмитриевка,Тамбовская область,52.8785209,40.7928771
2089,Первомайский,муниципальный округ,рп Первомайский,Тамбовская область,53.244999,40.285099
2090,Петровский,муниципальный округ,с Петровское,Тамбовская область,52.633202,40.2603
2091,Пичаевский,муниципальный округ,с Пичаево,Тамбовская область,53.2342209,42.2036841
2092,Рассказовский,муниципальный округ,г Рассказово,Тамбовская область,52.6657884,41.89469890606984
2093,Ржаксинский,муниципальный округ,рп Ржакса,Тамбовская область,52.2204809,42.1090698
2094,Сампурский,муниципальный округ,п Сатинка,Тамбовская область,52.377113,41.673679
2095,Сосновский,муниципальный округ,рп Сосновка,Тамбовская область,53.232201,41.369202
2096,Староюрьевский,муниципальный округ,с Староюрьево,Тамбовская область,53.3227111,40.6992188
2098,Токарёвский,муниципальный округ,рп Токарёвка,Тамбовская область,51.9939,41.1618
2099,Уваровский,муниципальный округ,г Уварово,Тамбовская область,51.9807749,42.265422534423614
2100,Умётский,муниципальный округ,рп Умёт,Тамбовская область,52.560272,42.968578
2101,Тверь,городской округ,г Тверь,Тверская область,56.858675,35.9208284
2105,Осташковский,городской округ,г Осташков,Тверская область,57.1557583,33.1013213
2108,Торжок,городской округ,г Торжок,Тверская область,57.0501176,34.95641719793115
2109,Удомельский,городской округ,г Удомля,Тверская область,57.877998,35.0042
2110,Андреапольский,муниципальный округ,г Андреаполь,Тверская область,56.646801,32.26532
2111,Бежецкий,муниципальный округ,г Бежецк,Тверская область,57.781357,36.692535
2112,Бельский,муниципальный округ,г Белый,Тверская область,55.833073,32.939487
2113,Бологовский,муниципальный округ,г Бологое,Тверская область,57.885204,34.049603
2114,Весьегонский,муниципальный округ,г Весьегонск,Тверская область,58.6637264,37.2626496
2116,Жарковский,муниципальный округ,пгт Жарковский,Тверская область,55.8479449,32.2626969
2117,Западнодвинский,муниципальный округ,г Западная Двина,Тверская область,56.2588287,32.0707122
2118,Зубцовский,муниципальный округ,г Зубцов,Тверская область,56.170071,34.585182
2119,Калининский,муниципальный округ,г Тверь,Тверская область,56.858675,35.9208284
2120,Калязинский,муниципальный округ,г Калязин,Тверская область,57.2400206,37.8404883
2121,Кашинский,городской округ,г Кашин,Тверская область,57.361755,37.611454
2122,Кесовогорский,муниципальный округ,пгт Кесова Гора,Тверская область,57.579342,37.295616
2124,Конаковский,муниципальный округ,г Конаково,Тверская область,56.7131572,36.7775654
2125,Краснохолмский,муниципальный округ,г Красный Холм,Тверская область,58.056507,37.114731
2126,Кувшиновский,муниципальный округ,г Кувшиново,Тверская область,57.0314657,34.1796637
2127,Лесной,муниципальный округ,с Лесное,Тверская область,58.2846441,35.5248456
2128,Лихославльский,муниципальный округ,г Лихославль,Тверская область,57.1244437,35.4665276
2129,Максатихинский,муниципальный округ,пгт Максатиха,Тверская область,57.797325,35.87904
2130,Молоковский,муниципальный округ,пгт Молоково,Тверская область,58.1630255,36.7661137
2131,Нелидовский,городской округ,г Нелидово,Тверская область,56.226097,32.771111
2132,Оленинский,муниципальный округ,пгт Оленино,Тверская область,56.208992,33.480034
2133,Пеновский,муниципальный округ,пгт Пено,Тверская область,56.92379,32.744606
2134,Рамешковский,муниципальный округ,пгт Рамешки,Тверская область,57.3453001,36.0453999
2136,Сандовский,муниципальный округ,пгт Сандово,Тверская область,58.461376,36.411373
2137,Селижаровский,муниципальный округ,пгт Селижарово,Тверская область,56.855633,33.452286
2138,Сонковский,муниципальный округ,пгт Сонково,Тверская область,57.7809325,37.1653992
2139,Спировский,муниципальный округ,пгт Спирово,Тверская область,57.4215311,34.9932788
2140,Старицкий,муниципальный округ,г Старица,Тверская область,56.5081105,34.9314738
2142,Торопецкий,муниципальный округ,г Торопец,Тверская область,56.496479,31.641077
2143,Фировский,муниципальный округ,пгт Фирово,Тверская область,57.481045,33.698059
2144,Томск,городской округ,г Томск,Томская область,56.4887526,84.9523434
2145,Кедровый,городской округ,г Кедровый,Томская область,57.56192,79.570801
2146,Стрежевой,городской округ,г Стрежевой,Томская область,60.732758,77.600807
2148,Александровский,муниципальный район,с Александровское,Томская область,60.431446,77.86584499999998
2149,Асиновский,муниципальный район,г Асино,Томская область,56.999187,86.14167
2150,Бакчарский,муниципальный район,с Бакчар,Томская область,57.020538,82.066872
2151,Верхнекетский,муниципальный район,рп Белый Яр,Томская область,58.4475598,85.03893069999998
2152,Зырянский,муниципальный район,с Зырянское,Томская область,56.834206,86.621178
2153,Каргасокский,муниципальный район,с Каргасок,Томская область,59.0598053,80.87087189999998
2154,Кожевниковский,муниципальный район,с Кожевниково,Томская область,56.2600069,83.9750781
2155,Колпашевский,муниципальный район,г Колпашево,Томская область,58.313667,82.903557
2156,Кривошеинский,муниципальный район,с Кривошеино,Томская область,57.343742,83.930153
2157,Молчановский,муниципальный район,с Молчаново,Томская область,57.581014,83.7605886
2158,Парабельский,муниципальный район,с Парабель,Томская область,58.5997257,80.9445602
2159,Первомайский,муниципальный район,с Первомайское,Томская область,57.070614,86.226082
2160,Тегульдетский,муниципальный район,с Тегульдет,Томская область,57.306404,88.167168
2161,Томский,муниципальный район,г Томск,Томская область,56.4887526,84.9523434
2162,Чаинский,муниципальный район,с Подгорное,Томская область,57.7915323,82.6441106
2163,Шегарский,муниципальный район,с Мельниково,Томская область,56.554417,84.09040799999998
2164,Тула,городской округ,г Тула,Тульская область,54.1930321,37.61754
2165,Алексин,городской округ,г Алексин,Тульская область,54.5028103,37.0667213
2166,Новогуровский,городской округ,рп Новогуровский,Тульская область,54.4681741,37.3401784
2167,Донской,городской округ,г Донской,Тульская область,53.9729348,38.32639150177284
2168,Ефремов,городской округ,г Ефремов,Тульская область,53.141834,38.116188
2169,Новомосковск,городской округ,г Новомосковск,Тульская область,54.011013,38.290943
2170,Славный,городской округ,пгт Славный,Тульская область,53.5476674,36.472999
2171,Арсеньевский,муниципальный район,рп Арсеньево,Тульская область,53.7357884,36.6620997
2172,Белевский,муниципальный район,г Белев,Тульская область,53.811798,36.137001
2173,Богородицкий,муниципальный район,г Богородицк,Тульская область,53.773571,38.126965
2174,Веневский,муниципальный район,г Венев,Тульская область,54.3504,38.2656
2175,Воловский,муниципальный район,рп Волово,Тульская область,53.5548,38.006
2176,Дубенский,муниципальный район,рп Дубна,Тульская область,54.1524925,36.9591856
2177,Заокский,муниципальный район,рп Заокский,Тульская область,54.7331733,37.3989781
2178,Каменский,муниципальный район,с Архангельское,Тульская область,53.2586327,37.6959452
2179,Кимовский,муниципальный район,г Кимовск,Тульская область,53.9699,38.5327
2180,Киреевский,муниципальный район,г Киреевск,Тульская область,53.926712,37.929916
2181,Куркинский,муниципальный район,рп Куркино,Тульская область,53.4247526,38.6571206
2182,Одоевский,муниципальный район,рп Одоев,Тульская область,53.936798,36.687901
2183,Плавский,муниципальный район,г Плавск,Тульская область,53.7068732,37.2920333
2184,Суворовский,муниципальный район,г Суворов,Тульская область,54.12236,36.500027
2185,Тепло-Огаревский,муниципальный район,рп Теплое,Тульская область,53.6233396,37.5905627
2186,Узловский,муниципальный район,г Узловая,Тульская область,53.978512,38.160255
2187,Чернский,муниципальный район,рп Чернь,Тульская область,53.450928,36.910103
2188,Щекинский,муниципальный район,г Щекино,Тульская область,54.004465,37.5179079
2189,Ясногорский,муниципальный район,г Ясногорск,Тульская область,54.4792708,37.693329
2190,Тюмень,городской округ,г Тюмень,Тюменская область,57.153534,65.542274
2191,Заводоуковский,городской округ,г Заводоуковск,Тюменская область,56.509293,66.539261
2192,Ишим,городской округ,г Ишим,Тюменская область,56.09537715,69.46592795241014
2193,Тобольск,городской округ,г Тобольск,Тюменская область,58.1998048,68.2512924
2194,Ялуторовск,городской округ,г Ялуторовск,Тюменская область,56.64897495,66.2968841383236
2195,Абатский,муниципальный район,с Абатское,Тюменская область,56.289024,70.453026
2196,Армизонский,муниципальный район,с Армизонское,Тюменская область,55.945129,67.685402
2197,Аромашевский,муниципальный район,с Аромашево,Тюменская область,56.865017,68.6473468
2198,Бердюжский,муниципальный район,с Бердюжье,Тюменская область,55.805538,68.308907
2199,Вагайский,муниципальный район,с Вагай,Тюменская область,57.9352224,69.0125864
2200,Викуловский,муниципальный район,с Викулово,Тюменская область,56.815155,70.605362
2201,Голышмановский,городской округ,рп Голышманово,Тюменская область,56.3955,68.375
2202,Исетский,муниципальный район,с Исетское,Тюменская область,56.475377,65.3286838
2203,Ишимский,муниципальный район,г Ишим,Тюменская область,56.09537715,69.46592795241014
2204,Казанский,муниципальный район,с Казанское,Тюменская область,55.6434378,69.2419265
2205,Нижнетавдинский,муниципальный район,с Нижняя Тавда,Тюменская область,57.665195,66.172325
2206,Омутинский,муниципальный район,с Омутинское,Тюменская область,56.476646,67.66394
2207,Сладковский,муниципальный район,с Сладково,Тюменская область,55.528728,70.347
2208,Сорокинский,муниципальный район,с Большое Сорокино,Тюменская область,56.6295759,69.8076705
2209,Тобольский,муниципальный район,г Тобольск,Тюменская область,58.1998048,68.2512924
2210,Тюменский,муниципальный район,г Тюмень,Тюменская область,57.153534,65.542274
2211,Уватский,муниципальный район,с Уват,Тюменская область,59.1428822,68.8961724
2212,Упоровский,муниципальный район,с Упорово,Тюменская область,56.312378,66.267189
2213,Юргинский,муниципальный район,с Юргинское,Тюменская область,56.818596,67.392548
2214,Ялуторовский,муниципальный район,г Ялуторовск,Тюменская область,56.64897495,66.2968841383236
2215,Ярковский,муниципальный район,с Ярково,Тюменская область,57.405594,67.07177
2216,Ханты-Мансийск,городской округ,г Ханты-Мансийск,Ханты-Мансийский автономный округ — Югра,61.0034448,69.0190006
2217,Когалым,городской округ,г Когалым,Ханты-Мансийский автономный округ — Югра,62.26798,74.48890679999998
2218,Лангепас,городской округ,г Лангепас,Ханты-Мансийский автономный округ — Югра,61.25166204999999,75.17881042039596
2219,Мегион,городской округ,г Мегион,Ханты-Мансийский автономный округ — Югра,61.035404,76.108215
2220,Нефтеюганск,городской округ,г Нефтеюганск,Ханты-Мансийский автономный округ — Югра,61.0962043,72.6111908351568
2221,Нижневартовск,городской округ,г Нижневартовск,Ханты-Мансийский автономный округ — Югра,60.9391866,76.55117870683605
2222,Нягань,городской округ,г Нягань,Ханты-Мансийский автономный округ — Югра,62.1650621,65.45441966394608
2223,Покачи,городской округ,г Покачи,Ханты-Мансийский автономный округ — Югра,61.73768990000001,75.60509414915978
2224,Пыть-Ях,городской округ,г Пыть-Ях,Ханты-Мансийский автономный округ — Югра,60.7097399,72.85847962489734
2225,Радужный,городской округ,г Радужный,Ханты-Мансийский автономный округ — Югра,62.135315,77.46261599999998
2226,Сургут,городской округ,г Сургут,Ханты-Мансийский автономный округ — Югра,61.2922349,73.41583674801504
2227,Урай,городской округ,г Урай,Ханты-Мансийский автономный округ — Югра,60.1192579,64.7599996856959
2228,Югорск,городской округ,г Югорск,Ханты-Мансийский автономный округ — Югра,61.3159174,63.3344785884512
2229,Белоярский,муниципальный район,г Белоярский,Ханты-Мансийский автономный округ — Югра,63.68158065,66.75617738996769
2230,Березовский,муниципальный район,пгт Березово,Ханты-Мансийский автономный округ — Югра,63.935246,65.053566
2231,Кондинский,муниципальный район,пгт Междуреченский,Ханты-Мансийский автономный округ — Югра,59.5924863,65.90851
2232,Нефтеюганский,муниципальный район,г Нефтеюганск,Ханты-Мансийский автономный округ — Югра,61.0962043,72.6111908351568
2233,Нижневартовский,муниципальный район,г Нижневартовск,Ханты-Мансийский автономный округ — Югра,60.9391866,76.55117870683605
2234,Октябрьский,муниципальный район,пгт Октябрьское,Ханты-Мансийский автономный округ — Югра,62.459541,66.045067
2235,Советский,муниципальный район,г Советский,Ханты-Мансийский автономный округ — Югра,61.35802885,63.56218800350869
2236,Сургутский,муниципальный район,г Сургут,Ханты-Мансийский автономный округ — Югра,61.2922349,73.41583674801504
2237,Ханты-Мансийский,муниципальный район,г Ханты-Мансийск,Ханты-Мансийский автономный округ — Югра,61.0034448,69.0190006
2238,Салехард,городской округ,г Салехард,Ямало-Ненецкий автономный округ,66.34953595,66.63347415344438
2241,Муравленко,городской округ,г Муравленко,Ямало-Ненецкий автономный округ,63.7947977,74.4969322
2242,Новый Уренгой,городской округ,г Новый Уренгой,Ямало-Ненецкий автономный округ,66.02896595,78.08097865620685
2243,Ноябрьск,городской округ,г Ноябрьск,Ямало-Ненецкий автономный округ,63.1191178,75.34670351236167
2244,Красноселькупский,муниципальный округ,с Красноселькуп,Ямало-Ненецкий автономный округ,65.704239,82.458855
2245,Надымский,муниципальный округ,г Надым,Ямало-Ненецкий автономный округ,65.532,72.52
2248,Тазовский,муниципальный округ,п Тазовский,Ямало-Ненецкий автономный округ,67.4735321,78.7149206
2249,Шурышкарский,муниципальный округ,с Мужи,Ямало-Ненецкий автономный округ,65.400004,64.7018584
2250,Ямальский,муниципальный округ,с Яр-Сале,Ямало-Ненецкий автономный округ,66.865563,70.83653
2251,Ульяновск,городской округ,г Ульяновск,Ульяновская область,54.3150278,48.403373
2252,Димитровград,городской округ,г Димитровград,Ульяновская область,54.2188995,49.6038982
2253,Новоульяновск,городской округ,г Новоульяновск,Ульяновская область,54.1502073,48.3856508
2254,Базарносызганский,муниципальный район,рп Базарный Сызган,Ульяновская область,53.7482676,46.7584818
2255,Барышский,муниципальный район,г Барыш,Ульяновская область,53.6540758,47.1013737
2256,Вешкаймский,муниципальный район,рп Вешкайма,Ульяновская область,54.0487859,47.1238442
2257,Инзенский,муниципальный район,г Инза,Ульяновская область,53.8579402,46.3573236
2258,Карсунский,муниципальный район,рп Карсун,Ульяновская область,54.1970553,46.9793449
2259,Кузоватовский,муниципальный район,рп Кузоватово,Ульяновская область,53.5408,47.685
2260,Майнский,муниципальный район,рп Майна,Ульяновская область,54.1140512,47.6264897
2261,Мелекесский,муниципальный район,г Димитровград,Ульяновская область,54.2188995,49.6038982
2262,Николаевский,муниципальный район,рп Николаевка,Ульяновская область,53.1311155,47.2003659
2263,Новомалыклинский,муниципальный район,с Новая Малыкла,Ульяновская область,54.2050657,49.9308434
2264,Новоспасский,муниципальный район,рп Новоспасское,Ульяновская область,53.1492062,47.7526084
2265,Павловский,муниципальный район,рп Павловка,Ульяновская область,52.6894894,47.1398473
2266,Радищевский,муниципальный район,рп Радищево,Ульяновская область,52.8520485,47.8706585
2267,Сенгилеевский,муниципальный район,г Сенгилей,Ульяновская область,53.9588733,48.7872182
2268,Старокулаткинский,муниципальный район,рп Старая Кулатка,Ульяновская область,52.7313796,47.6207042
2269,Старомайнский,муниципальный район,рп Старая Майна,Ульяновская область,54.6070643,48.9258988
2270,Сурский,муниципальный район,рп Сурское,Ульяновская область,54.4800412,46.7234429
2271,Тереньгульский,муниципальный район,рп Тереньга,Ульяновская область,53.7161121,48.367123
2272,Ульяновский,муниципальный район,рп Ишеевка,Ульяновская область,54.4269176,48.2749899
2273,Цильнинский,муниципальный район,с Большое Нагаткино,Ульяновская область,54.5195634,47.9678555
2274,Чердаклинский,муниципальный район,рп Чердаклы,Ульяновская область,54.3600605,48.8489979
2275,Челябинский,городской округ,г Челябинск,Челябинская область,55.1598408,61.4025547
2276,Верхнеуфалейский,городской округ,г Верхний Уфалей,Челябинская область,56.052029,60.226448
2278,Карабашский,городской округ,г Карабаш,Челябинская область,55.4885688,60.2028784
2279,Копейский,городской округ,г Копейск,Челябинская область,55.1131951,61.6216332
2280,Кыштымский,городской округ,г Кыштым,Челябинская область,55.7099215,60.5511275
2281,Магнитогорский,городской округ,г Магнитогорск,Челябинская область,53.4242184,58.983136
2282,Миасский,городской округ,г Миасс,Челябинская область,55.0505685,60.1087125
2286,Троицкий,городской округ,г Троицк,Челябинская область,54.0847722,61.5514047
2287,Усть-Катавский,городской округ,г Усть-Катав,Челябинская область,54.9308,58.17484
2288,Чебаркульский,городской округ,г Чебаркуль,Челябинская область,54.977795,60.37009
2289,Южноуральский,городской округ,г Южноуральск,Челябинская область,54.4425364,61.2682731
2291,Агаповский,муниципальный район,с Агаповка,Челябинская область,53.296947,59.134914
2292,Аргаяшский,муниципальный район,с Аргаяш,Челябинская область,55.4908093,60.8776278
2293,Ашинский,муниципальный район,г Аша,Челябинская область,54.9908896,57.2780531
2294,Брединский,муниципальный район,п Бреды,Челябинская область,52.4223974,60.3372556
2295,Варненский,муниципальный район,с Варна,Челябинская область,53.3778252,60.9783588
2296,Верхнеуральский,муниципальный район,г Верхнеуральск,Челябинская область,53.8753392,59.2197592
2297,Еманжелинский,муниципальный район,г Еманжелинск,Челябинская область,54.759121,61.313198
2298,Еткульский,муниципальный район,с Еткуль,Челябинская область,54.828304,61.592037
2299,Карталинский,муниципальный район,г Карталы,Челябинская область,53.053261,60.639172
2300,Каслинский,муниципальный район,г Касли,Челябинская область,55.8904193,60.7538518
2301,Катав-Ивановский,муниципальный район,г Катав-Ивановск,Челябинская область,54.753479,58.205784
2302,Кизильский,муниципальный район,с Кизильское,Челябинская область,52.72554,58.893696
2303,Коркинский,муниципальный округ,г Коркино,Челябинская область,54.889923,61.407963
2304,Красноармейский,муниципальный район,с Миасское,Челябинская область,55.283096,61.893074
2305,Кунашакский,муниципальный район,с Кунашак,Челябинская область,55.698971,61.550903
2307,Нагайбакский,муниципальный район,с Фершампенуаз,Челябинская область,53.5214103,59.8112001
2308,Нязепетровский,муниципальный район,г Нязепетровск,Челябинская область,56.055508,59.598629
2309,Октябрьский,муниципальный район,с Октябрьское,Челябинская область,54.410706,62.728809
2310,Пластовский,муниципальный район,г Пласт,Челябинская область,54.369812,60.807091
2311,Саткинский,муниципальный район,г Сатка,Челябинская область,55.040287,59.028034
2312,Сосновский,муниципальный район,с Долгодеревенское,Челябинская область,55.3462664,61.341587
2314,Увельский,муниципальный район,п Увельский,Челябинская область,54.441994,61.354397
2315,Уйский,муниципальный район,с Уйское,Челябинская область,54.373421,60.005447
2316,Чебаркульский,муниципальный район,г Чебаркуль,Челябинская область,54.977795,60.37009
2317,Чесменский,муниципальный район,с Чесма,Челябинская область,53.8131555,60.6532186
2318,Ярославль,городской округ,г Ярославль,Ярославская область,57.6263877,39.8933705
2320,Рыбинск,городской округ,г Рыбинск,Ярославская область,58.050373,38.834637
2321,Большесельский,муниципальный район,с Большое Село,Ярославская область,57.7184728,38.9355599
2322,Борисоглебский,муниципальный район,рп Борисоглебский,Ярославская область,57.259,39.15
2323,Брейтовский,муниципальный район,с Брейтово,Ярославская область,58.3033237,37.8594763
2324,Гаврилов-Ямский,муниципальный район,г Гаврилов-Ям,Ярославская область,57.3032827,39.8537697
2325,Даниловский,муниципальный район,г Данилов,Ярославская область,58.188808,40.175114
2326,Любимский,муниципальный район,г Любим,Ярославская область,58.3595618,40.6866038
2327,Мышкинский,муниципальный район,г Мышкин,Ярославская область,57.784725,38.451595
2328,Некоузский,муниципальный район,с Новый Некоуз,Ярославская область,57.90218,38.0624475
2329,Некрасовский,муниципальный район,рп Некрасовское,Ярославская область,57.674248,40.372654
2330,Первомайский,муниципальный район,рп Пречистое,Ярославская область,58.4251138,40.3228779
2332,Пошехонский,муниципальный район,г Пошехонье,Ярославская область,58.503201,39.119701
2333,Ростовский,муниципальный район,г Ростов,Ярославская область,57.2012699,39.42218126099566
2334,Рыбинский,муниципальный район,г Рыбинск,Ярославская область,58.050373,38.834637
2335,Тутаевский,муниципальный район,г Тутаев,Ярославская область,57.875385,39.527214
2336,Угличский,муниципальный район,г Углич,Ярославская область,57.52483355,38.30708473150594
2337,Ярославский,муниципальный район,г Ярославль,Ярославская область,57.6263877,39.8933705
2338,Биробиджан,городской округ,г Биробиджан,Еврейская автономная область,48.7881668,132.9282082
2339,Биробиджанский,муниципальный район,г Биробиджан,Еврейская автономная область,48.7881668,132.9282082
2340,Ленинский,муниципальный район,с Ленинское,Еврейская автономная область,47.9344425,132.6223808
2341,Облученский,муниципальный район,г Облучье,Еврейская автономная область,49.0145149,131.0538038
2342,Октябрьский,муниципальный район,с Амурзет,Еврейская автономная область,47.6946588,131.0896669
2343,Смидовичский,муниципальный район,п Смидович,Еврейская автономная область,48.5956701,133.8138369
2344,Анадырь,городской округ,г Анадырь,Чукотский автономный округ,64.7316875,177.5060925
2345,Эгвекинот,городской округ,пгт Эгвекинот,Чукотский автономный округ,66.3227382,-179.120131
2346,Провиденский,городской округ,пгт Провидения,Чукотский автономный округ,64.3800982,-173.23862767244233
2347,Певек,городской округ,г Певек,Чукотский автономный округ,69.7028171,170.2746851
2348,Анадырский,муниципальный район,г Анадырь,Чукотский автономный округ,64.7316875,177.5060925
2349,Билибинский,муниципальный район,г Билибино,Чукотский автономный округ,68.0550305,166.4448515
2351,Коломна,внутригородская территория города федерального значения,,Санкт-Петербург,,
2352,Сенной,внутригородская территория города федерального значения,,Санкт-Петербург,,
2353,Адмиралтейский,внутригородская территория города федерального значения,,Санкт-Петербург,,
2354,Семеновский,внутригородская территория города федерального значения,,Санкт-Петербург,,
2355,Измайловское,внутригородская территория города федерального значения,,Санкт-Петербург,,
2356,Екатерингофский,внутригородская территория города федерального значения,,Санкт-Петербург,,
2357,№ 7,внутригородская территория города федерального значения,,Санкт-Петербург,,
2358,Васильевский,внутригородская территория города федерального значения,,Санкт-Петербург,,
2359,Гавань,внутригородская территория города федерального значения,,Санкт-Петербург,,
2360,Морской,внутригородская территория города федерального значения,,Санкт-Петербург,,
2361,Остров Декабристов,внутригородская территория города федерального значения,,Санкт-Петербург,,
2362,Левашово,внутригородская территория города федерального значения,,Санкт-Петербург,,
2363,Парголово,внутригородская территория города федерального значения,,Санкт-Петербург,,
2364,Сампсониевское,внутригородская территория города федерального значения,,Санкт-Петербург,,
2365,Светлановское,внутригородская территория города федерального значения,,Санкт-Петербург,,
2366,Сосновское,внутригородская территория города федерального значения,,Санкт-Петербург,,
2367,№ 15,внутригородская территория города федерального значения,,Санкт-Петербург,,
2368,Сергиевское,внутригородская территория города федерального значения,,Санкт-Петербург,,
2369,Шувалово-Озерки,внутригородская территория города федерального значения,,Санкт-Петербург,,
2370,Лисий Нос,внутригородская территория города федерального значения,,Санкт-Петербург,,
2371,Лахта-Ольгино,внутригородская территория города федерального значения,,Санкт-Петербург,,
2372,№ 65,внутригородская территория города федерального значения,,Санкт-Петербург,,
2373,Ланское,внутригородская территория города федерального значения,,Санкт-Петербург,,
2374,Комендантский аэродром,внутригородская территория города федерального значения,,Санкт-Петербург,,
2375,Озеро Долгое,внутригородская территория города федерального значения,,Санкт-Петербург,,
2376,Юнтолово,внутригородская территория города федерального значения,,Санкт-Петербург,,
2377,Коломяги,внутригородская территория города федерального значения,,Санкт-Петербург,,
2378,Гражданка,внутригородская территория города федерального значения,,Санкт-Петербург,,
2379,Академическое,внутригородская территория города федерального значения,,Санкт-Петербург,,
2380,Финляндский,внутригородская территория города федерального значения,,Санкт-Петербург,,
2381,№ 21,внутригородская территория города федерального значения,,Санкт-Петербург,,
2382,Пискаревка,внутригородская территория города федерального значения,,Санкт-Петербург,,
2383,Северный,внутригородская территория города федерального значения,,Санкт-Петербург,,
2384,Прометей,внутригородская территория города федерального значения,,Санкт-Петербург,,
2385,Княжево,внутригородская территория города федерального значения,,Санкт-Петербург,,
2386,Ульянка,внутригородская территория города федерального значения,,Санкт-Петербург,,
2387,Дачное,внутригородская территория города федерального значения,,Санкт-Петербург,,
2388,Автово,внутригородская территория города федерального значения,,Санкт-Петербург,,
2389,Нарвский,внутригородская территория города федерального значения,,Санкт-Петербург,,
2390,Красненькая речка,внутригородская территория города федерального значения,,Санкт-Петербург,,
2391,Морские ворота,внутригородская территория города федерального значения,,Санкт-Петербург,,
2392,Колпино,внутригородская территория города федерального значения,,Санкт-Петербург,,
2393,Металлострой,внутригородская территория города федерального значения,,Санкт-Петербург,,
2394,Петро-Славянка,внутригородская территория города федерального значения,,Санкт-Петербург,,
2395,Понтонный,внутригородская территория города федерального значения,,Санкт-Петербург,,
2397,Усть-Ижора,внутригородская территория города федерального значения,,Санкт-Петербург,,
2398,Полюстрово,внутригородская территория города федерального значения,,Санкт-Петербург,,
2399,Большая Охта,внутригородская территория города федерального значения,,Санкт-Петербург,,
2400,Малая Охта,внутригородская территория города федерального значения,,Санкт-Петербург,,
2401,Пороховые,внутригородская территория города федерального значения,,Санкт-Петербург,,
2402,Ржевка,внутригородская территория города федерального значения,,Санкт-Петербург,,
2403,Красное Село,внутригородская территория города федерального значения,,Санкт-Петербург,,
2404,Юго-Запад,внутригородская территория города федерального значения,,Санкт-Петербург,,
2405,Южно-Приморский,внутригородская территория города федерального значения,,Санкт-Петербург,,
2406,Сосновая поляна,внутригородская территория города федерального значения,,Санкт-Петербург,,
2407,Урицк,внутригородская территория города федерального значения,,Санкт-Петербург,,
2408,Константиновское,внутригородская территория города федерального значения,,Санкт-Петербург,,
2409,Горелово,внутригородская территория города федерального значения,,Санкт-Петербург,,
2410,Кронштадт,внутригородская территория города федерального значения,,Санкт-Петербург,,
2411,Зеленогорск,внутригородская территория города федерального значения,,Санкт-Петербург,,
2412,Сестрорецк,внутригородская территория города федерального значения,,Санкт-Петербург,,
2416,Песочный,внутригородская территория города федерального значения,,Санкт-Петербург,,
2422,Ломоносов,внутригородская территория города федерального значения,,Санкт-Петербург,,
2423,Московская застава,внутригородская территория города федерального значения,,Санкт-Петербург,,
2424,Гагаринское,внутригородская территория города федерального значения,,Санкт-Петербург,,
2425,Новоизмайловское,внутригородская территория города федерального значения,,Санкт-Петербург,,
2426,Пулковский меридиан,внутригородская территория города федерального значения,,Санкт-Петербург,,
2427,Звездное,внутригородская территория города федерального значения,,Санкт-Петербург,,
2428,Невская застава,внутригородская территория города федерального значения,,Санкт-Петербург,,
2429,Ивановский,внутригородская территория города федерального значения,,Санкт-Петербург,,
2430,Обуховский,внутригородская территория города федерального значения,,Санкт-Петербург,,
2431,Рыбацкое,внутригородская территория города федерального значения,,Санкт-Петербург,,
2432,Народный,внутригородская территория города федерального значения,,Санкт-Петербург,,
2433,№ 54,внутригородская территория города федерального значения,,Санкт-Петербург,,
2434,Невский,внутригородская территория города федерального значения,,Санкт-Петербург,,
2435,Оккервиль,внутригородская территория города федерального значения,,Санкт-Петербург,,
2436,Правобережный,внутригородская территория города федерального значения,,Санкт-Петербург,,
2437,Павловск,внутригородская территория города федерального значения,,Санкт-Петербург,,
2439,Введенский,внутригородская территория города федерального значения,,Санкт-Петербург,,
2440,Кронверкское,внутригородская территория города федерального значения,,Санкт-Петербург,,
2441,Посадский,внутригородская территория города федерального значения,,Санкт-Петербург,,
2442,Аптекарский остров,внутригородская территория города федерального значения,,Санкт-Петербург,,
2443,Петровский,внутригородская территория города федерального значения,,Санкт-Петербург,,
2444,Чкаловское,внутригородская территория города федерального значения,,Санкт-Петербург,,
2445,Петергоф,внутригородская территория города федерального значения,,Санкт-Петербург,,
2446,Стрельна,внутригородская территория города федерального значения,,Санкт-Петербург,,
2447,Пушкин,внутригородская территория города федерального значения,,Санкт-Петербург,,
2448,Александровская,внутригородская территория города федерального значения,,Санкт-Петербург,,
2449,Шушары,внутригородская территория города федерального значения,,Санкт-Петербург,,
2450,Волковское,внутригородская территория города федерального значения,,Санкт-Петербург,,
2451,№ 72,внутригородская территория города федерального значения,,Санкт-Петербург,,
2452,Купчино,внутригородская территория города федерального значения,,Санкт-Петербург,,
2453,Георгиевский,внутригородская территория города федерального значения,,Санкт-Петербург,,
2454,№ 75,внутригородская территория города федерального значения,,Санкт-Петербург,,
2455,Балканский,внутригородская территория города федерального значения,,Санкт-Петербург,,
2456,Дворцовый,внутригородская территория города федерального значения,,Санкт-Петербург,,
2457,№ 78,внутригородская территория города федерального значения,,Санкт-Петербург,,
2458,Литейный,внутригородская территория города федерального значения,,Санкт-Петербург,,
2459,Смольнинское,внутригородская территория города федерального значения,,Санкт-Петербург,,
2460,Лиговка-Ямская,внутригородская территория города федерального значения,,Санкт-Петербург,,
2461,Владимирский,внутригородская территория города федерального значения,,Санкт-Петербург,,
2462,Богородское,внутригородская территория города федерального значения,,Москва,,
2463,Вешняки,внутригородская территория города федерального значения,,Москва,,
2464,Восточное Измайлово,внутригородская территория города федерального значения,,Москва,,
2465,Восточный,внутригородская территория города федерального значения,,Москва,,
2466,Гольяново,внутригородская территория города федерального значения,,Москва,,
2467,Ивановское,внутригородская территория города федерального значения,,Москва,,
2468,Измайлово,внутригородская территория города федерального значения,,Москва,,
2469,Косино-Ухтомский,внутригородская территория города федерального значения,,Москва,,
2470,Новогиреево,внутригородская территория города федерального значения,,Москва,,
2471,Новокосино,внутригородская территория города федерального значения,,Москва,,
2472,Метро,внутригородская территория города федерального значения,,Москва,,
2473,Перово,внутригородская территория города федерального значения,,Москва,,
2474,Северное Измайлово,внутригородская территория города федерального значения,,Москва,,
2475,Соколиная гора,внутригородская территория города федерального значения,,Москва,,
2476,Сокольники,внутригородская территория города федерального значения,,Москва,,
2477,Преображенское,внутригородская территория города федерального значения,,Москва,,
2478,Внуково,внутригородская территория города федерального значения,,Москва,,
2479,Дорогомилово,внутригородская территория города федерального значения,,Москва,,
2480,Крылатское,внутригородская территория города федерального значения,,Москва,,
2481,Кунцево,внутригородская территория города федерального значения,,Москва,,
2482,Можайский,внутригородская территория города федерального значения,,Москва,,
2483,Ново-Переделкино,внутригородская территория города федерального значения,,Москва,,
2484,Очаково-Матвеевское,внутригородская территория города федерального значения,,Москва,,
2485,Проспект Вернадского,внутригородская территория города федерального значения,,Москва,,
2486,Раменки,внутригородская территория города федерального значения,,Москва,,
2487,Солнцево,внутригородская территория города федерального значения,,Москва,,
2488,Тропарево-Никулино,внутригородская территория города федерального значения,,Москва,,
2489,Филевский парк,внутригородская территория города федерального значения,,Москва,,
2490,Фили-Давыдково,внутригородская территория города федерального значения,,Москва,,
2491,Крюково,внутригородская территория города федерального значения,,Москва,,
2492,Матушкино,внутригородская территория города федерального значения,,Москва,,
2493,Силино,внутригородская территория города федерального значения,,Москва,,
2494,Аэропорт,внутригородская территория города федерального значения,,Москва,,
2495,Беговой,внутригородская территория города федерального значения,,Москва,,
2496,Бескудниковский,внутригородская территория города федерального значения,,Москва,,
2497,Войковский,внутригородская территория города федерального значения,,Москва,,
2498,Восточное Дегунино,внутригородская территория города федерального значения,,Москва,,
2499,Головинский,внутригородская территория города федерального значения,,Москва,,
2500,Дмитровский,внутригородская территория города федерального значения,,Москва,,
2501,Западное Дегунино,внутригородская территория города федерального значения,,Москва,,
2502,Коптево,внутригородская территория города федерального значения,,Москва,,
2503,Левобережный,внутригородская территория города федерального значения,,Москва,,
2504,Молжаниновский,внутригородская территория города федерального значения,,Москва,,
2505,Савеловский,внутригородская территория города федерального значения,,Москва,,
2506,Сокол,внутригородская территория города федерального значения,,Москва,,
2507,Тимирязевский,внутригородская территория города федерального значения,,Москва,,
2508,Ховрино,внутригородская территория города федерального значения,,Москва,,
2509,Хорошевский,внутригородская территория города федерального значения,,Москва,,
2510,Алексеевский,внутригородская территория города федерального значения,,Москва,,
2511,Алтуфьевский,внутригородская территория города федерального значения,,Москва,,
2512,Бабушкинский,внутригородская территория города федерального значения,,Москва,,
2513,Бибирево,внутригородская территория города федерального значения,,Москва,,
2514,Бутырский,внутригородская территория города федерального значения,,Москва,,
2515,Лианозово,внутригородская территория города федерального значения,,Москва,,
2516,Лосиноостровский,внутригородская территория города федерального значения,,Москва,,
2517,Марфино,внутригородская территория города федерального значения,,Москва,,
2518,Марьина роща,внутригородская территория города федерального значения,,Москва,,
2519,Останкинский,внутригородская территория города федерального значения,,Москва,,
2520,Отрадное,внутригородская территория города федерального значения,,Москва,,
2521,Ростокино,внутригородская территория города федерального значения,,Москва,,
2522,Свиблово,внутригородская территория города федерального значения,,Москва,,
2523,Северное Медведково,внутригородская территория города федерального значения,,Москва,,
2524,Северный,внутригородская территория города федерального значения,,Москва,,
2525,Южное Медведково,внутригородская территория города федерального значения,,Москва,,
2526,Ярославский,внутригородская территория города федерального значения,,Москва,,
2527,Куркино,внутригородская территория города федерального значения,,Москва,,
2528,Митино,внутригородская территория города федерального значения,,Москва,,
2529,Покровское-Стрешнево,внутригородская территория города федерального значения,,Москва,,
2530,Северное Тушино,внутригородская территория города федерального значения,,Москва,,
2531,Строгино,внутригородская территория города федерального значения,,Москва,,
2532,Хорошево-Мневники,внутригородская территория города федерального значения,,Москва,,
2533,Щукино,внутригородская территория города федерального значения,,Москва,,
2534,Южное Тушино,внутригородская территория города федерального значения,,Москва,,
2535,Арбат,внутригородская территория города федерального значения,,Москва,,
2536,Басманный,внутригородская территория города федерального значения,,Москва,,
2537,Замоскворечье,внутригородская территория города федерального значения,,Москва,,
2538,Савелки,внутригородская территория города федерального значения,,Москва,,
2539,Красносельский,внутригородская территория города федерального значения,,Москва,,
2540,Мещанский,внутригородская территория города федерального значения,,Москва,,
2541,Пресненский,внутригородская территория города федерального значения,,Москва,,
2542,Таганский,внутригородская территория города федерального значения,,Москва,,
2543,Тверской,внутригородская территория города федерального значения,,Москва,,
2544,Хамовники,внутригородская территория города федерального значения,,Москва,,
2545,Якиманка,внутригородская территория города федерального значения,,Москва,,
2546,Выхино-Жулебино,внутригородская территория города федерального значения,,Москва,,
2547,Капотня,внутригородская территория города федерального значения,,Москва,,
2548,Кузьминки,внутригородская территория города федерального значения,,Москва,,
2549,Лефортово,внутригородская территория города федерального значения,,Москва,,
2550,Люблино,внутригородская территория города федерального значения,,Москва,,
2551,Марьино,внутригородская территория города федерального значения,,Москва,,
2552,Некрасовка,внутригородская территория города федерального значения,,Москва,,
2553,Нижегородский,внутригородская территория города федерального значения,,Москва,,
2554,Печатники,внутригородская территория города федерального значения,,Москва,,
2555,Рязанский,внутригородская территория города федерального значения,,Москва,,
2556,Текстильщики,внутригородская территория города федерального значения,,Москва,,
2557,Южнопортовый,внутригородская территория города федерального значения,,Москва,,
2558,Академический,внутригородская территория города федерального значения,,Москва,,
2559,Гагаринский,внутригородская территория города федерального значения,,Москва,,
2560,Зюзино,внутригородская территория города федерального значения,,Москва,,
2561,Коньково,внутригородская территория города федерального значения,,Москва,,
2562,Котловка,внутригородская территория города федерального значения,,Москва,,
2563,Ломоносовский,внутригородская территория города федерального значения,,Москва,,
2564,Обручевский,внутригородская территория города федерального значения,,Москва,,
2565,Северное Бутово,внутригородская территория города федерального значения,,Москва,,
2566,Теплый Стан,внутригородская территория города федерального значения,,Москва,,
2567,Черемушки,внутригородская территория города федерального значения,,Москва,,
2568,Южное Бутово,внутригородская территория города федерального значения,,Москва,,
2569,Ясенево,внутригородская территория города федерального значения,,Москва,,
2570,Бирюлево Восточное,внутригородская территория города федерального значения,,Москва,,
2571,Бирюлево Западное,внутригородская территория города федерального значения,,Москва,,
2572,Братеево,внутригородская территория города федерального значения,,Москва,,
2573,Даниловский,внутригородская территория города федерального значения,,Москва,,
2574,Донской,внутригородская территория города федерального значения,,Москва,,
2575,Зябликово,внутригородская территория города федерального значения,,Москва,,
2576,Москворечье-Сабурово,внутригородская территория города федерального значения,,Москва,,
2577,Нагатино-Садовники,внутригородская территория города федерального значения,,Москва,,
2578,Нагатинский затон,внутригородская территория города федерального значения,,Москва,,
2579,Нагорный,внутригородская территория города федерального значения,,Москва,,
2580,Орехово-Борисово Северное,внутригородская территория города федерального значения,,Москва,,
2581,Орехово-Борисово Южное,внутригородская территория города федерального значения,,Москва,,
2582,Царицыно,внутригородская территория города федерального значения,,Москва,,
2583,Чертаново Северное,внутригородская территория города федерального значения,,Москва,,
2584,Чертаново Центральное,внутригородская территория города федерального значения,,Москва,,
2585,Чертаново Южное,внутригородская территория города федерального значения,,Москва,,
2586,Старое Крюково,внутригородская территория города федерального значения,,Москва,,
2587,Троицк,внутригородская территория города федерального значения,,Москва,,
2588,Щербинка,внутригородская территория города федерального значения,,Москва,,
2589,Внуковское,внутригородская территория города федерального значения,,Москва,,
2590,Воскресенское,внутригородская территория города федерального значения,,Москва,,
2591,Вороновское,внутригородская территория города федерального значения,,Москва,,
2592,Десеновское,внутригородская территория города федерального значения,,Москва,,
2593,Киевский,внутригородская территория города федерального значения,,Москва,,
2594,Кленовское,внутригородская территория города федерального значения,,Москва,,
2595,Кокошкино,внутригородская территория города федерального значения,,Москва,,
2596,Краснопахорское,внутригородская территория города федерального значения,,Москва,,
2597,Марушкинское,внутригородская территория города федерального значения,,Москва,,
2598,Михайлово-Ярцевское,внутригородская территория города федерального значения,,Москва,,
2599,Московский,внутригородская территория города федерального значения,,Москва,,
2600,Мосрентген,внутригородская территория города федерального значения,,Москва,,
2601,Новофедоровское,внутригородская территория города федерального значения,,Москва,,
2602,Первомайское,внутригородская территория города федерального значения,,Москва,,
2603,Роговское,внутригородская территория города федерального значения,,Москва,,
2604,Рязановское,внутригородская территория города федерального значения,,Москва,,
2605,Сосенское,внутригородская территория города федерального значения,,Москва,,
2606,Филимонковское,внутригородская территория города федерального значения,,Москва,,
2607,Щаповское,внутригородская территория города федерального значения,,Москва,,
2618,Мантуровский,муниципальный округ,г Мантурово,Костромская область,58.333271,44.761791
2619,Переславль-Залесский,городской округ,г Переславль-Залесский,Ярославская область,56.7367178,38.8462714
2620,Соликамский,городской округ,г Соликамск,Пермский край,59.649437,56.779594
2621,Березники,городской округ,г Березники,Пермский край,59.4084171,56.8036958
2644,Серпухов,городской округ,г Серпухов,Московская область,54.9155247,37.4195533
2646,Обнинск,городской округ,г Обнинск,Калужская область,55.0951738,36.611913
2647,Боровский,муниципальный район,г Боровск,Калужская область,55.2049516,36.48485294979914
2648,Лосино-Петровский,городской округ,г Лосино-Петровский,Московская область,55.8705593,38.2032701
2649,Щёлково,городской округ,г Щёлково,Московская область,55.9206499,37.9915576
2651,Одинцовский,городской округ,г Одинцово,Московская область,55.678223,37.2668096
2652,Орехово-Зуевский,городской округ,г Орехово-Зуево,Московская область,55.8083278,38.9790038
2710,Вышневолоцкий,городской округ,г Вышний Волочек,Тверская область,57.5883648,34.5720732
2808,Коломна,городской округ,г Коломна,Московская область,55.0938743,38.7670121
2809,Кунгурский,муниципальный округ,г Кунгур,Пермский край,57.4397771,56.9266073
2813,Шатура,городской округ,г Шатура,Московская область,55.578403,39.5437584
2814,Пушкинский,городской округ,г Пушкино,Московская область,56.0104274,37.8461892
2872,Приуральский,муниципальный округ,с Аксарка,Ямало-Ненецкий автономный округ,66.5582332,67.8051987
2876,Кисловодск,городской округ,г Кисловодск,Ставропольский край,43.9128743,42.7192186
2879,Губкинский,городской округ,г Губкинский,Ямало-Ненецкий автономный округ,64.4337824,76.4898086
2880,Лабытнанги,городской округ,г Лабытнанги,Ямало-Ненецкий автономный округ,66.6888835,66.4347161435694
2881,Предгорный,муниципальный округ,ст-ца Ессентукская,Ставропольский край,44.0216516,42.8742331
2882,Пуровский,муниципальный округ,г Тарко-Сале,Ямало-Ненецкий автономный округ,64.9219991,77.779459
2883,Кимрский,муниципальный округ,г Кимры,Тверская область,56.8734395,37.3556968
2884,Ржевский,муниципальный округ,г Ржев,Тверская область,56.2565207,34.328649
2885,Кудымкарский,муниципальный округ,г Кудымкар,Пермский край,59.014606,54.664135
2886,Губахинский,муниципальный округ,г Губаха,Пермский край,58.842407,57.555058
2887,Саратов,городской округ,г Саратов,Саратовская область,51.530018,46.034683
3005,Арзамас,городской округ,г Арзамас,Нижегородская область,55.3987879,43.8210933
3007,Прокопьевский,муниципальный округ,г Прокопьевск,Кемеровская область,53.8879117,86.7492072
3008,Химки,городской округ,г Химки,Московская область,55.8917293,37.4396994
3009,Тамбов,городской округ,г Тамбов,Тамбовская область,52.731118499999994,41.4341991460869
3010,Тамбовский,муниципальный округ,г Тамбов,Тамбовская область,52.731118499999994,41.4341991460869
3011,Златоустовский,городской округ,г Златоуст,Челябинская область,55.1674213,59.6792625
3012,Кусинский,муниципальный район,г Куса,Челябинская область,55.336521,59.445938
3013,Солнечногорск,городской округ,г Солнечногорск,Московская область,56.1853501,36.9781536
3014,Павлово-Посадский,городской округ,г Павловский Посад,Московская область,55.7813357,38.6507838
3101,Сасовский,муниципальный округ,г Сасово,Рязанская область,54.35392,41.926643
