type,name,adm1,lat,lon,territory_id,dist_km,region_code
4,"Kremlin, Moskva, Russia",RS48,55.7522,37.6156,,,50.0
4,"Russkiy, Rostovskaya Oblast', Russia",RS61,47.1314,40.9803,,,61.0
4,"Moscow, Moskva, Russia",RS48,55.7522,37.6156,,,50.0
4,"Petersburg, Sankt-Peterburg, Russia",RS66,59.8944,30.2642,,,47.0
4,"Sochi, Krasnodarskiy Kray, Russia",RS38,43.5992,39.7257,628.0,1.5395450637912826,23.0
4,"Rovno, Novgorodskaya Oblast', Russia",RS52,57.5667,31.05,,,53.0
4,"Lavra, Kirovskaya Oblast', Russia",RS33,57.9294,49.0199,,,43.0
5,"Chukotka, Chukotskiy Avtonomnyy Okrug, Russia",RS15,67.5,172.0,,,87.0
4,"Saint Petersburg, Sankt-Peterburg, Russia",RS66,59.8944,30.2642,,,47.0
4,"Novosibirsk, Novosibirskaya Oblast', Russia",RS53,55.0411,82.9344,1620.0,8.222461864842643,54.0
4,"Bakhmut, Nizhegorodskaya Oblast', Russia",RS51,56.043,44.7525,,,52.0
4,"Nikopol, Tverskaya Oblast', Russia",RS77,56.1781,32.0898,,,69.0
4,"Khimki, Moskva, Russia",RS48,55.897,37.4297,1482.0,0.8556754590039364,50.0
4,"Vostok, Tatarstan, Russia",RS73,55.0,50.8667,,,16.0
4,"Balakovo, Saratovskaya Oblast', Russia",RS67,52.0278,47.8007,1919.0,1.6585206061031246,64.0
4,"Novolipetsk, Lipetskaya Oblast', Russia",RS43,52.5786,39.6138,,,48.0
4,"Rostov, Rostovskaya Oblast', Russia",RS61,47.2364,39.7139,1790.0,1.6713420204779257,61.0
4,"Belgorod, Belgorodskaya Oblast', Russia",RS09,50.6107,36.5802,931.0,1.75732794814079,31.0
4,"Karabakh, Dagestan, Russia",RS17,42.4692,46.8645,,,5.0
4,"Samara, Samarskaya Oblast', Russia",RS65,53.2,50.15,1874.0,4.193245276773459,63.0
4,"Aleshki, Lipetskaya Oblast', Russia",RS43,52.1398,38.1004,,,48.0
4,"Tohoku, Sakhalinskaya Oblast', Russia",RS64,46.4333,141.883,,,65.0
4,"Yuriy, Rsja, Russia",RSJA,44.0194,145.875,,,65.0
4,"In Okta, Irkutskaya Oblast', Russia",RS20,57.2761,105.18,,,38.0
4,"Yutan, Sakha (Yakutiya), Russia",RS63,71.3947,127.251,,,14.0
4,"Andreyevka, Amurskaya Oblast', Russia",RS05,50.5388,129.21,,,28.0
4,"Belogorovka, Rostovskaya Oblast', Russia",RS61,49.1337,40.7597,,,61.0
4,"Lyubertsy, Moskovskaya Oblast', Russia",RS47,55.6772,37.8932,1465.0,0.12894464299684244,50.0
4,"Yermak, Omskaya Oblast', Russia",RS54,55.1768,74.5169,,,55.0
4,"Siverskyy Donets, Russia (General), Russia",RS00,47.5833,40.9,,,91.0
4,"Ubik, Kemerovskaya Oblast', Russia",RS29,54.4667,87.5167,,,42.0
4,"Kursk, Kurskaya Oblast', Russia",RS41,51.7373,36.1873,1359.0,1.1911244562947663,46.0
4,"Novorossiysk, Krasnodarskiy Kray, Russia",RS38,44.7244,37.7675,627.0,0.13350806253884667,23.0
4,"Sheskharis, Krasnodarskiy Kray, Russia",RS38,44.7179,37.8418,,,23.0
4,"Yall, Khabarovskiy Kray, Russia",RS30,53.2167,140.133,,,27.0
4,"Leningrad, Sankt-Peterburg, Russia",RS66,59.8944,30.2642,,,47.0
4,"Kakhovka, Amurskaya Oblast', Russia",RS05,50.7932,129.218,,,28.0
4,"Lotos, Krasnodarskiy Kray, Russia",RS38,45.8444,38.3294,,,23.0
5,"Mordovia, Mordoviya, Russia",RS46,54.5,44.0,,,13.0
4,"Zakharova, Krasnoyarskiy Kray, Russia",RS39,57.8006,93.3014,,,24.0
4,"Ryazan, Ryazanskaya Oblast', Russia",RS62,54.6269,39.6916,1863.0,3.1273563589806614,62.0
4,"Tonino, Ryazanskaya Oblast', Russia",RS62,54.5477,40.5398,,,62.0
4,"Sudzha, Kurskaya Oblast', Russia",RS41,51.1976,35.2726,1386.0,0.7759425682111081,46.0
4,"Baltika, Bashkortostan, Russia",RS08,54.7718,56.5416,,,2.0
4,"Kaliningrad, Kaliningradskaya Oblast', Russia",RS23,54.7065,20.511,1176.0,0.4043002674082857,39.0
4,"Chelyabinsk, Chelyabinskaya Oblast', Russia",RS13,55.1544,61.4297,2275.0,1.8275497764866897,74.0
4,"Norilsk, Krasnoyarskiy Kray, Russia",RS91,69.3535,88.2027,678.0,1.0470018120187954,24.0
4,"Seligdar, Sakha (Yakutiya), Russia",RS63,59.0333,125.317,,,14.0
4,"Anastasiya, Sakhalinskaya Oblast', Russia",RS64,46.0156,142.163,,,65.0
4,"Plesetsk, Arkhangel'skaya Oblast', Russia",RS06,62.708,40.2916,911.0,0.40484711177441396,29.0
4,"Tselina, Rostovskaya Oblast', Russia",RS61,46.5338,41.0328,1841.0,0.35128703320872245,61.0
4,"Molniya, Omskaya Oblast', Russia",RS54,54.9667,75.1333,,,55.0
4,"Vostochny, Krasnodarskiy Kray, Russia",RS38,45.1853,38.7755,,,23.0
4,"Nipsey, Zabaykal'skiy Kray, Russia",RS93,50.0833,115.283,,,75.0
4,"Spartak, Saratovskaya Oblast', Russia",RS67,51.3766,47.7819,,,64.0
4,"Primorsk, Orenburgskaya Oblast', Russia",RS55,51.8862,58.8888,,,56.0
4,"Kola Peninsula, Murmanskaya Oblast', Russia",RS49,67.2995,37.5509,,,51.0
4,"Petrovsk, Dagestan, Russia",RS17,42.9764,47.5024,,,5.0
5,"Buryatia, Buryatiya, Russia",RS11,53.0,109.0,,,3.0
4,"Zelenskiy, Astrakhanskaya Oblast', Russia",RS07,48.2907,46.5039,,,30.0
4,"Kvartal, Khanty-Mansiyskiy Avtonomnyy Okrug, Russia",RS32,63.2693,65.639,,,86.0
4,"Mtsensk, Orlovskaya Oblast', Russia",RS56,53.2766,36.5733,1709.0,0.6579142182362328,57.0
4,"Vologda, Vologodskaya Oblast', Russia",RS85,59.2187,39.8886,1054.0,0.2739430521097642,35.0
4,"Tsybenko, Volgogradskaya Oblast', Russia",RS84,48.5453,44.1825,,,34.0
4,"Stalingrad, Volgogradskaya Oblast', Russia",RS84,48.8047,44.5858,,,34.0
4,"Danilo, Voronezhskaya Oblast', Russia",RS86,50.5859,40.4491,,,36.0
4,"Karluk, Irkutskaya Oblast', Russia",RS20,53.4255,105.986,,,38.0
4,"Red China, Smolenskaya Oblast', Russia",RS69,54.5458,32.4611,,,67.0
4,"Rostov-On-Don, Rostovskaya Oblast', Russia",RS61,47.2364,39.7139,1790.0,1.6713420204779257,61.0
4,"Kerch Strait, Russia (General), Russia",RS00,45.3389,36.6169,249.0,12.842872804677814,91.0
4,"Daiei, Sakhalinskaya Oblast', Russia",RS64,47.7833,142.283,,,65.0
4,"Kharyaga, Komi, Russia",RS34,66.9253,52.1636,,,11.0
4,"Yamal Peninsula, Yamalo-Nenetskiy Avtonomnyy Okrug, Russia",RS87,70.0,70.0,,,89.0
4,"Nizhniy, Primorskiy Kray, Russia",RS59,43.6133,134.308,,,25.0
4,"Cherkizovo, Moskovskaya Oblast', Russia",RS47,55.8167,37.7333,,,50.0
4,"Karakol, Tomskaya Oblast', Russia",RS75,57.2582,85.903,,,70.0
4,"Yekaterinburg, Sverdlovskaya Oblast', Russia",RS71,56.8575,60.6125,,,66.0
4,"Partizan, Krasnodarskiy Kray, Russia",RS38,45.0994,40.4375,,,23.0
4,"Northland, Taymyrskiy (Dolgano-Nenetskiy) Avtonomnyy Okrug, Russia",RS74,79.5,98.0,,,24.0
4,"Norsk, Amurskaya Oblast', Russia",RS05,52.3333,129.917,,,28.0
4,"Selenga, Buryatiya, Russia",RS11,51.6317,107.415,,,3.0
4,"Bogot, Ivanovskaya Oblast', Russia",RS21,57.3456,42.1045,,,37.0
4,"Parshin, Rostovskaya Oblast', Russia",RS61,48.6103,42.2366,,,61.0
4,"Rostow, Rostovskaya Oblast', Russia",RS61,47.2364,39.7139,1790.0,1.6713420204779257,61.0
4,"Taltsy, Tverskaya Oblast', Russia",RS77,56.5163,34.6517,,,69.0
4,"Petrozavodsk, Kareliya, Russia",RS28,61.7961,34.3493,206.0,2.24296309256373,10.0
4,"Dvinskoy, Arkhangel'skaya Oblast', Russia",RS06,62.1519,45.1184,,,29.0
5,"Karelia, Kareliya, Russia",RS28,64.0,32.5,,,10.0
4,"Izbas, Khakasiya, Russia",RS31,54.4667,88.7667,,,19.0
4,"Perm, Permskiy Kray, Russia",RS90,58.0174,56.2855,757.0,2.2998696386216944,59.0
4,"Kolomenskoye, Moskva, Russia",RS48,55.6667,37.6833,,,50.0
4,"Khokhlovka, Permskiy Kray, Russia",RS90,58.2604,56.2519,,,59.0
4,"Suzdal, Vladimirskaya Oblast', Russia",RS83,56.4227,40.4467,1005.0,0.3897557047340615,33.0
4,"Ulyanov, Rostovskaya Oblast', Russia",RS61,47.8203,39.1961,,,61.0
4,"Zastava, Arkhangel'skaya Oblast', Russia",RS06,64.1469,41.9313,,,29.0
4,"Shilka, Krasnoyarskiy Kray, Russia",RS39,57.4167,93.4,,,24.0
4,"Kozmino, Kirovskaya Oblast', Russia",RS33,56.9153,47.1927,,,43.0
4,"Yugra, Vologodskaya Oblast', Russia",RS85,60.4226,43.5083,,,35.0
4,"Yakutsk, Sakha (Yakutiya), Russia",RS63,62.0339,129.733,309.0,0.7727869888916706,14.0
4,"Zapad, Irkutskaya Oblast', Russia",RS20,54.0058,103.872,,,38.0
4,"Koshary, Volgogradskaya Oblast', Russia",RS84,48.3703,44.2903,,,34.0
4,"Kolon, Krasnoyarskiy Kray, Russia",RS39,57.0175,95.1072,,,24.0
4,"Rossiya, Orenburgskaya Oblast', Russia",RS55,52.4,54.9833,,,56.0
4,"Chiron, Zabaykal'skiy Kray, Russia",RS93,51.6298,115.776,,,75.0
4,"Mongol, Khabarovskiy Kray, Russia",RS30,52.1256,140.381,,,27.0
5,"Kalmykia, Kalmykiya, Russia",RS24,46.5,45.5,,,8.0
5,"Ingushetia, Chechnya And Ingushetiya, Russia",RSCI,43.2167,44.7833,,,20.0
5,"Dagestan, Dagestan, Russia",RS17,43.0,47.0,,,5.0
5,"Komi, Komi, Russia",RS34,64.0,54.0,,,11.0
4,"Yar Sale, Yamalo-Nenetskiy Avtonomnyy Okrug, Russia",RS87,66.8333,70.8333,2250.0,3.59025971751974,89.0
4,"Omsk, Omskaya Oblast', Russia",RS54,55.0,73.4,1632.0,2.05372687930529,55.0
4,"Afrika, Orenburgskaya Oblast', Russia",RS55,53.3272,53.555,,,56.0
4,"Yakin, 92, Russia",RS92,61.8,170.35,,,41.0
4,"Borodyanka, Bryanskaya Oblast', Russia",RS10,53.6286,33.3151,,,32.0
4,"Orano, Tverskaya Oblast', Russia",RS77,57.7224,35.8549,,,69.0
4,"Sergino, Pskovskaya Oblast', Russia",RS60,57.1,28.2333,,,60.0
4,"Irpa, Bryanskaya Oblast', Russia",RS10,52.2583,32.3742,,,32.0
4,"Sinara, Kurganskaya Oblast', Russia",RS40,56.2833,62.35,,,45.0
4,"Yalta, Tul'skaya Oblast', Russia",RS76,53.4771,38.0354,,,71.0
4,"Spodaryushino, Belgorodskaya Oblast', Russia",RS09,50.5051,35.4899,,,31.0
4,"Bryansk, Bryanskaya Oblast', Russia",RS10,53.2521,34.3717,953.0,13.77822265077921,32.0
4,"Tokmak, Saratovskaya Oblast', Russia",RS67,51.6213,50.4969,,,64.0
4,"Akhmat, Saratovskaya Oblast', Russia",RS67,51.0693,45.9091,,,64.0
4,"Marinka, Tul'skaya Oblast', Russia",RS76,53.3889,38.3895,,,71.0
5,"Tuva, Tyva, Russia",RS79,51.5,95.0,,,17.0
4,"Abakan, Khakasiya, Russia",RS31,53.7156,91.4292,448.0,0.9391242089941976,19.0
5,"Yakutia, Sakha (Yakutiya), Russia",RS63,65.0,130.0,,,14.0
4,"Tyumen, Tyumenskaya Oblast', Russia",RS78,57.1522,65.5272,2210.0,0.9211656326478782,72.0
4,"Krylov, Rostovskaya Oblast', Russia",RS61,47.4216,43.6294,,,61.0
4,"Pauzhetka, 92, Russia",RS92,51.4639,156.806,,,41.0
4,"Mutnovskaya, 92, Russia",RS92,52.6222,158.353,,,41.0
4,"Yuzhno-Kurilsk, Rsja, Russia",RSJA,44.0306,145.856,1970.0,0.581420328360798,65.0
4,"Kuril Islands, Russia (General), Russia",RS00,46.1667,152.0,,,91.0
4,"Paratunka, 92, Russia",RS92,52.95,158.233,,,41.0
4,"Kolesnikova, Kurskaya Oblast', Russia",RS41,52.1401,35.6108,,,46.0
4,"Murmansk, Murmanskaya Oblast', Russia",RS49,68.9792,33.0925,1506.0,1.178887242836485,51.0
4,"Sibir, Kirovskaya Oblast', Russia",RS33,57.8135,51.3461,,,43.0
4,"Nerpa, Primorskiy Kray, Russia",RS59,42.8678,131.424,,,25.0
4,"Sayda, Murmanskaya Oblast', Russia",RS49,69.2452,33.2382,,,51.0
4,"Ural Mountains, Russia (General), Russia",RS00,60.0,60.0,,,91.0
4,"Druzhba, Vologodskaya Oblast', Russia",RS85,59.8333,35.7667,,,35.0
4,"Lugansk, Novosibirskaya Oblast', Russia",RS53,53.622,77.5991,,,54.0
4,"Tatarstan, Tatarstan, Russia",RS73,56.1292,53.3703,,,16.0
4,"Tyva, Arkhangel'skaya Oblast', Russia",RS06,61.8082,48.6921,,,29.0
4,"Starodub, Moskovskaya Oblast', Russia",RS47,54.7633,38.097,,,50.0
4,"Shelukha, Vologodskaya Oblast', Russia",RS85,58.6601,37.9364,,,35.0
4,"Rechitsa, Bryanskaya Oblast', Russia",RS10,52.572,34.0435,,,32.0
4,"Orda, Permskiy Kray, Russia",RS90,57.1951,56.9091,753.0,0.3530126543391497,59.0
4,"Komsomolskaya, Orenburgskaya Oblast', Russia",RS55,52.0667,52.3667,,,56.0
4,"Rogozhin, Volgogradskaya Oblast', Russia",RS84,50.1685,43.0089,,,34.0
4,"Myshkin, Astrakhanskaya Oblast', Russia",RS07,48.4167,45.4167,,,30.0
4,"Zaporozhskaya, 92, Russia",RS92,51.5167,156.517,,,41.0
4,"Volyn, Tul'skaya Oblast', Russia",RS76,54.1546,37.4002,,,71.0
4,"Sverdlovsk, Sverdlovskaya Oblast', Russia",RS71,56.8575,60.6125,,,66.0
4,"Dinamo, Arkhangel'skaya Oblast', Russia",RS06,64.4481,40.6629,,,29.0
4,"Novocheboksarsk, Chuvashiya, Russia",RS16,56.1109,47.4776,481.0,0.679046412511418,21.0
4,"Kontiolahti, Kareliya, Russia",RS28,66.35,33.6167,,,10.0
4,"Shabanov, Krasnodarskiy Kray, Russia",RS38,44.7936,38.7372,,,23.0
4,"Orenburg, Orenburgskaya Oblast', Russia",RS55,51.7727,55.0988,1695.0,0.6233586206189439,56.0
4,"Volgograd, Volgogradskaya Oblast', Russia",RS84,48.8047,44.5858,1007.0,22.781343024297914,34.0
4,"Radonezh, Moskovskaya Oblast', Russia",RS47,56.2167,38.05,,,50.0
4,"Zarechny, Lipetskaya Oblast', Russia",RS43,52.1137,38.0953,,,48.0
4,"Ivanovo, Ivanovskaya Oblast', Russia",RS21,56.9972,40.9714,1107.0,0.19810544510560807,37.0
4,"Ekaterinburg, Sverdlovskaya Oblast', Russia",RS71,56.8575,60.6125,1971.0,2.0618024190571655,66.0
4,"Ural, Sverdlovskaya Oblast', Russia",RS71,56.6167,61.8833,,,66.0
4,"Knyazev, Rostovskaya Oblast', Russia",RS61,49.1158,41.3153,,,61.0
4,"Osenniy, Krasnodarskiy Kray, Russia",RS38,46.65,39.9572,,,23.0
4,"Zvezda, Novgorodskaya Oblast', Russia",RS52,57.9665,32.7679,,,53.0
4,"Ukrainka, Amurskaya Oblast', Russia",RS05,49.4766,129.569,,,28.0
4,"Buryat, Irkutskaya Oblast', Russia",RS20,52.9919,103.511,,,38.0
4,"Sokhranovka, Rostovskaya Oblast', Russia",RS61,49.5152,40.5035,,,61.0
4,"Moscow Sheremetyevo, Moskva, Russia",RS48,55.9719,37.4139,,,50.0
4,"Darina, Kostromskaya Oblast', Russia",RS37,57.7244,41.9204,,,44.0
4,"Antusheva, Vologodskaya Oblast', Russia",RS85,60.3467,41.9373,,,35.0
4,"Zubkov, Krasnodarskiy Kray, Russia",RS38,44.1497,41.5167,,,23.0
4,"Semit, Tatarstan, Russia",RS73,56.2833,49.4686,,,16.0
4,"Ayman, 92, Russia",RS92,62.0667,165.133,,,41.0
4,"Kanal, Primorskiy Kray, Russia",RS59,43.0621,131.839,,,25.0
4,"Korenevo, Yaroslavskaya Oblast', Russia",RS88,57.7184,38.0132,,,76.0
4,"Domani, Tverskaya Oblast', Russia",RS77,57.196,35.4427,,,69.0
4,"Temryuk, Krasnodarskiy Kray, Russia",RS38,45.2705,37.3872,659.0,0.5812619912427204,23.0
4,"Sarkel, Rostovskaya Oblast', Russia",RS61,47.6785,42.1513,,,61.0
4,"Altana, Saratovskaya Oblast', Russia",RS67,51.2396,48.754,,,64.0
4,"Balkan, Bashkortostan, Russia",RS08,53.9744,55.2693,,,2.0
4,"Mizuho, Sakhalinskaya Oblast', Russia",RS64,46.8773,142.276,,,65.0
4,"Pskov, Pskovskaya Oblast', Russia",RS60,57.8136,28.3496,1783.0,0.9969968728127021,60.0
4,"Prigorodnoye, Kabardino-Balkariya, Russia",RS22,43.4333,43.5786,,,7.0
4,"Vyborg, Leningradskaya Oblast', Russia",RS42,60.7076,28.7528,1396.0,2.822575392612539,47.0
4,"Targa, Primorskiy Kray, Russia",RS59,44.8167,134.75,,,25.0
4,"Yasno, Pskovskaya Oblast', Russia",RS60,57.6163,29.4732,,,60.0
4,"Sharya, Kostromskaya Oblast', Russia",RS37,58.3691,45.5156,1332.0,0.12237805577307333,44.0
4,"Krasnoznamensk, Moskovskaya Oblast', Russia",RS47,55.5994,37.0386,1460.0,0.2534664830622398,50.0
4,"Oktyabrskoye, Severnaya Osetiya-Alaniya, Russia",RS68,43.0645,44.7417,353.0,1.134392568964831,15.0
4,"Nikolenko, Voronezhskaya Oblast', Russia",RS86,50.4658,40.9783,,,36.0
4,"Vitebsk, Voronezhskaya Oblast', Russia",RS86,50.4226,39.9328,,,36.0
4,"Mineralnyye Vody, Stavropol'skiy Kray, Russia",RS70,44.2103,43.1353,819.0,0.05536025051093333,26.0
4,"Nagaevo, Magadanskaya Oblast', Russia",RS44,59.55,150.783,,,49.0
4,"Andreevka, Saratovskaya Oblast', Russia",RS67,51.9,46.1833,,,64.0
4,"Re- China, Novgorodskaya Oblast', Russia",RS52,57.653,30.9236,,,53.0
4,"Khryashchi, Nizhegorodskaya Oblast', Russia",RS51,56.9766,43.7726,,,52.0
4,"Kovernino, Nizhegorodskaya Oblast', Russia",RS51,56.997,43.4393,1557.0,26.942481142118222,52.0
4,"Gus-Khrustalny, Vladimirskaya Oblast', Russia",RS83,55.6111,40.6519,987.0,1.2674732804837414,33.0
4,"Uzola, Nizhegorodskaya Oblast', Russia",RS51,56.521,43.609,,,52.0
4,"Khokhlomka, Nizhegorodskaya Oblast', Russia",RS51,56.9347,43.8268,,,52.0
4,"Gzhel, Moskovskaya Oblast', Russia",RS47,55.6101,38.394,,,50.0
4,"Kudrina, Nizhegorodskaya Oblast', Russia",RS51,55.8303,44.1314,,,52.0
4,"Sukhonoska, Nizhegorodskaya Oblast', Russia",RS51,57.0242,43.7793,,,52.0
4,"Volga, Yaroslavskaya Oblast', Russia",RS88,57.5488,40.117,,,76.0
4,"Khokhloma, Nizhegorodskaya Oblast', Russia",RS51,56.9742,43.8968,,,52.0
4,"Zavolzhye, Yaroslavskaya Oblast', Russia",RS88,57.6711,40.0153,,,76.0
4,"Mokushino, Nizhegorodskaya Oblast', Russia",RS51,56.9291,43.7643,,,52.0
4,"Anapa, Krasnodarskiy Kray, Russia",RS38,44.8908,37.3239,623.0,0.6739744041562522,23.0
4,"Lipetsk, Lipetskaya Oblast', Russia",RS43,52.6031,39.5708,1424.0,1.550513516651681,48.0
4,"Gelendzhik, Krasnodarskiy Kray, Russia",RS38,44.5622,38.0848,625.0,0.6580364347784439,23.0
4,"Elista, Kalmykiya, Russia",RS24,46.3078,44.2558,180.0,1.1086810876522613,8.0
4,"Kinzhal, Magadanskaya Oblast', Russia",RS44,62.15,152.2,,,49.0
4,"Moskva, Moskva, Russia",RS48,55.7522,37.6156,,,50.0
4,"Svyaznoy, Khabarovskiy Kray, Russia",RS30,50.5369,137.211,,,27.0
4,"Alfa, Tatarstan, Russia",RS73,55.309,50.6118,,,16.0
4,"Taganrog, Rostovskaya Oblast', Russia",RS61,47.2362,38.8969,1800.0,1.6498942340044176,61.0
4,"Millerovo, Rostovskaya Oblast', Russia",RS61,48.9227,40.3967,1823.0,0.4921142316434564,61.0
4,"Bendery, Kurskaya Oblast', Russia",RS41,51.7981,36.5357,,,46.0
4,"Solntse, Ul'yanovskaya Oblast', Russia",RS81,54.4502,47.9981,,,73.0
4,"Akatsiya, Kemerovskaya Oblast', Russia",RS29,55.7359,85.3634,,,42.0
4,"Bulava, Khabarovskiy Kray, Russia",RS30,51.9167,140.417,,,27.0
4,"Sharam, Sverdlovskaya Oblast', Russia",RS71,56.4394,59.0236,,,66.0
4,"Tuapse, Krasnodarskiy Kray, Russia",RS38,44.1053,39.0802,662.0,1.0082411225587906,23.0
4,"Volokolamsk, Moskovskaya Oblast', Russia",RS47,56.039,35.957,1489.0,0.34235846556268446,50.0
4,"Gryady, Novgorodskaya Oblast', Russia",RS52,58.9667,31.9667,,,53.0
4,"Ratnik, Kirovskaya Oblast', Russia",RS33,57.7126,50.3611,,,43.0
4,"Mosin, Mariy-El, Russia",RS45,57.1456,48.7706,,,12.0
4,"Gusev, Rostovskaya Oblast', Russia",RS61,48.4411,40.4957,,,61.0
4,"Krasny Liman, Voronezhskaya Oblast', Russia",RS86,51.5383,39.8491,,,36.0
4,"Odintsovo, Moskovskaya Oblast', Russia",RS47,55.3573,37.7365,,,50.0
4,"Neptun, Tatarstan, Russia",RS73,55.6633,49.7622,,,16.0
4,"Ylen, Sakha (Yakutiya), Russia",RS63,64.7,144.633,,,14.0
4,"Vnukovo, Kostromskaya Oblast', Russia",RS37,58.651,41.858,,,44.0
4,"Sheremetyevo, Khabarovskiy Kray, Russia",RS30,47.3617,134.26,,,27.0
4,"Pulkovo, Leningradskaya Oblast', Russia",RS42,59.77,30.3261,,,47.0
4,"Domodedovo, Moskovskaya Oblast', Russia",RS47,55.4413,37.7537,1445.0,1.0342019989861773,50.0
4,"Savasleyka, Nizhegorodskaya Oblast', Russia",RS51,55.4694,42.3595,,,52.0
4,"Alekseevka, Khabarovskiy Kray, Russia",RS30,52.8667,141.233,,,27.0
4,"Primorye, Permskiy Kray, Russia",RS90,57.2682,54.9641,,,59.0
4,"Vanino, Ivanovskaya Oblast', Russia",RS21,57.2444,41.5073,,,37.0
4,"Privyet, Samarskaya Oblast', Russia",RS65,52.65,49.5,,,63.0
4,"Sadiba, Pskovskaya Oblast', Russia",RS60,56.596,29.6181,,,60.0
4,"Buyan, Leningradskaya Oblast', Russia",RS42,59.2667,34.3333,,,47.0
4,"Zelenodolsk, Tatarstan, Russia",RS73,55.8438,48.5178,375.0,2.9767932319478545,16.0
4,"Panteleyev, Rostovskaya Oblast', Russia",RS61,49.1324,40.2006,,,61.0
4,"Alekseyevka, Khabarovskiy Kray, Russia",RS30,49.2998,140.231,,,27.0
4,"Sansa, Kareliya, Russia",RS28,61.76,33.2418,,,10.0
4,"Varya, Sverdlovskaya Oblast', Russia",RS71,59.4992,63.0892,,,66.0
4,"Baluk, Penzenskaya Oblast', Russia",RS57,53.3401,46.3806,,,58.0
4,"Royal Society, Arkhangel'skaya Oblast', Russia",RS06,80.3365,53.8651,,,29.0
4,"Nakhodka, Primorskiy Kray, Russia",RS59,42.8118,132.91,782.0,2.013801014599013,25.0
4,"Komsomol, Bashkortostan, Russia",RS08,55.2781,58.1391,,,2.0
4,"Petrograd, Sankt-Peterburg, Russia",RS66,59.8944,30.2642,,,47.0
4,"Yavas, Mordoviya, Russia",RS46,54.3902,42.6626,,,13.0
4,"Kronstadt, Sankt-Peterburg, Russia",RS66,59.9954,29.7667,,,47.0
4,"West Siberian Lowland, Russia (General), Russia",RS00,60.0,75.0,,,91.0
4,"Tsarskoye Selo, Sankt-Peterburg, Russia",RS66,59.7228,30.4142,,,47.0
4,"Nikolskaya, Arkhangel'skaya Oblast', Russia",RS06,61.321,41.5152,,,29.0
4,"Metis, Sakha (Yakutiya), Russia",RS63,67.4667,136.433,,,14.0
4,"Salekhard, Yamalo-Nenetskiy Avtonomnyy Okrug, Russia",RS87,66.53,66.6019,2238.0,20.11569717204641,89.0
4,"Burchak, Bryanskaya Oblast', Russia",RS10,52.9392,32.8997,,,32.0
4,"Sinya, Irkutskaya Oblast', Russia",RS20,57.7833,114.6,,,38.0
4,"Sistema, Chelyabinskaya Oblast', Russia",RS13,53.1109,60.219,,,74.0
4,"Pantsir, Saratovskaya Oblast', Russia",RS67,51.0239,45.6969,,,64.0
4,"Borovichi, Novgorodskaya Oblast', Russia",RS52,58.2958,31.7882,,,53.0
4,"Balega, Zabaykal'skiy Kray, Russia",RS93,51.0833,109.0,,,75.0
4,"Shestakov, Volgogradskaya Oblast', Russia",RS84,47.9813,43.6244,,,34.0
4,"Storozhevka, Voronezhskaya Oblast', Russia",RS86,51.7827,39.8716,,,36.0
4,"Yegorovka, Bashkortostan, Russia",RS08,53.7333,54.35,,,2.0
4,"Novoandreyevka, Smolenskaya Oblast', Russia",RS69,55.5,33.1,,,67.0
4,"Olkha, Kurskaya Oblast', Russia",RS41,52.1417,34.8436,,,46.0
4,"Arakan, Krasnoyarskiy Kray, Russia",RS91,57.907,100.734,,,24.0
4,"Kuloy, Arkhangel'skaya Oblast', Russia",RS06,61.0305,42.4925,,,29.0
4,"Shebekino, Belgorodskaya Oblast', Russia",RS09,50.4097,36.9136,951.0,13.944586854884516,31.0
5,"Rostov Oblast, Rostovskaya Oblast', Russia",RS61,47.0,42.0,,,61.0
4,"Stavropol, Stavropol'skiy Kray, Russia",RS70,45.0428,41.9734,809.0,0.3433486635931583,26.0
4,"Usov, Orenburgskaya Oblast', Russia",RS55,51.6136,51.738,,,56.0
4,"Yeysk, Krasnodarskiy Kray, Russia",RS38,46.7055,38.2739,,,23.0
5,"Leningrad Oblast, Leningradskaya Oblast', Russia",RS42,60.0,32.0,,,47.0
4,"Krasnaya Zvezda, Tambovskaya Oblast', Russia",RS72,52.0833,40.9667,,,68.0
4,"Lugovoi, Buryatiya, Russia",RS11,53.1948,112.778,,,3.0
4,"Vodyanoe, Volgogradskaya Oblast', Russia",RS84,49.2653,45.0289,,,34.0
4,"Tekhnika, Vologodskaya Oblast', Russia",RS85,59.85,35.7833,,,35.0
4,"Ogarevo, Kaluzhskaya Oblast', Russia",RS25,55.2031,35.8328,,,40.0
4,"Fedoseyev, Volgogradskaya Oblast', Russia",RS84,49.3833,45.9333,,,34.0
4,"Severomorsk, Murmanskaya Oblast', Russia",RS49,69.0689,33.4162,1517.0,0.03487362611119907,51.0
4,"Kildin Island, Murmanskaya Oblast', Russia",RS49,69.3525,34.1678,,,51.0
4,"Novomoskovsk, Tul'skaya Oblast', Russia",RS76,54.0105,38.2846,2169.0,0.41837037071170186,71.0
4,"Ilim, Sverdlovskaya Oblast', Russia",RS71,57.4989,59.0508,,,66.0
4,"Kamenka, Amurskaya Oblast', Russia",RS05,49.7701,129.919,,,28.0
4,"Segezha, Kareliya, Russia",RS28,63.7415,34.3222,221.0,0.6088235425661943,10.0
4,"Lomonosov, Sankt-Peterburg, Russia",RS66,59.9061,29.7725,1402.0,0.5124476854712129,47.0
4,"Bashkortostan, Bashkortostan, Russia",RS08,56.2445,56.2518,,,2.0
4,"Noginsk, Moskovskaya Oblast', Russia",RS47,55.8665,38.4438,1496.0,1.2503560099828852,50.0
4,"Tikhoretsk, Krasnodarskiy Kray, Russia",RS38,45.8547,40.1253,661.0,0.21871741799125136,23.0
4,"Akhmetov, Saratovskaya Oblast', Russia",RS67,50.1806,48.6973,,,64.0
4,"Korsunskaya, Orlovskaya Oblast', Russia",RS56,52.7229,37.0079,,,57.0
5,"Kaliningrad Oblast, Kaliningradskaya Oblast', Russia",RS23,54.75,21.5,,,39.0
4,"Urals, Russia (General), Russia",RS00,60.0,60.0,,,91.0
4,"Vorontsov, Stavropol'skiy Kray, Russia",RS70,45.6,41.8831,,,26.0
4,"Mechnikov, Kaliningradskaya Oblast', Russia",RS23,54.6819,19.9278,,,39.0
4,"Ziborova, Kurskaya Oblast', Russia",RS41,51.9482,36.1504,,,46.0
4,"Ossetia, Russia (General), Russia",RS00,42.75,44.0,,,91.0
5,"North Ossetia, Severnaya Osetiya-Alaniya, Russia",RS68,43.0,44.25,,,15.0
4,"Telsa, Arkhangel'skaya Oblast', Russia",RS06,65.8222,43.4093,,,29.0
4,"Bakai, Udmurtiya, Russia",RS80,57.2583,54.2848,,,18.0
4,"Pochta, Novosibirskaya Oblast', Russia",RS53,55.4547,82.976,,,54.0
4,"Fetisov, Volgogradskaya Oblast', Russia",RS84,49.8358,43.3449,,,34.0
4,"Barashevo, Ryazanskaya Oblast', Russia",RS62,54.2814,41.8833,,,62.0
4,"Pechersk, Samarskaya Oblast', Russia",RS65,53.2406,49.0175,,,63.0
4,"Parmas, Vologodskaya Oblast', Russia",RS85,59.3285,45.5944,,,35.0
4,"Radio Nov, Stavropol'skiy Kray, Russia",RS70,45.2596,41.4776,,,26.0
4,"Kirovograd, Sverdlovskaya Oblast', Russia",RS71,57.4541,59.9518,1991.0,7.516771363805264,66.0
4,"Mirova, Novgorodskaya Oblast', Russia",RS52,58.631,35.8829,,,53.0
4,"Shishkin, Voronezhskaya Oblast', Russia",RS86,50.7124,38.8947,,,36.0
4,"Suday, Kostromskaya Oblast', Russia",RS37,58.9775,43.1303,,,44.0
4,"Krasnogorsk, Smolenskaya Oblast', Russia",RS69,55.1814,35.2208,,,67.0
4,"Lavrentyev, Chechnya And Ingushetiya, Russia",RSCI,43.7953,45.6356,,,20.0
4,"Khor On, Sakha (Yakutiya), Russia",RS63,59.8,112.367,,,14.0
4,"Koura, Kemerovskaya Oblast', Russia",RS29,52.6167,87.8167,,,42.0
4,"Terez, Khanty-Mansiyskiy Avtonomnyy Okrug, Russia",RS32,59.7667,65.5,,,86.0
4,"Gruenheide, Kaliningradskaya Oblast', Russia",RS23,54.8038,21.9039,,,39.0
4,"Strezhevoy, Tomskaya Oblast', Russia",RS75,60.7333,77.5889,2146.0,0.6500753749290071,70.0
5,"Tyumen Oblast, Tyumenskaya Oblast', Russia",RS78,57.3333,68.5,,,72.0
4,"Kromy, Ivanovskaya Oblast', Russia",RS21,56.8814,42.5162,,,37.0
4,"Elektrostal, Moskovskaya Oblast', Russia",RS47,55.7896,38.4467,1488.0,0.39281667248087354,50.0
4,"Gorkogo, Buryatiya, Russia",RS11,51.7935,107.611,,,3.0
4,"Dubna, Kaluzhskaya Oblast', Russia",RS25,53.7902,35.4671,,,40.0
4,"Shturm, Stavropol'skiy Kray, Russia",RS70,45.7861,41.2801,,,26.0
4,"Dugina, Kurskaya Oblast', Russia",RS41,51.5604,34.4917,,,46.0
4,"Pisar, Ryazanskaya Oblast', Russia",RS62,55.0075,41.6999,,,62.0
4,"Amelina, Kurganskaya Oblast', Russia",RS40,55.0172,65.0519,,,45.0
4,"Orlean, Altayskiy Kray, Russia",RS04,52.6833,79.6667,,,22.0
4,"Bakhmutka, Karachayevo-Cherkesiya, Russia",RS27,43.7772,40.9375,,,9.0
4,"Cherekha, Pskovskaya Oblast', Russia",RS60,57.7427,28.3839,,,60.0
4,"Komsomolsk, Khabarovskiy Kray, Russia",RS30,50.552,137.015,843.0,0.438995099572261,27.0
4,"Solovki, Tverskaya Oblast', Russia",RS77,58.3667,35.3667,,,69.0
4,"Kolyma, Russia (General), Russia",RS00,69.5,161.0,,,91.0
4,"Vorkuta, Yamalo-Nenetskiy Avtonomnyy Okrug, Russia",RS87,66.3667,70.1333,,,89.0
4,"Solna, Smolenskaya Oblast', Russia",RS69,54.0876,32.9888,,,67.0
4,"Molokan, Buryatiya, Russia",RS11,55.75,109.517,,,3.0
4,"Korsun, Orlovskaya Oblast', Russia",RS56,52.7229,37.0079,,,57.0
4,"Katara, Arkhangel'skaya Oblast', Russia",RS06,65.6193,44.9866,,,29.0
4,"Sodom, Saratovskaya Oblast', Russia",RS67,52.457,46.4218,,,64.0
4,"Chalda, Dagestan, Russia",RS17,42.5396,46.9215,,,5.0
4,"Gubkin, Belgorodskaya Oblast', Russia",RS09,51.2817,37.5458,932.0,0.8065029238050647,31.0
4,"Tyurin, Rostovskaya Oblast', Russia",RS61,48.4697,41.3881,,,61.0
4,"Akon, Khabarovskiy Kray, Russia",RS30,50.8167,138.033,,,27.0
4,"Ozerov, Krasnodarskiy Kray, Russia",RS38,44.3217,39.6964,,,23.0
4,"Urum, Amurskaya Oblast', Russia",RS05,55.1567,130.175,,,28.0
4,"Science City, Novosibirskaya Oblast', Russia",RS53,54.8523,83.106,,,54.0
4,"Sladkoye, Kurganskaya Oblast', Russia",RS40,55.3481,64.1328,,,45.0
4,"Mariinka, Novosibirskaya Oblast', Russia",RS53,55.9723,77.2289,,,54.0
4,"Petrova Gora, Arkhangel'skaya Oblast', Russia",RS06,64.5852,43.3602,,,29.0
4,"Rassvet, Kaliningradskaya Oblast', Russia",RS23,54.4192,21.1539,,,39.0
4,"Zarya, Vladimirskaya Oblast', Russia",RS83,56.2978,41.3575,,,33.0
4,"Tropinka, Rsja, Russia",RSJA,44.2028,145.856,,,65.0
4,"Chen Chen, Chukotskiy Avtonomnyy Okrug, Russia",RS15,64.3667,-172.85,,,87.0
4,"Terpenye, Omskaya Oblast', Russia",RS54,54.2494,71.2453,,,55.0
4,"Brut, Severnaya Osetiya-Alaniya, Russia",RS68,43.2657,44.4449,,,15.0
4,"Khadzhibey, Karachayevo-Cherkesiya, Russia",RS27,43.3778,41.6803,,,9.0
4,"Kaa-Khem, Tyva, Russia",RS79,51.6833,94.7333,405.0,11.781713711566995,17.0
4,"Gorenka, Smolenskaya Oblast', Russia",RS69,55.2828,32.4626,,,67.0
4,"Bobrova, Belgorodskaya Oblast', Russia",RS09,51.0269,36.9463,,,31.0
4,"Malmyzh, Khabarovskiy Kray, Russia",RS30,50.3039,136.67,,,27.0
4,"Tumen River, Russia (General), Russia",RS00,42.2967,130.697,,,91.0
4,"Bystro, Zabaykal'skiy Kray, Russia",RS93,51.5,118.633,,,75.0
4,"Novorossiya, Primorskiy Kray, Russia",RS59,43.3427,132.556,,,25.0
4,"Chilika, Khabarovskiy Kray, Russia",RS30,53.0847,139.179,,,27.0
4,"Rurik, Primorskiy Kray, Russia",RS59,42.7167,133.05,,,25.0
4,"Redut, Kurganskaya Oblast', Russia",RS40,54.6531,64.9269,,,45.0
4,"Krab, Sakha (Yakutiya), Russia",RS63,61.35,137.483,,,14.0
4,"Malysh, Sakhalinskaya Oblast', Russia",RS64,55.4972,155.786,,,65.0
4,"Ustinov, Udmurtiya, Russia",RS80,56.8498,53.2045,,,18.0
4,"Brezhnev, Tatarstan, Russia",RS73,55.7255,52.4112,,,16.0
4,"Shakhnazarov, Krasnodarskiy Kray, Russia",RS38,44.8742,41.1392,,,23.0
4,"March As, Mordoviya, Russia",RS46,53.9852,42.668,,,13.0
4,"Zorin, Astrakhanskaya Oblast', Russia",RS07,48.1876,45.1814,,,30.0
4,"Tochka, Vologodskaya Oblast', Russia",RS85,59.0609,39.0965,,,35.0
5,"Moscow Oblast, Moskovskaya Oblast', Russia",RS47,55.75,37.5,,,50.0
4,"East European Plain, Russia (General), Russia",RS00,55.0,45.0,,,91.0
4,"Sarapul, Udmurtiya, Russia",RS80,56.471,53.8036,422.0,1.7098595880644383,18.0
4,"Netki, Yaroslavskaya Oblast', Russia",RS88,57.4621,38.1429,,,76.0
4,"Sektor, Krasnoyarskiy Kray, Russia",RS91,57.9184,100.873,,,24.0
4,"Tserkva, Nizhegorodskaya Oblast', Russia",RS51,57.3654,46.1369,,,52.0
4,"Garri, Kirovskaya Oblast', Russia",RS33,56.6861,50.3735,,,43.0
4,"Pavilon, Nizhegorodskaya Oblast', Russia",RS51,55.3033,42.1657,,,52.0
4,"Jatka, Amurskaya Oblast', Russia",RS05,51.7983,128.017,,,28.0
4,"Berezka, Tverskaya Oblast', Russia",RS77,58.0236,35.2137,,,69.0
4,"Glebova, Vladimirskaya Oblast', Russia",RS83,56.4234,41.4597,,,33.0
4,"Rogozin, Astrakhanskaya Oblast', Russia",RS07,48.6868,46.0634,,,30.0
4,"Kasyanov, Krasnodarskiy Kray, Russia",RS38,44.4667,40.6,,,23.0
4,"Komsomolets, Vologodskaya Oblast', Russia",RS85,59.1,37.95,,,35.0
4,"Nizhnevartovsk, Khanty-Mansiyskiy Avtonomnyy Okrug, Russia",RS32,60.9344,76.5531,2221.0,0.5422690050413943,86.0
4,"Novorossiisk, Krasnodarskiy Kray, Russia",RS38,44.7244,37.7675,627.0,0.13350806253884667,23.0
4,"Astrakhan, Astrakhanskaya Oblast', Russia",RS07,46.3497,48.0408,918.0,0.6279830433136989,30.0
4,"Vaganova, Permskiy Kray, Russia",RS90,59.141,54.9069,,,59.0
4,"Shurinka, Kemerovskaya Oblast', Russia",RS29,54.8314,85.2883,,,42.0
4,"Tamanskaya, Krasnodarskiy Kray, Russia",RS38,45.2117,36.7161,,,23.0
4,"Stavka, Stavropol'skiy Kray, Russia",RS70,45.4247,43.4733,,,26.0
4,"Aznakayevo, Bashkortostan, Russia",RS08,53.492,54.3942,,,2.0
4,"Mukha, Kirovskaya Oblast', Russia",RS33,58.2237,48.3178,,,43.0
4,"Vanga, Amurskaya Oblast', Russia",RS05,54.4157,127.289,,,28.0
4,"Ingush, Chechnya And Ingushetiya, Russia",RSCI,43.25,46.0,,,20.0
4,"Gudermes, Chechnya And Ingushetiya, Russia",RSCI,43.3507,46.1092,466.0,0.9734043677872933,20.0
4,"Triumf, Permskiy Kray, Russia",RS90,59.8667,56.1667,,,59.0
4,"Severnoye, Orenburgskaya Oblast', Russia",RS55,54.0935,52.5439,1702.0,0.24122216064914226,56.0
4,"Shuri, Kareliya, Russia",RS28,64.7989,30.4033,,,10.0
4,"Timet, Kemerovskaya Oblast', Russia",RS29,52.6,88.1167,,,42.0
4,"Dyagilevo, Tverskaya Oblast', Russia",RS77,57.8006,35.0297,,,69.0
4,"Akhmatov, Saratovskaya Oblast', Russia",RS67,50.1806,48.6973,,,64.0
4,"Sineva, Arkhangel'skaya Oblast', Russia",RS06,63.0161,45.6013,,,29.0
4,"Severodvinsk, Arkhangel'skaya Oblast', Russia",RS06,64.5635,39.8302,896.0,0.3074073622688402,29.0
4,"Mazi, Udmurtiya, Russia",RS80,57.8656,54.1119,,,18.0
4,"Vavilov, Komi, Russia",RS34,65.8914,57.9281,,,11.0
4,"Yadro, Kareliya, Russia",RS28,61.5662,33.3879,,,10.0
4,"Tjumen, Tyumenskaya Oblast', Russia",RS78,57.1522,65.5272,,,72.0
4,"Delyankir, Magadanskaya Oblast', Russia",RS44,63.8333,145.55,,,49.0
4,"Novoshakhtinsk, Rostovskaya Oblast', Russia",RS61,47.7604,39.9333,1799.0,4.972536011714279,61.0
4,"Byetta, Krasnodarskiy Kray, Russia",RS38,44.3736,38.3942,,,23.0
4,"Kavli, Amurskaya Oblast', Russia",RS05,54.7757,125.607,,,28.0
4,"Yamina, Novosibirskaya Oblast', Russia",RS53,54.7097,75.9536,,,54.0
4,"Makhachkala, Dagestan, Russia",RS17,42.9764,47.5024,107.0,0.7635180898826637,5.0
4,"Riazan, Ryazanskaya Oblast', Russia",RS62,54.6269,39.6916,,,62.0
4,"Petrushki, Krasnoyarskiy Kray, Russia",RS39,56.1294,95.2317,,,24.0
4,"Volgodonsk, Rostovskaya Oblast', Russia",RS61,47.5848,42.129,1793.0,8.861679998430864,61.0
4,"Kudrin, Belgorodskaya Oblast', Russia",RS09,51.0257,36.8986,,,31.0
4,"Krivoy Rog, Orlovskaya Oblast', Russia",RS56,52.7186,35.3408,,,57.0
4,"Petropavlovsk, 92, Russia",RS92,53.0452,158.648,608.0,2.8045092107177845,41.0
4,"Veneta, Tatarstan, Russia",RS73,55.961,49.9034,,,16.0
4,"Berkut, Orenburgskaya Oblast', Russia",RS55,51.2921,57.7054,,,56.0
4,"Neftegorsk, Krasnodarskiy Kray, Russia",RS38,44.3658,39.7078,,,23.0
4,"Mayakovskaya, Amurskaya Oblast', Russia",RS05,49.1811,130.657,,,28.0
5,"Volgogradskaya Oblast, Volgogradskaya Oblast', Russia",RS84,49.0,44.0,,,34.0
4,"Reshet, Irkutskaya Oblast', Russia",RS20,54.8038,97.3896,,,38.0
4,"Mariinskiy, Chelyabinskaya Oblast', Russia",RS13,52.3333,61.0,,,74.0
4,"Manezh, Moskovskaya Oblast', Russia",RS47,56.1537,35.4338,,,50.0
4,"Lazareva, Yevreyskaya Avtonomnaya Oblast', Russia",RS89,48.2398,132.441,,,79.0
4,"Busan, Astrakhanskaya Oblast', Russia",RS07,46.7314,48.0257,,,30.0
5,"Ryazan Oblast, Ryazanskaya Oblast', Russia",RS62,54.25,40.5,,,62.0
4,"Sarsar, Dagestan, Russia",RS17,43.9699,47.0777,,,5.0
4,"Munga, Vologodskaya Oblast', Russia",RS85,60.2253,38.0057,,,35.0
4,"Devau, Kaliningradskaya Oblast', Russia",RS23,54.7253,20.5572,,,39.0
4,"Chekhov, Bryanskaya Oblast', Russia",RS10,52.4328,31.6061,,,32.0
4,"Shikotan, Rsja, Russia",RSJA,43.7936,146.747,,,65.0
4,"Potma, Saratovskaya Oblast', Russia",RS67,52.2743,43.386,,,64.0
4,"Tambov, Tambovskaya Oblast', Russia",RS72,52.7317,41.4433,2071.0,0.6162018212264759,68.0
4,"Vorsma, Nizhegorodskaya Oblast', Russia",RS51,55.9906,43.2725,,,52.0
4,"Renevo, Kirovskaya Oblast', Russia",RS33,58.574,52.5452,,,43.0
4,"Tonenkoye, Belgorodskaya Oblast', Russia",RS09,50.8867,36.9966,,,31.0
4,"Almetyevsk, Tatarstan, Russia",RS73,54.9044,52.3154,362.0,1.2911418713630975,16.0
4,"Blagoveshchensk, Amurskaya Oblast', Russia",RS05,50.2667,127.533,872.0,0.7422243325812633,28.0
4,"Alash, Tyva, Russia",RS79,51.25,90.9,,,17.0
4,"Pavlovsk, Irkutskaya Oblast', Russia",RS20,53.9532,101.245,,,38.0
4,"Northbrook, Arkhangel'skaya Oblast', Russia",RS06,79.962,51.0173,,,29.0
4,"Habomai, Sakhalinskaya Oblast', Russia",RS64,47.2603,142.023,,,65.0
4,"Glinsk, Bryanskaya Oblast', Russia",RS10,52.6132,33.9143,,,32.0
4,"New Holland, Leningradskaya Oblast', Russia",RS42,59.9333,30.2833,,,47.0
4,"Ryanza, Penzenskaya Oblast', Russia",RS57,52.3723,44.0266,,,58.0
4,"Portovaya, Irkutskaya Oblast', Russia",RS20,56.1092,101.588,,,38.0
4,"Vakhovskiy, Novosibirskaya Oblast', Russia",RS53,55.0841,75.911,,,54.0
4,"Kucherov, Kurskaya Oblast', Russia",RS41,51.0131,35.406,,,46.0
4,"Sukachev, Volgogradskaya Oblast', Russia",RS84,49.8791,42.2811,,,34.0
4,"Gremikha, Murmanskaya Oblast', Russia",RS49,68.053,39.5168,,,51.0
4,"Andreyeva, Permskiy Kray, Russia",RS90,59.7978,55.8895,,,59.0
4,"Novaya Zemlya, Tul'skaya Oblast', Russia",RS76,54.2357,37.4576,,,71.0
4,"Spayka, Omskaya Oblast', Russia",RS54,54.7155,74.0918,,,55.0
4,"Kirya, Chuvashiya, Russia",RS16,55.081,46.8609,,,21.0
4,"Chechen, Dagestan, Russia",RS17,43.9611,47.6427,,,5.0
4,"Daghestan, Russia (General), Russia",RS00,42.0,47.0,,,91.0
4,"Vityaz, Primorskiy Kray, Russia",RS59,42.6072,131.181,,,25.0
4,"Abakany, Pskovskaya Oblast', Russia",RS60,56.6534,28.986,,,60.0
4,"Solyanka, Sakha (Yakutiya), Russia",RS63,60.4678,120.72,,,14.0
4,"Borovsk, Permskiy Kray, Russia",RS90,59.7095,56.7191,,,59.0
4,"Kuyga, Krasnoyarskiy Kray, Russia",RS39,54.9097,94.7596,,,24.0
4,"Pleshcheyevo, Kostromskaya Oblast', Russia",RS37,58.7265,42.0882,,,44.0
4,"Diomede Islands, Russia (General), Russia",RS00,65.75,-169.05,,,91.0
4,"Big Diomede Island, Chukotskiy Avtonomnyy Okrug, Russia",RS15,65.7667,-169.1,,,87.0
4,"Kalino, Sakhalinskaya Oblast', Russia",RS64,46.8614,141.972,,,65.0
4,"Stepnoye, Omskaya Oblast', Russia",RS54,53.7914,74.4003,,,55.0
4,"Kirillovka, Irkutskaya Oblast', Russia",RS20,52.95,104.117,,,38.0
4,"Limansky, Stavropol'skiy Kray, Russia",RS70,45.57,41.6731,,,26.0
4,"Turgenevka, Irkutskaya Oblast', Russia",RS20,53.0275,105.674,,,38.0
4,"Kopeykin, Khabarovskiy Kray, Russia",RS30,47.7298,135.377,,,27.0
4,"Yuzhny, Krasnodarskiy Kray, Russia",RS38,46.6541,38.972,,,23.0
4,"Belovezh, Amurskaya Oblast', Russia",RS05,52.3,127.45,,,28.0
4,"Ramenki, Tverskaya Oblast', Russia",RS77,56.801,34.438,,,69.0
4,"Moskovskaya, Stavropol'skiy Kray, Russia",RS70,45.2842,41.9103,,,26.0
4,"Yarat, Bashkortostan, Russia",RS08,53.7216,54.835,,,2.0
5,"Kursk Oblast, Kurskaya Oblast', Russia",RS41,51.5,36.0,,,46.0
4,"Prigorodnaya, Penzenskaya Oblast', Russia",RS57,52.4448,44.2148,,,58.0
4,"Vatutinki, Moskovskaya Oblast', Russia",RS47,55.4965,37.3299,,,50.0
4,"Polsk, Kaliningradskaya Oblast', Russia",RS23,54.4667,19.6833,,,39.0
4,"Shuya, Kareliya, Russia",RS28,64.7522,34.6605,,,10.0
4,"Izvestiya, Krasnodarskiy Kray, Russia",RS38,43.4683,39.895,,,23.0
4,"Opytnoye, Kalmykiya, Russia",RS24,47.2991,44.6902,,,8.0
4,"Pavlovka, Smolenskaya Oblast', Russia",RS69,54.0833,32.8333,,,67.0
4,"Mayorsk, Belgorodskaya Oblast', Russia",RS09,50.1083,38.3031,,,31.0
4,"Uralmash, Sverdlovskaya Oblast', Russia",RS71,56.8838,60.5567,,,66.0
4,"Ilimsk, Irkutskaya Oblast', Russia",RS20,56.7665,103.822,,,38.0
4,"Gorky, Nizhegorodskaya Oblast', Russia",RS51,56.3269,44.0075,,,52.0
4,"Artel, Irkutskaya Oblast', Russia",RS20,53.5578,101.824,,,38.0
4,"Ayush, Chelyabinskaya Oblast', Russia",RS13,56.2167,59.9,,,74.0
4,"Samotlor, Khanty-Mansiyskiy Avtonomnyy Okrug, Russia",RS32,61.0675,76.9742,,,86.0
4,"Golubtsy, Novgorodskaya Oblast', Russia",RS52,58.5167,32.4667,,,53.0
4,"Yekaterina, Kirovskaya Oblast', Russia",RS33,58.3839,48.0647,,,43.0
4,"Nadym, Yamalo-Nenetskiy Avtonomnyy Okrug, Russia",RS87,65.5333,72.5167,2245.0,0.20974550875963432,89.0
4,"Ukhta, Komi, Russia",RS34,63.5671,53.6835,229.0,0.5261419001663659,11.0
4,"Izoplit, Leningradskaya Oblast', Russia",RS42,59.8156,30.4031,,,47.0
4,"Khalino, Kurskaya Oblast', Russia",RS41,51.48,36.6987,,,46.0
4,"Vulan, Krasnodarskiy Kray, Russia",RS38,44.3567,38.5263,,,23.0
4,"Taimyr, Taymyrskiy (Dolgano-Nenetskiy) Avtonomnyy Okrug, Russia",RS74,76.1744,99.6219,,,24.0
4,"Kostroma, Kostromskaya Oblast', Russia",RS37,57.7665,40.9269,1315.0,0.15743199804861735,44.0
4,"Lefortovo, Moskva, Russia",RS48,55.7667,37.7,,,50.0
4,"Skolkovo, Samarskaya Oblast', Russia",RS65,53.3226,50.7374,,,63.0
4,"Kopytin, Voronezhskaya Oblast', Russia",RS86,50.985,40.9686,,,36.0
4,"Rostov-Na-Donu, Rostovskaya Oblast', Russia",RS61,47.2364,39.7139,1790.0,1.6713420204779257,61.0
4,"Bochka, Kaliningradskaya Oblast', Russia",RS23,54.6178,21.2717,,,39.0
4,"Mirazh, Chukotskiy Avtonomnyy Okrug, Russia",RS15,69.8981,172.167,,,87.0
4,"Volodina, Permskiy Kray, Russia",RS90,59.5468,56.8897,,,59.0
4,"Spornoye, Kurganskaya Oblast', Russia",RS40,55.1411,65.7822,,,45.0
4,"Gorskaya, Krasnoyarskiy Kray, Russia",RS39,58.4125,92.1443,,,24.0
4,"Tetkino, Tverskaya Oblast', Russia",RS77,56.7268,35.2816,,,69.0
4,"Verkhne-Udinsk, Buryatiya, Russia",RS11,51.8261,107.61,,,3.0
4,"Plastmass, Moskovskaya Oblast', Russia",RS47,54.9748,37.9603,,,50.0
4,"Voroshilovskiy, Rostovskaya Oblast', Russia",RS61,48.8262,40.5095,,,61.0
4,"Samolet, Udmurtiya, Russia",RS80,57.2666,54.248,,,18.0
4,"Sabi, Leningradskaya Oblast', Russia",RS42,58.8411,29.6019,,,47.0
4,"Koltsovo, Sverdlovskaya Oblast', Russia",RS71,56.7747,60.8252,,,66.0
4,"Sups, Adygeya, Russia",RS01,44.9313,38.9393,,,1.0
4,"Mariupol, Mordoviya, Russia",RS46,54.2027,45.9508,,,13.0
4,"Sviyazhsk, Tatarstan, Russia",RS73,55.7727,48.6575,,,16.0
4,"Sharla, Samarskaya Oblast', Russia",RS65,53.6346,51.8268,,,63.0
4,"Burna, Bashkortostan, Russia",RS08,55.3,56.5,,,2.0
4,"Tulkun, Orenburgskaya Oblast', Russia",RS55,52.1833,55.3333,,,56.0
4,"Kislovodsk, Stavropol'skiy Kray, Russia",RS70,43.9133,42.7208,816.0,0.13523165089286332,26.0
4,"Ivangorod, Bashkortostan, Russia",RS08,54.4167,54.85,,,2.0
4,"Shakhtyorsk, Chukotskiy Avtonomnyy Okrug, Russia",RS15,64.7833,177.6,,,87.0
4,"Donetsk, Rostovskaya Oblast', Russia",RS61,48.3337,39.9478,1795.0,2.0472515872080574,61.0
4,"Spanberg, Taymyrskiy (Dolgano-Nenetskiy) Avtonomnyy Okrug, Russia",RS74,76.6964,96.0017,,,24.0
4,"Dzerzhinsk, Nizhegorodskaya Oblast', Russia",RS51,56.2414,43.4554,1527.0,0.5280885284300735,52.0
4,"Artemovsk, Sverdlovskaya Oblast', Russia",RS71,57.3555,61.8686,1973.0,1.4698089725295618,66.0
4,"Lisha, Dagestan, Russia",RS17,42.0732,47.7393,,,5.0
4,"Zarina, Kostromskaya Oblast', Russia",RS37,59.0991,46.4484,,,44.0
4,"Nudol, Moskovskaya Oblast', Russia",RS47,56.1,36.5167,,,50.0
4,"Kalinovski, Chechnya And Ingushetiya, Russia",RSCI,43.5738,45.5209,,,20.0
4,"Pervomaiskoye, Rostovskaya Oblast', Russia",RS61,46.3569,43.6067,,,61.0
4,"Kasatka, Rsja, Russia",RSJA,45.0,147.733,,,65.0
4,"Tsakhur, Dagestan, Russia",RS17,41.6522,47.1366,,,5.0
4,"Sencha, Bryanskaya Oblast', Russia",RS10,53.061,32.1543,,,32.0
4,"Naro-Fominsk, Moskovskaya Oblast', Russia",RS47,55.3875,36.7331,1468.0,0.7039020523386785,50.0
4,"Valuyki, Tverskaya Oblast', Russia",RS77,56.5817,35.1399,,,69.0
4,"Imandra, Murmanskaya Oblast', Russia",RS49,67.8489,33.2603,,,51.0
4,"Koni, Komi, Russia",RS34,62.8998,50.6845,,,11.0
4,"Shelikhov, Irkutskaya Oblast', Russia",RS20,52.2139,104.1,,,38.0
4,"Novovoronezh, Voronezhskaya Oblast', Russia",RS86,51.3072,39.2173,1075.0,0.22453281232888042,36.0
4,"Kadamovskiy, Rostovskaya Oblast', Russia",RS61,47.63,40.3383,,,61.0
4,"Barki, Bryanskaya Oblast', Russia",RS10,52.4224,31.8431,,,32.0
4,"Splav, Kaluzhskaya Oblast', Russia",RS25,53.3833,34.7167,,,40.0
4,"Molot, Sakha (Yakutiya), Russia",RS63,59.3833,132.817,,,14.0
4,"Golubev, Kirovskaya Oblast', Russia",RS33,57.2889,48.6292,,,43.0
4,"Dreki, Pskovskaya Oblast', Russia",RS60,56.1055,30.9398,,,60.0
4,"Shamaya, Khabarovskiy Kray, Russia",RS30,54.4333,134.05,,,27.0
4,"Deben, Buryatiya, Russia",RS11,50.7417,106.313,,,3.0
4,"Kolomna, Moskovskaya Oblast', Russia",RS47,55.0794,38.7783,1455.0,1.7625122564157447,50.0
4,"Volkhov, Novgorodskaya Oblast', Russia",RS52,58.3333,33.5333,,,53.0
4,"Mozhaisk, Moskovskaya Oblast', Russia",RS47,55.5019,36.0272,1495.0,2.6772470800857353,50.0
4,"Rzhev, Tverskaya Oblast', Russia",RS77,56.2624,34.3282,2135.0,0.6543362140954795,69.0
4,"Ustyug, Krasnoyarskiy Kray, Russia",RS39,56.3712,92.8404,,,24.0
4,"Meshchera, Tverskaya Oblast', Russia",RS77,57.6433,37.3062,,,69.0
4,"Yelabuga, Tatarstan, Russia",RS73,55.7613,52.0649,,,16.0
4,"Cheboksary, Chuvashiya, Russia",RS16,56.1322,47.2519,478.0,0.4605055374126744,21.0
4,"Vyazma, Smolenskaya Oblast', Russia",RS69,55.2104,34.2951,2047.0,4.050093895560321,67.0
4,"Bashkiria, Bashkortostan, Russia",RS08,54.0,56.0,,,2.0
4,"Izhora, Sankt-Peterburg, Russia",RS66,59.8119,30.5814,,,47.0
4,"Vyatka, Kirovskaya Oblast', Russia",RS33,58.5967,49.6601,,,43.0
4,"Yelets, Lipetskaya Oblast', Russia",RS43,52.6237,38.5017,,,48.0
4,"Kozelsk, Kaluzhskaya Oblast', Russia",RS25,54.0375,35.7716,1209.0,0.7439368703446169,40.0
4,"Murom, Vladimirskaya Oblast', Russia",RS83,55.575,42.0426,989.0,0.18770069865233027,33.0
4,"Barvenkovo, Omskaya Oblast', Russia",RS54,54.1311,71.5664,,,55.0
4,"Olkhovatka, Voronezhskaya Oblast', Russia",RS86,51.9219,39.0954,,,36.0
4,"Borovskoye, Lipetskaya Oblast', Russia",RS43,52.5833,39.7167,,,48.0
4,"Stolby, Kirovskaya Oblast', Russia",RS33,58.0833,49.5667,,,43.0
4,"Visum, Khanty-Mansiyskiy Avtonomnyy Okrug, Russia",RS32,62.5828,61.6403,,,86.0
4,"Ostankino, Nizhegorodskaya Oblast', Russia",RS51,56.3882,44.3371,,,52.0
4,"Zemlya, Bryanskaya Oblast', Russia",RS10,52.3917,33.6261,,,32.0
4,"Mamay, Tverskaya Oblast', Russia",RS77,56.8364,32.5297,,,69.0
4,"Lomanov, Bryanskaya Oblast', Russia",RS10,53.5967,33.0857,,,32.0
4,"Tokarevskaya, Arkhangel'skaya Oblast', Russia",RS06,61.519,38.7426,,,29.0
4,"Gorki, Nizhegorodskaya Oblast', Russia",RS51,56.3269,44.0075,,,52.0
4,"Yarag-Kazmalyar, Dagestan, Russia",RS17,41.6458,48.3845,,,5.0
4,"Nemtsova, Tul'skaya Oblast', Russia",RS76,54.6678,37.4106,,,71.0
4,"Borodino, Kaluzhskaya Oblast', Russia",RS25,55.2475,35.6589,,,40.0
4,"Babuk, Krasnodarskiy Kray, Russia",RS38,43.8856,39.821,,,23.0
4,"Seva, Udmurtiya, Russia",RS80,58.4499,52.9577,,,18.0
4,"Kopi, Chelyabinskaya Oblast', Russia",RS13,55.131,61.6792,,,74.0
4,"Bayanday, Irkutskaya Oblast', Russia",RS20,53.0661,105.514,1171.0,0.2876547504047173,38.0
4,"Kolyu, Komi, Russia",RS34,59.9914,49.8822,,,11.0
4,"Lakhta, Leningradskaya Oblast', Russia",RS42,59.9833,33.6167,,,47.0
4,"Slavyansk, Primorskiy Kray, Russia",RS59,42.8696,131.378,803.0,1.5370851063340343,25.0
4,"Korosten, Yaroslavskaya Oblast', Russia",RS88,58.2001,37.8806,,,76.0
4,"Khamara, Zabaykal'skiy Kray, Russia",RS93,49.6777,112.24,,,75.0
4,"Zhilin, Belgorodskaya Oblast', Russia",RS09,51.0292,37.1834,,,31.0
4,"Khanty-Mansiysk, Khanty-Mansiyskiy Avtonomnyy Okrug, Russia",RS32,61.0042,69.0019,2216.0,0.925571766873358,86.0
4,"Katanga, Sakhalinskaya Oblast', Russia",RS64,51.7,143.233,,,65.0
4,"Wrangel Island, Chukotskiy Avtonomnyy Okrug, Russia",RS15,71.25,-179.667,,,87.0
4,"Atka, Magadanskaya Oblast', Russia",RS44,60.8333,151.8,,,49.0
4,"Klon, Arkhangel'skaya Oblast', Russia",RS06,61.2871,44.1268,,,29.0
4,"Teriberka, Murmanskaya Oblast', Russia",RS49,69.1609,35.1453,,,51.0
4,"Aleksey, Zabaykal'skiy Kray, Russia",RS93,53.8758,118.692,,,75.0
4,"Proryv, Permskiy Kray, Russia",RS90,59.5173,56.325,,,59.0
4,"Berezkina, Irkutskaya Oblast', Russia",RS20,53.5293,102.044,,,38.0
4,"Novouralsk, Omskaya Oblast', Russia",RS54,54.2456,74.2081,,,55.0
4,"Banny, Orenburgskaya Oblast', Russia",RS55,51.3469,58.7342,,,56.0
4,"Taganka, Kostromskaya Oblast', Russia",RS37,58.7518,46.8526,,,44.0
4,"Everon, Khabarovskiy Kray, Russia",RS30,51.5406,136.501,,,27.0
4,"Mezhevoy, Rostovskaya Oblast', Russia",RS61,46.7707,39.2526,,,61.0
4,"Argayash, Chelyabinskaya Oblast', Russia",RS13,55.4888,60.8767,2292.0,0.23094284305892476,74.0
4,"Vsevolozhsk, Leningradskaya Oblast', Russia",RS42,60.0204,30.6372,1395.0,3.9445138366551906,47.0
4,"Belova, Kemerovskaya Oblast', Russia",RS29,54.4165,86.2976,1226.0,0.49068402138513845,42.0
4,"Alabino, Ryazanskaya Oblast', Russia",RS62,53.9237,40.2072,,,62.0
4,"New Siberian Islands, Sakha (Yakutiya), Russia",RS63,75.0,142.0,,,14.0
4,"Rublevka, Bashkortostan, Russia",RS08,54.1871,55.2453,,,2.0
4,"Solnechnogorsk, Moskovskaya Oblast', Russia",RS47,56.1833,36.9833,1503.0,0.3916511902366882,50.0
4,"Manch, Kalmykiya, Russia",RS24,47.5314,44.8383,,,8.0
4,"Chirag, Dagestan, Russia",RS17,41.8369,47.4324,,,5.0
4,"Birobidzhan, Yevreyskaya Avtonomnaya Oblast', Russia",RS89,48.7916,132.925,2338.0,0.44830051494320133,79.0
4,"Spass, Tverskaya Oblast', Russia",RS77,57.2805,37.7999,,,69.0
4,"Pokrov, Smolenskaya Oblast', Russia",RS69,55.4567,34.5958,,,67.0
4,"Kovrov, Vladimirskaya Oblast', Russia",RS83,56.3572,41.3192,988.0,1.9898363087818938,33.0
4,"Yaga, Irkutskaya Oblast', Russia",RS20,54.707,98.2294,,,38.0
4,"Sashi, Kirovskaya Oblast', Russia",RS33,58.4606,49.8011,,,43.0
4,"Littrow, Arkhangel'skaya Oblast', Russia",RS06,80.1667,58.0,,,29.0
4,"Amerika, Penzenskaya Oblast', Russia",RS57,52.9,43.0167,,,58.0
4,"Spasskaya, Lipetskaya Oblast', Russia",RS43,52.2228,38.3444,,,48.0
4,"Sebi, Tyva, Russia",RS79,52.5039,94.9147,,,17.0
4,"Mayla, Buryatiya, Russia",RS11,52.5092,110.006,,,3.0
4,"Iksha, Moskovskaya Oblast', Russia",RS47,56.1667,37.5167,,,50.0
4,"Kutya, Sakhalinskaya Oblast', Russia",RS64,49.0333,142.95,,,65.0
4,"Kambar, Novosibirskaya Oblast', Russia",RS53,55.4651,76.3198,,,54.0
4,"Bolshevo, Smolenskaya Oblast', Russia",RS69,55.7332,33.8292,,,67.0
4,"Potemkin, Krasnodarskiy Kray, Russia",RS38,45.9167,38.2167,,,23.0
4,"Pokrovsk, Mordoviya, Russia",RS46,54.768,45.837,,,13.0
4,"Obninsk, Kaluzhskaya Oblast', Russia",RS25,55.0968,36.6101,1199.0,0.21448618723576626,40.0
4,"Transbaikal, Russia (General), Russia",RS00,54.0,112.0,,,91.0
5,"Khakassia, Khakasiya, Russia",RS31,53.3333,90.0,,,19.0
5,"Chuvashia, Chuvashiya, Russia",RS16,55.5,47.0,,,21.0
4,"Leyzer, Permskiy Kray, Russia",RS90,59.5762,56.1765,,,59.0
4,"Streletskaya, Kurskaya Oblast', Russia",RS41,51.2251,36.2933,,,46.0
4,"Ellyn, Sakha (Yakutiya), Russia",RS63,68.3,146.0,,,14.0
4,"Asacha, 92, Russia",RS92,52.1,158.3,,,41.0
4,"Ushakov, Voronezhskaya Oblast', Russia",RS86,50.9265,38.971,,,36.0
4,"Deby, Kirovskaya Oblast', Russia",RS33,57.7667,51.7167,,,43.0
4,"Tolya, Khanty-Mansiyskiy Avtonomnyy Okrug, Russia",RS32,63.15,61.0,,,86.0
4,"Ravka, Tul'skaya Oblast', Russia",RS76,53.2833,37.5667,,,71.0
4,"Rira, Sakhalinskaya Oblast', Russia",RS64,46.6455,142.446,,,65.0
5,"Sverdlovsk Oblast, Sverdlovskaya Oblast', Russia",RS71,58.0,62.0,,,66.0
4,"Sagay, Khakasiya, Russia",RS31,53.1833,90.6167,,,19.0
4,"Seyatel, Bashkortostan, Russia",RS08,54.1167,54.85,,,2.0
4,"Konstantinovka, Primorskiy Kray, Russia",RS59,44.0103,131.381,,,25.0
4,"Livenka, Belgorodskaya Oblast', Russia",RS09,51.106,37.517,,,31.0
4,"Nikolayevka, Amurskaya Oblast', Russia",RS05,49.7948,129.896,,,28.0
4,"Maltseva, Smolenskaya Oblast', Russia",RS69,55.7167,33.9333,,,67.0
4,"Chayanda, Sakha (Yakutiya), Russia",RS63,60.3411,112.58,,,14.0
4,"Kovykta, Amurskaya Oblast', Russia",RS05,55.3,124.8,,,28.0
4,"Ternov, Volgogradskaya Oblast', Russia",RS84,48.6836,45.6158,,,34.0
4,"Ostrovets, Pskovskaya Oblast', Russia",RS60,58.4071,27.7023,,,60.0
4,"Plot No, Murmanskaya Oblast', Russia",RS49,68.0807,39.4237,,,51.0
4,"Penek, Novosibirskaya Oblast', Russia",RS53,55.4984,81.5599,,,54.0
4,"Toptul, Chuvashiya, Russia",RS16,55.8406,47.2618,,,21.0
4,"Patrushev, Arkhangel'skaya Oblast', Russia",RS06,62.9606,46.0952,,,29.0
4,"Sladkiy, Rostovskaya Oblast', Russia",RS61,46.6564,42.9978,,,61.0
4,"Elizavetino, Saratovskaya Oblast', Russia",RS67,52.0683,44.0671,,,64.0
4,"Transbaikalia, Russia (General), Russia",RS00,54.0,112.0,,,91.0
4,"Krasnaya Sloboda, Smolenskaya Oblast', Russia",RS69,55.4358,34.8499,,,67.0
4,"Savelyev, Rostovskaya Oblast', Russia",RS61,47.7062,41.4306,,,61.0
4,"Goryachkina, Ryazanskaya Oblast', Russia",RS62,55.1167,40.45,,,62.0
4,"Yegorov, Rostovskaya Oblast', Russia",RS61,49.4483,40.7703,,,61.0
4,"Rezka, Permskiy Kray, Russia",RS90,58.4396,54.7637,,,59.0
4,"Mytishchi, Moskovskaya Oblast', Russia",RS47,55.9116,37.7308,1467.0,0.30511525979214443,50.0
4,"Almaz, Permskiy Kray, Russia",RS90,56.4243,56.6489,,,59.0
4,"Plamya, Kemerovskaya Oblast', Russia",RS29,55.0228,85.8123,,,42.0
4,"Yermakov, Rostovskaya Oblast', Russia",RS61,48.8253,41.8122,,,61.0
4,"Voya, Kirovskaya Oblast', Russia",RS33,57.2858,48.5507,,,43.0
4,"Magino, Sverdlovskaya Oblast', Russia",RS71,59.3228,61.0923,,,66.0
4,"Boldyreva, 92, Russia",RS92,51.1753,156.857,,,41.0
4,"Teli, Tyva, Russia",RS79,51.0333,90.2333,,,17.0
4,"Sovetsk, Kirovskaya Oblast', Russia",RS33,57.5847,48.9584,1294.0,0.7471556295985138,43.0
4,"Bychkov, Belgorodskaya Oblast', Russia",RS09,50.9262,38.4221,,,31.0
4,"Zhdanov, Bryanskaya Oblast', Russia",RS10,52.9833,34.9025,,,32.0
4,"Vesnyanka, Orenburgskaya Oblast', Russia",RS55,51.9,51.6667,,,56.0
4,"Yemanzhelinsk, Chelyabinskaya Oblast', Russia",RS13,54.7547,61.3208,,,74.0
4,"Pervaya, Amurskaya Oblast', Russia",RS05,50.2078,129.619,,,28.0
5,"Karachay-Cherkessia, Karachayevo-Cherkesiya, Russia",RS27,44.0,42.0,,,9.0
5,"Kabardino-Balkaria, Kabardino-Balkariya, Russia",RS22,43.5,43.5,,,7.0
5,"Adygea, Adygeya, Russia",RS01,45.0,40.0,,,1.0
4,"Albas, Altay, Russia",RS03,52.25,88.0333,,,4.0
4,"Vesna, Bashkortostan, Russia",RS08,55.0667,58.6,,,2.0
4,"Amerikan, Khabarovskiy Kray, Russia",RS30,59.0667,142.167,,,27.0
4,"Izmailovo, Ivanovskaya Oblast', Russia",RS21,57.0555,41.2145,,,37.0
4,"Simbirsk, Ul'yanovskaya Oblast', Russia",RS81,54.3282,48.3866,,,73.0
4,"Kotor, Kaluzhskaya Oblast', Russia",RS25,54.0469,34.9345,,,40.0
4,"Pyatigorsk, Stavropol'skiy Kray, Russia",RS70,44.0486,43.0594,824.0,1.331878621403581,26.0
4,"Tverskoy, Samarskaya Oblast', Russia",RS65,52.9375,50.5426,,,63.0
4,"Kolhe, Checheno-Ingushskaya Avtonomnaya Sovetskaya Sotsialistichesk, Russia",RS12,42.6397,45.9367,,,20.0
4,"Anadyr, Chukotskiy Avtonomnyy Okrug, Russia",RS15,64.75,177.483,2348.0,2.312337253700566,87.0
4,"Taishet, Irkutskaya Oblast', Russia",RS20,55.9342,98.0044,,,38.0
4,"Reshetnev, Khabarovskiy Kray, Russia",RS30,47.1892,134.721,,,27.0
4,"Zheleznogorsk, Irkutskaya Oblast', Russia",RS20,56.5768,104.122,1157.0,0.13669753036468327,38.0
4,"Vyshgorod, Ryazanskaya Oblast', Russia",RS62,54.519,40.0599,,,62.0
4,"Chaga, Leningradskaya Oblast', Russia",RS42,60.0494,34.6243,,,47.0
4,"Yarma, Irkutskaya Oblast', Russia",RS20,54.4,98.85,,,38.0
4,"Kachka, Udmurtiya, Russia",RS80,58.0351,52.5958,,,18.0
4,"Russa, Novgorodskaya Oblast', Russia",RS52,58.7568,31.5494,,,53.0
4,"Sakharovo, Tverskaya Oblast', Russia",RS77,56.5636,34.2256,,,69.0
4,"Voznesensk, Mariy-El, Russia",RS45,56.7253,48.3581,,,12.0
4,"Roskino, Ryazanskaya Oblast', Russia",RS62,54.025,39.6697,,,62.0
4,"Dakh, Dagestan, Russia",RS17,42.6427,47.5935,,,5.0
4,"Aniva, Sakhalinskaya Oblast', Russia",RS64,46.7144,142.529,1955.0,0.1207188940324067,65.0
4,"Voronovo, Tul'skaya Oblast', Russia",RS76,54.6151,37.5817,,,71.0
4,"Bazhenov, Bryanskaya Oblast', Russia",RS10,53.8933,33.7853,,,32.0
4,"Golutvin, Moskovskaya Oblast', Russia",RS47,55.0856,38.805,,,50.0
4,"Bykovo, Moskovskaya Oblast', Russia",RS47,56.5667,37.2667,,,50.0
4,"Bykovka, Tul'skaya Oblast', Russia",RS76,54.5766,37.6254,,,71.0
4,"Tsaritsyno, Tatarstan, Russia",RS73,55.8095,49.2086,,,16.0
4,"Tlar, Dagestan, Russia",RS17,43.0912,46.8423,,,5.0
4,"Kaist, Murmanskaya Oblast', Russia",RS49,68.2056,31.6892,,,51.0
4,"Khasavyurt, Dagestan, Russia",RS17,43.2509,46.5877,115.0,0.476938261002123,5.0
4,"Bychkova, Permskiy Kray, Russia",RS90,58.9833,55.55,,,59.0
4,"Arbin, Sakha (Yakutiya), Russia",RS63,69.1167,154.617,,,14.0
4,"Turang, Sakha (Yakutiya), Russia",RS63,60.0333,133.4,,,14.0
4,"Rybinsk, Yaroslavskaya Oblast', Russia",RS88,58.0446,38.8426,2320.0,0.7947643583670224,76.0
4,"Pevek, Chukotskiy Avtonomnyy Okrug, Russia",RS15,69.7008,170.313,2347.0,1.4948882778907546,87.0
4,"Sokoliki, Lipetskaya Oblast', Russia",RS43,53.218,38.9546,,,48.0
4,"Novgorodskaya, Arkhangel'skaya Oblast', Russia",RS06,62.0194,45.1873,,,29.0
4,"Balka Zhuravka, Rostovskaya Oblast', Russia",RS61,49.1083,40.5311,,,61.0
5,"Penza Oblast, Penzenskaya Oblast', Russia",RS57,53.0,44.5,,,58.0
4,"Melekhovo, Pskovskaya Oblast', Russia",RS60,56.7257,28.7639,,,60.0
4,"Nariman, Volgogradskaya Oblast', Russia",RS84,48.4796,44.2035,,,34.0
4,"Aktobe, Astrakhanskaya Oblast', Russia",RS07,46.4137,48.4442,,,30.0
4,"My Skin, Saratovskaya Oblast', Russia",RS67,51.8306,43.1819,,,64.0
4,"Isara, Sakhalinskaya Oblast', Russia",RS64,48.7167,141.883,,,65.0
4,"Staraya Nikolayevka, Primorskiy Kray, Russia",RS59,44.8903,132.097,,,25.0
4,"Gorodishche, Novgorodskaya Oblast', Russia",RS52,58.2489,29.8972,,,53.0
4,"Gornal, Kurskaya Oblast', Russia",RS41,51.0558,35.2131,,,46.0
4,"Serebrennikov, Chelyabinskaya Oblast', Russia",RS13,54.4,61.4667,,,74.0
4,"Siamo, 92, Russia",RS92,52.0722,158.325,,,41.0
4,"Povolzhye, Russia (General), Russia",RS00,52.0,47.0,,,91.0
4,"Lake Baykal, Russia (General), Russia",RS00,54.0,109.0,,,91.0
4,"Mynas, Tyva, Russia",RS79,52.6333,94.6,,,17.0
4,"Erofei Pavlovich, Amurskaya Oblast', Russia",RS05,53.9667,121.967,,,28.0
4,"Korkunov, Amurskaya Oblast', Russia",RS05,54.7678,126.547,,,28.0
4,"Budo, Sakhalinskaya Oblast', Russia",RS64,49.0667,142.2,,,65.0
4,"Tarasova, Smolenskaya Oblast', Russia",RS69,55.2815,34.649,,,67.0
4,"Vasilkov, Voronezhskaya Oblast', Russia",RS86,50.2833,39.7833,,,36.0
4,"Tavrida, Rostovskaya Oblast', Russia",RS61,48.9405,40.0652,,,61.0
4,"Karata, Dagestan, Russia",RS17,42.5949,46.3393,119.0,0.08806100457067016,5.0
4,"Arkas, Dagestan, Russia",RS17,42.6519,47.1383,,,5.0
4,"Volodin, Tambovskaya Oblast', Russia",RS72,53.3833,40.8167,,,68.0
4,"Gulf Of Ob, Yamalo-Nenetskiy Avtonomnyy Okrug, Russia",RS87,69.0,73.0,,,89.0
4,"Kubinka, Moskovskaya Oblast', Russia",RS47,55.5796,36.7039,,,50.0
4,"Skorokhod, Irkutskaya Oblast', Russia",RS20,53.4167,103.083,,,38.0
4,"Leninsk, Chelyabinskaya Oblast', Russia",RS13,54.9031,59.8675,,,74.0
4,"Bulgary, Astrakhanskaya Oblast', Russia",RS07,46.1604,47.8273,,,30.0
4,"Serebryakova, Tomskaya Oblast', Russia",RS75,56.25,85.25,,,70.0
4,"Kuibyshev, Samarskaya Oblast', Russia",RS65,53.2,50.15,,,63.0
4,"Kaspiysk, Dagestan, Russia",RS17,42.8816,47.6392,112.0,0.7745612267705035,5.0
4,"Urengoy, Yamalo-Nenetskiy Avtonomnyy Okrug, Russia",RS87,65.9667,78.3667,,,89.0
4,"Pomary, Mariy-El, Russia",RS45,55.9682,48.3507,,,12.0
4,"Vulkan, Samarskaya Oblast', Russia",RS65,53.4509,50.8609,,,63.0
4,"Miang, Nizhegorodskaya Oblast', Russia",RS51,55.8957,43.9227,,,52.0
4,"Rybalkin, Belgorodskaya Oblast', Russia",RS09,50.447,38.705,,,31.0
4,"Tikhvin, Leningradskaya Oblast', Russia",RS42,59.6451,33.5294,1407.0,0.7056156848094397,47.0
4,"Kniga, Stavropol'skiy Kray, Russia",RS70,45.0608,42.3656,,,26.0
4,"Russki, Pskovskaya Oblast', Russia",RS60,57.6239,28.5611,,,60.0
4,"Belgo, Khabarovskiy Kray, Russia",RS30,50.649,137.259,,,27.0
4,"Gongo, Khabarovskiy Kray, Russia",RS30,56.4167,135.467,,,27.0
4,"Bataysk, Rostovskaya Oblast', Russia",RS61,47.1397,39.7518,1792.0,3.7408531752332523,61.0
4,"Bovina, Permskiy Kray, Russia",RS90,58.2,57.35,,,59.0
4,"Konova, Pskovskaya Oblast', Russia",RS60,56.746,30.7746,,,60.0
4,"Solovyova, Amurskaya Oblast', Russia",RS05,54.2333,124.433,,,28.0
4,"Derbent, Dagestan, Russia",RS17,42.0678,48.2899,110.0,1.1094648971195598,5.0
4,"Lebedeva, Irkutskaya Oblast', Russia",RS20,53.1167,103.466,,,38.0
4,"Shchepkin, Belgorodskaya Oblast', Russia",RS09,50.521,37.9603,,,31.0
4,"Tankan, Khabarovskiy Kray, Russia",RS30,57.05,136.017,,,27.0
4,"Rogov, Voronezhskaya Oblast', Russia",RS86,50.2048,40.7702,,,36.0
4,"Yamburg, Yamalo-Nenetskiy Avtonomnyy Okrug, Russia",RS87,68.35,77.1333,,,89.0
4,"Shargi, Dagestan, Russia",RS17,41.9568,47.6082,,,5.0
4,"Yaroshenko, Volgogradskaya Oblast', Russia",RS84,49.1667,45.4333,,,34.0
4,"Palekh, Ivanovskaya Oblast', Russia",RS21,56.8026,41.8551,1123.0,0.0715695997453274,37.0
4,"Serpukhov, Moskovskaya Oblast', Russia",RS47,54.9158,37.4111,1502.0,0.5411405793643228,50.0
4,"Kumon, Evenkiyskiy Avtonomnyy Okrug, Russia",RS18,59.945,96.7628,,,
4,"Arema, Sverdlovskaya Oblast', Russia",RS71,56.3081,58.7345,,,66.0
4,"Kirovsk, Orenburgskaya Oblast', Russia",RS55,52.1528,59.6186,,,56.0
4,"Seversk, Tomskaya Oblast', Russia",RS75,56.6006,84.8864,2147.0,0.4357215909859023,70.0
4,"Ukrainskaya, Krasnodarskiy Kray, Russia",RS38,45.9394,39.8256,,,23.0
4,"Matrek, Khabarovskiy Kray, Russia",RS30,51.9184,132.427,,,27.0
4,"Khiva, Sakhalinskaya Oblast', Russia",RS64,46.0697,150.301,,,65.0
4,"Desh, Khabarovskiy Kray, Russia",RS30,51.7994,133.018,,,27.0
4,"Volya, Krasnodarskiy Kray, Russia",RS38,43.5581,39.92,,,23.0
4,"Koresh, Yaroslavskaya Oblast', Russia",RS88,58.17,40.8716,,,76.0
4,"Suslov, Tyumenskaya Oblast', Russia",RS78,58.5664,70.1445,,,72.0
4,"Kremli, Kirovskaya Oblast', Russia",RS33,58.2314,50.4469,,,43.0
4,"Raduga, Penzenskaya Oblast', Russia",RS57,53.345,44.1515,,,58.0
4,"Moscow River, Russia (General), Russia",RS00,55.0759,38.844,,,91.0
4,"Ilyushina, Bryanskaya Oblast', Russia",RS10,53.0694,33.3721,,,32.0
4,"Nyara, Leningradskaya Oblast', Russia",RS42,61.2487,34.8304,,,47.0
4,"Boyarka, Permskiy Kray, Russia",RS90,58.2806,57.4121,,,59.0
4,"Kucherenko, Rostovskaya Oblast', Russia",RS61,49.0622,40.2126,,,61.0
4,"Tegus, Russia (General), Russia",RS00,58.6719,74.0834,,,91.0
4,"Yakushin, Arkhangel'skaya Oblast', Russia",RS06,62.8522,46.3351,,,29.0
4,"Tangara, Sakha (Yakutiya), Russia",RS63,64.05,123.9,,,14.0
4,"Maslenitsa, Kostromskaya Oblast', Russia",RS37,57.6903,41.3073,,,44.0
4,"Sheregesh, Kemerovskaya Oblast', Russia",RS29,52.9209,87.9869,,,42.0
4,"Kuzbass, Russia (General), Russia",RS00,54.0,86.0,,,91.0
4,"Tashtagol, Kemerovskaya Oblast', Russia",RS29,52.8612,87.9272,1250.0,12.489006665374015,42.0
4,"Mayorka, Altayskiy Kray, Russia",RS04,51.2381,83.5106,,,22.0
4,"Gydan Peninsula, Russia (General), Russia",RS00,70.8333,79.0,,,91.0
4,"Bukharinskiy, Chelyabinskaya Oblast', Russia",RS13,55.2882,61.1325,,,74.0
4,"Terem, Vologodskaya Oblast', Russia",RS85,58.8977,35.3986,,,35.0
4,"Prologi, Leningradskaya Oblast', Russia",RS42,59.4247,29.1495,,,47.0
4,"Izvestkovaya, Primorskiy Kray, Russia",RS59,43.8401,132.008,,,25.0
4,"Volochayevka, Yevreyskaya Avtonomnaya Oblast', Russia",RS89,48.5631,134.482,,,79.0
4,"Messo, Yamalo-Nenetskiy Avtonomnyy Okrug, Russia",RS87,68.0342,78.6931,,,89.0
4,"Golovchenko, Krasnodarskiy Kray, Russia",RS38,44.6558,39.2131,,,23.0
4,"Balashikha, Moskovskaya Oblast', Russia",RS47,55.8095,37.9581,1439.0,1.6880921406864657,50.0
4,"Sadovaya, Lipetskaya Oblast', Russia",RS43,52.3167,40.2333,,,48.0
4,"Chernova, Lipetskaya Oblast', Russia",RS43,52.4956,38.0613,,,48.0
4,"Yuga, Tyumenskaya Oblast', Russia",RS78,58.1975,73.144,,,72.0
4,"Moscou, Moskva, Russia",RS48,55.7522,37.6156,,,50.0
4,"Chita, Zabaykal'skiy Kray, Russia",RS93,52.0317,113.501,601.0,0.19017304923060743,75.0
4,"Nikiforova, Bashkortostan, Russia",RS08,53.8167,54.7167,,,2.0
4,"Arta, Zabaykal'skiy Kray, Russia",RS93,51.2541,112.407,,,75.0
4,"Nersa, Irkutskaya Oblast', Russia",RS20,54.9973,98.015,,,38.0
4,"Zarubin, Nizhegorodskaya Oblast', Russia",RS51,54.8303,43.7637,,,52.0
4,"Shvetsov, Volgogradskaya Oblast', Russia",RS84,50.1181,42.6482,,,34.0
4,"Sinkovka, Bryanskaya Oblast', Russia",RS10,52.7158,32.19,,,32.0
4,"Tumangang, Russia (General), Russia",RS00,42.2967,130.697,,,91.0
4,"Mayskoye, Samarskaya Oblast', Russia",RS65,52.2724,50.0338,,,63.0
4,"Los Mina, Smolenskaya Oblast', Russia",RS69,55.8445,34.2718,,,67.0
4,"Goldback, Kaliningradskaya Oblast', Russia",RS23,54.7428,21.0927,,,39.0
4,"Zabaikalye, Russia (General), Russia",RS00,54.0,112.0,,,91.0
4,"Botola, Buryatiya, Russia",RS11,54.7833,110.95,,,3.0
4,"Veretye, Novgorodskaya Oblast', Russia",RS52,58.8833,33.8667,,,53.0
4,"Apsheron, Krasnodarskiy Kray, Russia",RS38,44.4647,39.7342,630.0,0.6316633457440755,23.0
4,"Chani, Khabarovskiy Kray, Russia",RS30,49.9123,133.337,,,27.0
4,"Golovko, Krasnodarskiy Kray, Russia",RS38,45.0211,39.5846,,,23.0
4,"Avangard, Primorskiy Kray, Russia",RS59,42.8908,132.726,,,25.0
4,"Kremlev, Nizhegorodskaya Oblast', Russia",RS51,54.9358,43.3235,,,52.0
4,"Balaschicha, Moskovskaya Oblast', Russia",RS47,55.8095,37.9581,1439.0,1.6880921406864657,50.0
4,"Lipez, Kurskaya Oblast', Russia",RS41,52.0856,35.5318,,,46.0
4,"Kachi, Khabarovskiy Kray, Russia",RS30,59.9167,138.5,,,27.0
4,"Mikheyev, Nenetskiy Avtonomnyy Okrug, Russia",RS50,66.65,45.8833,,,83.0
4,"Zaitsevo, Sakhalinskaya Oblast', Russia",RS64,49.2667,143.983,,,65.0
4,"Karlovo, Ivanovskaya Oblast', Russia",RS21,57.1764,41.6156,,,37.0
4,"Morgunova, Permskiy Kray, Russia",RS90,57.1973,57.1754,,,59.0
4,"Mezentsev, Rostovskaya Oblast', Russia",RS61,47.8233,39.4011,,,61.0
4,"Mukhina, Kirovskaya Oblast', Russia",RS33,58.1817,51.043,,,43.0
4,"Repin, Orenburgskaya Oblast', Russia",RS55,52.0667,54.7,,,56.0
4,"Meshchovsk, Kaluzhskaya Oblast', Russia",RS25,54.3244,35.2808,1214.0,0.41673383475988696,40.0
4,"Kostyuk, Komi, Russia",RS34,66.8333,56.8667,,,11.0
4,"Baltiisk, Kaliningradskaya Oblast', Russia",RS23,54.6538,19.911,1184.0,1.558833282603514,39.0
4,"Makhova, Lipetskaya Oblast', Russia",RS43,52.4855,38.2244,,,48.0
4,"Gurevsk, Kemerovskaya Oblast', Russia",RS29,54.2833,85.9333,1241.0,0.23320807854531056,42.0
4,"Sennaya, Kostromskaya Oblast', Russia",RS37,58.7768,42.4708,,,44.0
4,"Velikaya, Ryazanskaya Oblast', Russia",RS62,53.8415,39.8451,,,62.0
4,"Zhiguli, Samarskaya Oblast', Russia",RS65,53.3579,49.301,1875.0,13.747794752830318,63.0
4,"Kedr, Sverdlovskaya Oblast', Russia",RS71,60.4333,60.65,,,66.0
4,"Tolik, Krasnoyarskiy Kray, Russia",RS39,57.4035,91.987,,,24.0
4,"Rastas, Kareliya, Russia",RS28,64.3877,32.1795,,,10.0
4,"Vershinin, Volgogradskaya Oblast', Russia",RS84,49.6144,43.1335,,,34.0
4,"By China, Permskiy Kray, Russia",RS90,60.1285,57.2815,,,59.0
4,"Safarova, Bashkortostan, Russia",RS08,54.4552,59.5717,,,2.0
4,"Russkoye, Kirovskaya Oblast', Russia",RS33,58.5669,49.2905,,,43.0
4,"Zhdanova, Permskiy Kray, Russia",RS90,59.4333,56.75,,,59.0
4,"Klintsy, Tverskaya Oblast', Russia",RS77,56.1,34.1,,,69.0
4,"Borispol, Amurskaya Oblast', Russia",RS05,51.0467,128.562,,,28.0
4,"Norva, Kareliya, Russia",RS28,64.8261,32.6012,,,10.0
4,"Ivolga, Buryatiya, Russia",RS11,51.7492,107.284,93.0,0.500590272500222,3.0
4,"Gorbi, Khabarovskiy Kray, Russia",RS30,59.4,136.133,,,27.0
4,"Klimovo, Smolenskaya Oblast', Russia",RS69,55.4733,33.3792,,,67.0
4,"Strelets, Lipetskaya Oblast', Russia",RS43,52.4109,38.2193,,,48.0
4,"Beloyarsk, Krasnoyarskiy Kray, Russia",RS39,56.2539,95.4075,,,24.0
4,"Taymyr, Taymyrskiy (Dolgano-Nenetskiy) Avtonomnyy Okrug, Russia",RS74,68.2167,90.0,,,24.0
4,"Bukhta Sever, Taymyrskiy (Dolgano-Nenetskiy) Avtonomnyy Okrug, Russia",RS74,73.1661,80.3906,,,24.0
4,"Gyda Peninsula, Russia (General), Russia",RS00,70.8333,79.0,,,91.0
4,"Syradasay, Taymyrskiy (Dolgano-Nenetskiy) Avtonomnyy Okrug, Russia",RS74,72.7867,84.1267,,,24.0
4,"As Lana, Tyumenskaya Oblast', Russia",RS78,56.8705,66.5185,,,72.0
4,"Salym, Permskiy Kray, Russia",RS90,60.1256,55.1461,,,59.0
4,"Pokrovskaya, Udmurtiya, Russia",RS80,56.05,52.55,,,18.0
4,"Markaz, Kirovskaya Oblast', Russia",RS33,56.7667,51.0167,,,43.0
4,"Manilla, Leningradskaya Oblast', Russia",RS42,60.2333,29.8833,,,47.0
4,"Ilych, Komi, Russia",RS34,62.5126,56.7346,,,11.0
4,"Ursul, Altay, Russia",RS03,50.7667,86.4667,,,4.0
4,"Rusiya, Arkhangel'skaya Oblast', Russia",RS06,65.1539,45.6138,,,29.0
4,"Insar, Mordoviya, Russia",RS46,54.065,44.291,295.0,22.55596941764682,13.0
4,"Kholmogory, Irkutskaya Oblast', Russia",RS20,53.2333,102.567,,,38.0
4,"Mamison, Chechnya And Ingushetiya, Russia",RSCI,43.1875,44.9019,,,20.0
4,"Vladikavkaz, Severnaya Osetiya-Alaniya, Russia",RS68,43.0367,44.6678,345.0,1.7791204185343845,15.0
4,"Yasnaya Polyana, Amurskaya Oblast', Russia",RS05,50.5008,129.333,,,28.0
4,"Zelenograd, Moskva, Russia",RS48,56.0011,37.2092,,,50.0
4,"Zabaykalsk, Irkutskaya Oblast', Russia",RS20,51.7208,103.696,,,38.0
4,"Shabolovka, Orenburgskaya Oblast', Russia",RS55,52.333,51.531,,,56.0
4,"Zamoskvorechye, Moskva, Russia",RS48,55.7333,37.6333,,,50.0
4,"Murza, Tyumenskaya Oblast', Russia",RS78,59.6661,69.4153,,,72.0
4,"Valya, Kaluzhskaya Oblast', Russia",RS25,54.5461,34.7211,,,40.0
4,"Kamlesh, Vologodskaya Oblast', Russia",RS85,59.6333,42.05,,,35.0
4,"Baduk, Karachayevo-Cherkesiya, Russia",RS27,43.3764,41.6929,,,9.0
4,"Atla, Altay, Russia",RS03,52.2873,87.8512,,,4.0
4,"Zlatoust, Chelyabinskaya Oblast', Russia",RS13,55.1711,59.6508,2277.0,1.853341924928834,74.0
4,"Berestovoye, Kaliningradskaya Oblast', Russia",RS23,54.96,22.5606,,,39.0
4,"Kislovka, Smolenskaya Oblast', Russia",RS69,53.8522,32.6917,,,67.0
4,"Kristall, Magadanskaya Oblast', Russia",RS44,59.9083,149.831,,,49.0
4,"Lapat, Vologodskaya Oblast', Russia",RS85,60.0412,38.3012,,,35.0
4,"Miass, Chelyabinskaya Oblast', Russia",RS13,55.045,60.1083,2282.0,0.6197462841044713,74.0
4,"Zabit, Buryatiya, Russia",RS11,52.3133,99.7759,,,3.0
4,"Gudok, Udmurtiya, Russia",RS80,56.4927,53.7824,,,18.0
4,"Palta, Permskiy Kray, Russia",RS90,58.0772,55.7266,,,59.0
4,"Yanino, Ivanovskaya Oblast', Russia",RS21,57.2002,41.9635,,,37.0
4,"Vostochnaya, Novosibirskaya Oblast', Russia",RS53,55.0327,83.4295,,,54.0
4,"Belukha, Zabaykal'skiy Kray, Russia",RS93,51.25,116.833,,,75.0
4,"Grishko, Sakha (Yakutiya), Russia",RS63,59.3167,121.4,,,14.0
4,"Suvorov, Tul'skaya Oblast', Russia",RS76,54.1223,36.4966,2184.0,0.22342530506028,71.0
4,"Kheta, Magadanskaya Oblast', Russia",RS44,61.1,151.833,,,49.0
4,"Urga, Nizhegorodskaya Oblast', Russia",RS51,55.721,45.2408,,,52.0
4,"Strela, Bryanskaya Oblast', Russia",RS10,52.28,31.9578,,,32.0
4,"Solnechnaya Dolina, Chelyabinskaya Oblast', Russia",RS13,55.1863,61.1544,,,74.0
4,"Barsuk, Belgorodskaya Oblast', Russia",RS09,50.698,37.5463,,,31.0
4,"Lyubimov, Stavropol'skiy Kray, Russia",RS70,43.9167,43.1,,,26.0
4,"Somon, Khabarovskiy Kray, Russia",RS30,51.4667,140.75,,,27.0
4,"Girey, Krasnodarskiy Kray, Russia",RS38,45.4012,40.6587,,,23.0
4,"-  Oreshkin, Rostovskaya Oblast', Russia",RS61,48.3787,40.555,,,61.0
4,"Murina, Krasnoyarskiy Kray, Russia",RS39,58.1333,94.9886,,,24.0
4,"Smolevichi, Bryanskaya Oblast', Russia",RS10,52.8271,32.2146,,,32.0
4,"Tosno, Leningradskaya Oblast', Russia",RS42,59.54,30.8775,1408.0,0.1422789128370149,47.0
4,"Toko, Sakha (Yakutiya), Russia",RS63,59.8436,120.367,,,14.0
4,"Berdsk, Novosibirskaya Oblast', Russia",RS53,54.7551,83.0967,1598.0,2.520406239795052,54.0
4,"Loginov, Permskiy Kray, Russia",RS90,59.8986,55.5395,,,59.0
4,"Shava, Nizhegorodskaya Oblast', Russia",RS51,56.0684,44.4097,,,52.0
4,"Krestyanka, Moskovskaya Oblast', Russia",RS47,55.2897,36.3589,,,50.0
4,"Kilyan, Khabarovskiy Kray, Russia",RS30,59.8333,140.4,,,27.0
4,"Makei, Pskovskaya Oblast', Russia",RS60,56.3743,28.2813,,,60.0
4,"Kasimov, Ryazanskaya Oblast', Russia",RS62,54.9027,41.3364,1846.0,6.044941587551031,62.0
4,"Atmis, Penzenskaya Oblast', Russia",RS57,53.4808,43.925,,,58.0
4,"Lakay, Bashkortostan, Russia",RS08,55.8232,58.7171,,,2.0
4,"Dobraya, Tverskaya Oblast', Russia",RS77,56.0191,34.7753,,,69.0
4,"Peterburg, Sankt-Peterburg, Russia",RS66,59.8944,30.2642,,,47.0
4,"Terny, Voronezhskaya Oblast', Russia",RS86,51.8803,38.8519,,,36.0
4,"Monchegorsk, Murmanskaya Oblast', Russia",RS49,67.9397,32.8739,1509.0,2.4131096981587303,51.0
4,"Khakhar, Khabarovskiy Kray, Russia",RS30,57.6667,135.283,,,27.0
4,"Andrianov, Rostovskaya Oblast', Russia",RS61,46.8272,42.3418,,,61.0
4,"Bratsk, Irkutskaya Oblast', Russia",RS20,56.1497,101.608,1136.0,1.5945285075667024,38.0
4,"Shurma, Kirovskaya Oblast', Russia",RS33,56.967,50.3415,,,43.0
4,"Karama, Bashkortostan, Russia",RS08,52.6167,57.1167,,,2.0
4,"Kronshtadt, Sankt-Peterburg, Russia",RS66,59.9954,29.7667,,,47.0
4,"Obukhov, Orenburgskaya Oblast', Russia",RS55,52.6702,52.3905,,,56.0
4,"Dobrynya, Ryazanskaya Oblast', Russia",RS62,54.7708,41.0564,,,62.0
4,"Zirka, Bashkortostan, Russia",RS08,56.2001,55.2922,,,2.0
4,"Ketsu, Khabarovskiy Kray, Russia",RS30,48.75,134.4,,,27.0
4,"Zorina, Buryatiya, Russia",RS11,53.5167,109.367,,,3.0
4,"Alaid, Sakhalinskaya Oblast', Russia",RS64,50.8472,155.66,,,65.0
4,"Leninsky, Bashkortostan, Russia",RS08,54.2167,59.4833,,,2.0
4,"Znaniye, Saratovskaya Oblast', Russia",RS67,52.1986,46.097,,,64.0
4,"Sonika, Arkhangel'skaya Oblast', Russia",RS06,61.4348,39.5202,,,29.0
4,"Kursko, Leningradskaya Oblast', Russia",RS42,58.85,30.6167,,,47.0
4,"Voskresensk, Permskiy Kray, Russia",RS90,58.5839,55.2302,,,59.0
4,"Ferzikovo, Kaluzhskaya Oblast', Russia",RS25,54.5441,36.7442,1221.0,3.3283680462549157,40.0
4,"Volsk, Saratovskaya Oblast', Russia",RS67,52.0454,47.3799,1922.0,0.5122258118225512,64.0
4,"Beslan, Severnaya Osetiya-Alaniya, Russia",RS68,43.1922,44.5431,352.0,0.6838080830734862,15.0
4,"Dubrovichi, Ryazanskaya Oblast', Russia",RS62,54.6556,39.9285,,,62.0
4,"Kurile Islands, Russia (General), Russia",RS00,46.1667,152.0,,,91.0
4,"Liski, Voronezhskaya Oblast', Russia",RS86,50.9841,39.5154,1088.0,1.3230355541333825,36.0
4,"Atak, Omskaya Oblast', Russia",RS54,56.8044,74.6401,,,55.0
4,"Angarsk, Irkutskaya Oblast', Russia",RS20,52.5367,103.886,1135.0,0.8600696007834615,38.0
4,"Lesya, Khanty-Mansiyskiy Avtonomnyy Okrug, Russia",RS32,61.2183,63.1886,,,86.0
4,"Ryabinovaya, Permskiy Kray, Russia",RS90,57.7252,58.4075,,,59.0
4,"Prokopyev, Udmurtiya, Russia",RS80,56.45,53.4,,,18.0
4,"Filimonova, Chelyabinskaya Oblast', Russia",RS13,54.2833,61.7833,,,74.0
4,"Lugovoy, Orlovskaya Oblast', Russia",RS56,52.1667,36.7167,,,57.0
4,"Bologoye, Tverskaya Oblast', Russia",RS77,56.902,31.7009,,,69.0
4,"De Kastri, Khabarovskiy Kray, Russia",RS30,51.4667,140.783,,,27.0
4,"Vladivostok, Primorskiy Kray, Russia",RS59,43.1211,131.923,775.0,3.1106817335597525,25.0
4,"Katyr Yurt, Checheno-Ingushskaya Avtonomnaya Sovetskaya Sotsialistichesk, Russia",RS12,43.1701,45.3711,,,20.0
4,"Zhara, 92, Russia",RS92,55.1639,162.0,,,41.0
4,"Ataman, Rostovskaya Oblast', Russia",RS61,46.5751,40.6644,,,61.0
4,"Krestovka, Orenburgskaya Oblast', Russia",RS55,51.5784,53.0898,,,56.0
4,"Chineke, Sakha (Yakutiya), Russia",RS63,63.7156,121.935,,,14.0
4,"Mirny, Krasnodarskiy Kray, Russia",RS38,45.552,38.9011,,,23.0
4,"Nayakan, Magadanskaya Oblast', Russia",RS44,61.9167,158.967,,,49.0
4,"Russkaya, Permskiy Kray, Russia",RS90,59.2645,54.2407,,,59.0
4,"Kiton, Sakhalinskaya Oblast', Russia",RS64,49.75,142.833,,,65.0
4,"-Ogarevo, Kaluzhskaya Oblast', Russia",RS25,55.2031,35.8328,,,40.0
4,"Rovenki, Lipetskaya Oblast', Russia",RS43,52.4188,37.9364,,,48.0
4,"Ogarkov, Voronezhskaya Oblast', Russia",RS86,51.4436,40.0264,,,36.0
4,"Meget, Irkutskaya Oblast', Russia",RS20,52.415,104.049,,,38.0
4,"Novo-Lenino, Irkutskaya Oblast', Russia",RS20,53.8117,102.843,,,38.0
4,"Uzay, Buryatiya, Russia",RS11,52.3375,99.7546,,,3.0
4,"Chalo, Dagestan, Russia",RS17,43.4018,46.9707,,,5.0
4,"Chirkov, Volgogradskaya Oblast', Russia",RS84,48.9778,45.1028,,,34.0
4,"Barguzin, Buryatiya, Russia",RS11,53.6167,109.617,86.0,1.043673018470734,3.0
4,"Prichal, Krasnoyarskiy Kray, Russia",RS39,56.0592,93.0175,,,24.0
4,"Smuglyanka, Sakhalinskaya Oblast', Russia",RS64,46.0167,149.968,,,65.0
4,"Syktyvkar, Komi, Russia",RS34,61.6764,50.8099,224.0,1.5966706906908121,11.0
4,"Kurchatov, Kurskaya Oblast', Russia",RS41,51.6601,35.6521,1361.0,0.47179175026878417,46.0
4,"Shustrova, Tomskaya Oblast', Russia",RS75,57.1903,85.1449,,,70.0
4,"Nort, Severnaya Osetiya-Alaniya, Russia",RS68,43.1169,44.4297,,,15.0
4,"Arkhipova, Permskiy Kray, Russia",RS90,59.2692,54.7639,,,59.0
4,"Truba, Pskovskaya Oblast', Russia",RS60,57.7667,27.6667,,,60.0
4,"Kizhi, Kareliya, Russia",RS28,62.0762,35.1918,,,10.0
4,"Mordvin, Kurskaya Oblast', Russia",RS41,51.4892,35.2138,,,46.0
4,"Glazov, Udmurtiya, Russia",RS80,58.1393,52.658,427.0,0.6846681975712504,18.0
4,"Lastochka, Primorskiy Kray, Russia",RS59,46.39,134.1,,,25.0
4,"Bilibino, Chukotskiy Avtonomnyy Okrug, Russia",RS15,68.05,166.333,2349.0,4.682063501670584,87.0
4,"Kumertau, Bashkortostan, Russia",RS08,52.7667,55.7833,23.0,1.091747299035524,2.0
4,"Shaykovka, Kaluzhskaya Oblast', Russia",RS25,54.2444,34.3797,,,40.0
4,"Sokhna, Kaluzhskaya Oblast', Russia",RS25,54.7669,35.2803,,,40.0
4,"Kremenchug, Altayskiy Kray, Russia",RS04,52.7833,79.5833,,,22.0
4,"Koptevo, Yaroslavskaya Oblast', Russia",RS88,58.0124,40.2382,,,76.0
4,"Pugacheva, Chelyabinskaya Oblast', Russia",RS13,56.0667,59.9,,,74.0
4,"Pugachev, Voronezhskaya Oblast', Russia",RS86,50.9869,40.9494,,,36.0
4,"Mazepin, Belgorodskaya Oblast', Russia",RS09,50.5978,37.7189,,,31.0
4,"Novonikolayevsk, Novosibirskaya Oblast', Russia",RS53,55.0411,82.9344,,,54.0
4,"Akademgorodok, Novosibirskaya Oblast', Russia",RS53,54.8523,83.106,,,54.0
4,"Prosol, Nizhegorodskaya Oblast', Russia",RS51,56.6785,42.8521,,,52.0
4,"Isayev, Rostovskaya Oblast', Russia",RS61,47.5375,40.4638,,,61.0
4,"Ostrog, Sakhalinskaya Oblast', Russia",RS64,55.5861,155.868,,,65.0
4,"Gazoprovod, Moskovskaya Oblast', Russia",RS47,55.5814,37.4781,,,50.0
4,"Armavir, Krasnodarskiy Kray, Russia",RS38,44.9892,41.1234,624.0,1.224333109971638,23.0
4,"Subash, Tatarstan, Russia",RS73,55.7535,50.4404,,,16.0
4,"Kulakov, Belgorodskaya Oblast', Russia",RS09,49.9731,38.8247,,,31.0
4,"Tatishchev, Saratovskaya Oblast', Russia",RS67,51.6703,45.5953,1948.0,0.26159865125569165,64.0
4,"Kildin, Murmanskaya Oblast', Russia",RS49,68.8039,33.0994,,,51.0
4,"Shilki, Khabarovskiy Kray, Russia",RS30,59.4153,145.207,,,27.0
4,"Stadion, Krasnodarskiy Kray, Russia",RS38,43.5651,39.7527,,,23.0
4,"Pechenga, Murmanskaya Oblast', Russia",RS49,69.561,31.2202,,,51.0
4,"Andryushchenko, Krasnodarskiy Kray, Russia",RS38,46.1856,39.4397,,,23.0
4,"Sibirskiy, Krasnodarskiy Kray, Russia",RS38,43.9876,39.2239,,,23.0
4,"Slobodka, Arkhangel'skaya Oblast', Russia",RS06,61.0333,46.4833,,,29.0
4,"Oymyakon, Sakha (Yakutiya), Russia",RS63,69.3,141.1,,,14.0
4,"Sablina, Tverskaya Oblast', Russia",RS77,56.2457,34.8024,,,69.0
4,"Zavidovo, Tverskaya Oblast', Russia",RS77,57.0991,37.1,,,69.0
4,"At Nashi, Chuvashiya, Russia",RS16,55.6682,47.7893,,,21.0
4,"Serdyukov, Rostovskaya Oblast', Russia",RS61,47.4469,39.72,,,61.0
4,"Nichka, Krasnoyarskiy Kray, Russia",RS39,53.5278,91.7769,,,24.0
4,"Shusha, Dagestan, Russia",RS17,42.2442,47.1942,,,5.0
4,"Vershina Tutury, Irkutskaya Oblast', Russia",RS20,54.4372,106.205,,,38.0
4,"Atsikyak, Irkutskaya Oblast', Russia",RS20,54.1864,106.295,,,38.0
4,"Otari, Kirovskaya Oblast', Russia",RS33,57.1568,48.9488,,,43.0
4,"Central Siberian Plateau, Russia (General), Russia",RS00,66.0,106.0,,,91.0
4,"Odoptu, Sakhalinskaya Oblast', Russia",RS64,52.3833,143.083,,,65.0
4,"Kastri, Khabarovskiy Kray, Russia",RS30,51.4167,140.833,,,27.0
4,"Chayvo, Sakhalinskaya Oblast', Russia",RS64,52.3667,143.183,,,65.0
4,"Yurty, Sverdlovskaya Oblast', Russia",RS71,59.1559,59.6546,,,66.0
4,"Razrez, Kemerovskaya Oblast', Russia",RS29,54.3196,86.0758,,,42.0
4,"Nuskhi, Khabarovskiy Kray, Russia",RS30,49.4798,135.29,,,27.0
4,"Azat, Tatarstan, Russia",RS73,54.8007,50.9128,,,16.0
4,"Novy Oskol, Belgorodskaya Oblast', Russia",RS09,50.7633,37.864,,,31.0
4,"Zavod, Kostromskaya Oblast', Russia",RS37,58.5187,41.9789,,,44.0
4,"Chaly, Sakha (Yakutiya), Russia",RS63,67.6333,130.833,,,14.0
4,"Akhmin, Omskaya Oblast', Russia",RS54,54.0753,74.8151,,,55.0
4,"Neuch, Bryanskaya Oblast', Russia",RS10,52.3833,32.2,,,32.0
4,"Chun Chan, Khabarovskiy Kray, Russia",RS30,51.1,132.467,,,27.0
4,"Lunin, Krasnodarskiy Kray, Russia",RS38,44.6421,41.0905,,,23.0
4,"Lyublin, Komi, Russia",RS34,61.0756,54.3755,,,11.0
4,"Nabiullina, Bashkortostan, Russia",RS08,53.2632,57.5397,,,2.0
4,"Kalink, Tul'skaya Oblast', Russia",RS76,53.115,37.6532,,,71.0
4,"Labinsk, Krasnodarskiy Kray, Russia",RS38,44.6342,40.7356,647.0,0.9030095114462341,23.0
4,"Trapezna, Pskovskaya Oblast', Russia",RS60,56.3667,30.1,,,60.0
4,"Stepanova, Novgorodskaya Oblast', Russia",RS52,58.8667,34.6667,,,53.0
4,"Nasha, 92, Russia",RS92,56.1875,163.321,,,41.0
4,"Teresh, Kemerovskaya Oblast', Russia",RS29,53.7229,86.6028,,,42.0
4,"Apatity, Murmanskaya Oblast', Russia",RS49,67.5641,33.4031,1507.0,0.5062455834311086,51.0
4,"Universitetskaya, Leningradskaya Oblast', Russia",RS42,59.8874,29.8324,,,47.0
4,"Yulya, Altay, Russia",RS03,51.8344,86.9089,,,4.0
4,"Baltiysk, Kaliningradskaya Oblast', Russia",RS23,54.6538,19.911,1184.0,1.558833282603514,39.0
4,"Serov, Sverdlovskaya Oblast', Russia",RS71,59.4833,60.5167,2010.0,13.917682040613123,66.0
4,"Tambey, Yamalo-Nenetskiy Avtonomnyy Okrug, Russia",RS87,71.4753,71.8172,,,89.0
4,"Imenitsy, Leningradskaya Oblast', Russia",RS42,59.3663,28.8918,,,47.0
4,"Vorobyeva, Tverskaya Oblast', Russia",RS77,55.7358,32.8169,,,69.0
4,"Arkhangelskoye, Voronezhskaya Oblast', Russia",RS86,51.2843,39.1319,,,36.0
4,"Madyar, Tatarstan, Russia",RS73,55.9571,53.0259,,,16.0
4,"Makarichi, Bryanskaya Oblast', Russia",RS10,53.0867,31.6386,,,32.0
4,"Tavatuy, Sverdlovskaya Oblast', Russia",RS71,57.0703,60.1336,,,66.0
4,"Multa, Altay, Russia",RS03,50.1723,85.9582,,,4.0
4,"Ostrovtsy, Novgorodskaya Oblast', Russia",RS52,58.8038,32.8207,,,53.0
4,"Tsentr, Novosibirskaya Oblast', Russia",RS53,55.0169,82.9192,,,54.0
4,"Tobolsk, Tyumenskaya Oblast', Russia",RS78,58.2,68.2667,2209.0,0.9030687691435111,72.0
4,"Gubi, Buryatiya, Russia",RS11,51.5439,101.685,,,3.0
4,"Demid, Sverdlovskaya Oblast', Russia",RS71,56.4603,59.1756,,,66.0
4,"Moika, Leningradskaya Oblast', Russia",RS42,59.9292,30.2853,,,47.0
4,"Sokor, Astrakhanskaya Oblast', Russia",RS07,48.3987,45.7696,,,30.0
4,"Taldom, Moskovskaya Oblast', Russia",RS47,56.7333,37.5333,1504.0,0.4155557251980609,50.0
4,"Dmitrov, Voronezhskaya Oblast', Russia",RS86,51.4403,40.3958,,,36.0
4,"Krasna, Tatarstan, Russia",RS73,56.07,49.596,,,16.0
4,"Krasnoufimsk, Sverdlovskaya Oblast', Russia",RS71,56.6059,57.7669,2025.0,1.3806904254040337,66.0
4,"Southport, Moskva, Russia",RS48,55.6875,37.7006,,,50.0
4,"Ruchi, Murmanskaya Oblast', Russia",RS49,67.0072,32.1917,,,51.0
4,"Trofimov, Rostovskaya Oblast', Russia",RS61,47.8707,41.2828,,,61.0
4,"Kestra, Russia (General), Russia",RS00,56.4947,40.3403,,,91.0
4,"Keldysh, Udmurtiya, Russia",RS80,57.418,54.0552,,,18.0
4,"Podgorodnoye, Kaliningradskaya Oblast', Russia",RS23,54.9611,22.3931,,,39.0
4,"Yakovlevka, Tul'skaya Oblast', Russia",RS76,53.6114,38.7352,,,71.0
4,"Markovskoye, Vologodskaya Oblast', Russia",RS85,59.2619,40.857,,,35.0
4,"Dombarovskiy, Orenburgskaya Oblast', Russia",RS55,51.0245,59.8037,,,56.0
4,"Severny, Lipetskaya Oblast', Russia",RS43,52.0093,38.0166,,,48.0
4,"Sukhoy Nos, Arkhangel'skaya Oblast', Russia",RS06,61.7833,45.2,,,29.0
4,"Matochkin Strait, Arkhangel'skaya Oblast', Russia",RS06,73.387,55.2059,,,29.0
4,"Sestroretsk, Sankt-Peterburg, Russia",RS66,60.098,29.9638,,,47.0
4,"Chekist, Rsja, Russia",RSJA,45.0111,147.525,,,65.0
4,"Merkulov, Rostovskaya Oblast', Russia",RS61,49.6103,41.5317,,,61.0
4,"Leigh Smith, Arkhangel'skaya Oblast', Russia",RS06,80.2602,54.2702,,,29.0
4,"Novogorsk, Moskovskaya Oblast', Russia",RS47,55.8903,37.3554,,,50.0
4,"Doob, Krasnodarskiy Kray, Russia",RS38,44.6482,37.9352,,,23.0
4,"Kizi, Khabarovskiy Kray, Russia",RS30,51.5833,140.517,,,27.0
4,"Tashir, Buryatiya, Russia",RS11,50.9829,105.817,,,3.0
4,"Bokov, Belgorodskaya Oblast', Russia",RS09,50.9242,38.2758,,,31.0
4,"Soki, Kirovskaya Oblast', Russia",RS33,57.7167,49.4333,,,43.0
4,"Strelna, Murmanskaya Oblast', Russia",RS49,66.0691,38.6587,,,51.0
4,"Sheret, Stavropol'skiy Kray, Russia",RS70,45.3867,43.6942,,,26.0
4,"Franz Josef Land, Arkhangel'skaya Oblast', Russia",RS06,81.0,55.0,,,29.0
4,"Amursk, Khabarovskiy Kray, Russia",RS30,50.2261,136.899,844.0,0.7906996066483907,27.0
4,"Veduga, Krasnoyarskiy Kray, Russia",RS39,59.1875,93.6467,,,24.0
4,"Kotova, Lipetskaya Oblast', Russia",RS43,52.4509,38.2335,,,48.0
4,"Gladkov, Volgogradskaya Oblast', Russia",RS84,48.2381,42.1761,,,34.0
4,"Popovtsy, Permskiy Kray, Russia",RS90,58.4723,55.5308,,,59.0
4,"Vetka, Vologodskaya Oblast', Russia",RS85,60.9689,37.0195,,,35.0
4,"Kholuy, Kirovskaya Oblast', Russia",RS33,58.2393,49.5321,,,43.0
4,"Krasnaya Yaruga, Belgorodskaya Oblast', Russia",RS09,50.8008,35.6583,945.0,0.21617241048447391,31.0
4,"Kika, Buryatiya, Russia",RS11,52.4988,108.028,,,3.0
4,"Kotovsk, Tambovskaya Oblast', Russia",RS72,52.5867,41.5021,2073.0,1.0450910487554634,68.0
4,"Tuk-Tuk, Russia (General), Russia",RS00,52.5766,87.1561,,,91.0
4,"Sovremennik, Samarskaya Oblast', Russia",RS65,52.65,49.65,,,63.0
4,"Samarka, Chelyabinskaya Oblast', Russia",RS13,54.9139,60.9089,,,74.0
4,"Lovozero, Murmanskaya Oblast', Russia",RS49,68.0064,35.0159,1520.0,0.0794056079214123,51.0
4,"Virma, Kareliya, Russia",RS28,64.3316,35.1885,,,10.0
4,"Khibiny, Murmanskaya Oblast', Russia",RS49,67.6791,33.2099,,,51.0
4,"Olenegorsk, Murmanskaya Oblast', Russia",RS49,68.1404,33.2737,1510.0,0.37019262387702645,51.0
4,"Antibes, Kemerovskaya Oblast', Russia",RS29,56.3108,87.7767,,,42.0
4,"Ustyn, Moskovskaya Oblast', Russia",RS47,55.1194,39.2145,,,50.0
4,"Sarepta, Volgogradskaya Oblast', Russia",RS84,48.5166,44.5324,,,34.0
4,"Revenko, Volgogradskaya Oblast', Russia",RS84,49.6167,45.5333,,,34.0
4,"Zvenigorod, Moskovskaya Oblast', Russia",RS47,55.734,36.8592,1450.0,0.5174615455663383,50.0
4,"Nizhni Tagil, Sverdlovskaya Oblast', Russia",RS71,57.9194,59.965,2029.0,1.7916510441383293,66.0
4,"Petushkov, Orenburgskaya Oblast', Russia",RS55,51.9833,52.5167,,,56.0
4,"Stary Oskol, Belgorodskaya Oblast', Russia",RS09,51.2967,37.8417,933.0,0.6092910320636408,31.0
4,"Maykop, Adygeya, Russia",RS01,44.6078,40.1058,1.0,0.22465008572420422,1.0
4,"Severo-Kurilsk, Sakhalinskaya Oblast', Russia",RS64,50.6789,156.125,1964.0,1.3571467333212979,65.0
4,"Kuril Strait, Russia (General), Russia",RS00,50.8356,156.585,,,91.0
4,"Buzina, Sverdlovskaya Oblast', Russia",RS71,57.7185,63.0821,,,66.0
4,"Gorlovka, Krasnoyarskiy Kray, Russia",RS39,53.7823,93.2402,,,24.0
4,"Tega, Kostromskaya Oblast', Russia",RS37,57.4472,40.4652,,,44.0
4,"Bakhchisaray, Tatarstan, Russia",RS73,55.6409,48.9472,,,16.0
4,"Viktoriya, Nizhegorodskaya Oblast', Russia",RS51,57.3679,46.2953,,,52.0
4,"Sviridov, Rostovskaya Oblast', Russia",RS61,49.1772,41.9089,,,61.0
4,"Novgorodskoye, Tul'skaya Oblast', Russia",RS76,53.5022,38.2946,,,71.0
4,"Nevelskoye, Sakhalinskaya Oblast', Russia",RS64,53.5,142.133,,,65.0
4,"Leninskoye, Bashkortostan, Russia",RS08,54.35,54.7333,,,2.0
4,"Selek, Krasnoyarskiy Kray, Russia",RS39,56.0539,91.1224,,,24.0
4,"Razvedchik, Kemerovskaya Oblast', Russia",RS29,55.7167,86.1667,,,42.0
4,"Kazakovskiy, Vologodskaya Oblast', Russia",RS85,60.2,46.0,,,35.0
4,"Yukagir, Sakha (Yakutiya), Russia",RS63,71.75,139.883,,,14.0
4,"Verkhoyansk, Sakha (Yakutiya), Russia",RS63,67.5447,133.385,,,14.0
4,"Kalinino, Amurskaya Oblast', Russia",RS05,49.3887,129.284,,,28.0
4,"Vurnar, Chuvashiya, Russia",RS16,55.4883,46.9501,486.0,0.4181536051178071,21.0
4,"Abramtsevo, Moskovskaya Oblast', Russia",RS47,55.8322,37.8379,,,50.0
4,"Dugino, Kirovskaya Oblast', Russia",RS33,57.375,49.0759,,,43.0
4,"Vishnyakov, Rostovskaya Oblast', Russia",RS61,47.3753,42.2706,,,61.0
4,"Druzba, Kaliningradskaya Oblast', Russia",RS23,54.493,21.1918,,,39.0
4,"Znamya, Tverskaya Oblast', Russia",RS77,56.9004,35.8311,,,69.0
4,"Yamna, Novgorodskaya Oblast', Russia",RS52,58.0226,30.7489,,,53.0
4,"Dubrovka, Vologodskaya Oblast', Russia",RS85,58.8514,35.613,,,35.0
4,"Buluk, Tyva, Russia",RS79,51.6833,94.35,,,17.0
4,"Khasan, Primorskiy Kray, Russia",RS59,42.4238,130.652,,,25.0
4,"Nikishina, Irkutskaya Oblast', Russia",RS20,54.6167,105.25,,,38.0
4,"Koltso, Volgogradskaya Oblast', Russia",RS84,48.6833,44.3333,,,34.0
4,"Preobrazhenskoe, 92, Russia",RS92,54.7819,167.578,,,41.0
4,"Shumkovo, Kostromskaya Oblast', Russia",RS37,58.7572,46.7722,,,44.0
4,"Gluboky, Magadanskaya Oblast', Russia",RS44,62.3667,150.217,,,49.0
4,"Kuzminki, Tul'skaya Oblast', Russia",RS76,53.6108,38.7572,,,71.0
4,"Mozdok, Severnaya Osetiya-Alaniya, Russia",RS68,43.7436,44.6518,351.0,0.9031733430923835,15.0
4,"Novopavlovsk, Zabaykal'skiy Kray, Russia",RS93,50.9333,111.583,,,75.0
4,"Sakhar, Khabarovskiy Kray, Russia",RS30,51.3566,132.046,,,27.0
4,"Yuzhno-Sakhalinsk, Sakhalinskaya Oblast', Russia",RS64,46.9581,142.734,1953.0,0.5036069942924074,65.0
4,"Chuna, Irkutskaya Oblast', Russia",RS20,56.0815,99.6342,,,38.0
4,"Kars, Krasnodarskiy Kray, Russia",RS38,44.7969,41.5724,,,23.0
4,"Peny, Kurskaya Oblast', Russia",RS41,51.6072,35.4892,,,46.0
4,"Orgon, Khabarovskiy Kray, Russia",RS30,49.25,134.733,,,27.0
4,"Surgut, Khanty-Mansiyskiy Avtonomnyy Okrug, Russia",RS32,61.25,73.4167,2226.0,4.696533246039576,86.0
4,"Nalchik, Kabardino-Balkariya, Russia",RS22,43.4981,43.6189,167.0,2.9572282485286094,7.0
4,"Koshka, Orenburgskaya Oblast', Russia",RS55,52.5628,54.0753,,,56.0
4,"Vitovka, Bryanskaya Oblast', Russia",RS10,52.9212,33.5029,,,32.0
4,"Karelian Isthmus, Leningradskaya Oblast', Russia",RS42,60.4167,30.0,,,47.0
4,"Karmanovka, Permskiy Kray, Russia",RS90,56.779,56.0285,,,59.0
4,"Darasun, Zabaykal'skiy Kray, Russia",RS93,51.6594,113.975,,,75.0
4,"Unola, Arkhangel'skaya Oblast', Russia",RS06,63.8695,44.8067,,,29.0
4,"Monino, Tverskaya Oblast', Russia",RS77,57.3023,37.1915,,,69.0
4,"Lenina, Rostovskaya Oblast', Russia",RS61,48.2958,40.8811,,,61.0
4,"Krasnogorovka, Krasnodarskiy Kray, Russia",RS38,46.5412,40.0418,,,23.0
4,"Yambakhtino, Chuvashiya, Russia",RS16,55.6874,47.3828,,,21.0
4,"Kelko, Khabarovskiy Kray, Russia",RS30,50.7477,137.114,,,27.0
4,"Moscow Canal, Russia (General), Russia",RS00,56.7167,37.1333,,,91.0
4,"Milne Bay, Sakhalinskaya Oblast', Russia",RS64,46.8589,151.857,,,65.0
4,"Bratstvo, Samarskaya Oblast', Russia",RS65,52.5833,49.5667,,,63.0
4,"Yunda, Udmurtiya, Russia",RS80,57.8822,52.8957,,,18.0
4,"Emak, Amurskaya Oblast', Russia",RS05,54.4672,127.113,,,28.0
4,"Makhmut, Dagestan, Russia",RS17,44.1901,45.8349,,,5.0
4,"Tera, Sakha (Yakutiya), Russia",RS63,68.7333,130.917,,,14.0
4,"Lermontov, Stavropol'skiy Kray, Russia",RS70,44.1067,42.9733,818.0,0.1842350342406381,26.0
4,"Sbitneva, Irkutskaya Oblast', Russia",RS20,54.707,98.2294,,,38.0
4,"Vygon, Kaluzhskaya Oblast', Russia",RS25,53.7244,35.3317,,,40.0
4,"Subbotin, Volgogradskaya Oblast', Russia",RS84,50.143,43.615,,,34.0
4,"Vostokugol, Kemerovskaya Oblast', Russia",RS29,53.5683,87.0582,,,42.0
4,"Slabodka, Vladimirskaya Oblast', Russia",RS83,56.2672,38.9254,,,33.0
4,"White Sea-Baltic Canal, Kareliya, Russia",RS28,62.8,34.8,,,10.0
4,"Makeyevka, Kurskaya Oblast', Russia",RS41,52.0719,35.7839,,,46.0
4,"Martov, Arkhangel'skaya Oblast', Russia",RS06,62.9835,46.9391,,,29.0
4,"No Sino, Kostromskaya Oblast', Russia",RS37,58.0333,41.2167,,,44.0
4,"Luiz Ina, Leningradskaya Oblast', Russia",RS42,59.6772,28.8089,,,47.0
4,"Shiranui, Sakhalinskaya Oblast', Russia",RS64,47.8494,142.521,,,65.0
4,"Tiksi, Sakha (Yakutiya), Russia",RS63,71.6872,128.869,316.0,5.626040928305502,14.0
4,"Ostrovnoy, Primorskiy Kray, Russia",RS59,45.8078,135.298,,,25.0
4,"Nagurskoye, Arkhangel'skaya Oblast', Russia",RS06,80.8068,47.6207,,,29.0
4,"Utis, Tyumenskaya Oblast', Russia",RS78,58.4293,72.0759,,,72.0
4,"Putino, Permskiy Kray, Russia",RS90,58.0688,54.3017,,,59.0
4,"Monchetundra, Murmanskaya Oblast', Russia",RS49,67.9333,32.65,1509.0,11.78816018231109,51.0
4,"Nittis, Murmanskaya Oblast', Russia",RS49,67.9333,32.8333,,,51.0
4,"Trubchevsk, Bryanskaya Oblast', Russia",RS10,52.5404,33.7735,984.0,4.8098205920839385,32.0
4,"Cherepovets, Vologodskaya Oblast', Russia",RS85,59.1333,37.9,1046.0,1.0659936823177147,35.0
4,"Yoshkar-Ola, Mariy-El, Russia",RS45,56.6369,47.8711,269.0,1.685651889022328,12.0
4,"Forpost, Omskaya Oblast', Russia",RS54,56.7833,72.1636,,,55.0
4,"Barnab, Dagestan, Russia",RS17,42.0796,46.3789,,,5.0
4,"Kupol, Primorskiy Kray, Russia",RS59,43.3681,133.06,,,25.0
4,"Lefu, Primorskiy Kray, Russia",RS59,44.5497,132.494,,,25.0
4,"Alexandra Land, Arkhangel'skaya Oblast', Russia",RS06,80.6066,46.2303,,,29.0
4,"Azovo, Yamalo-Nenetskiy Avtonomnyy Okrug, Russia",RS87,64.7833,65.0333,,,89.0
4,"Shuna, Amurskaya Oblast', Russia",RS05,54.3596,128.872,,,28.0
4,"Kamuy, Rsja, Russia",RSJA,45.5486,148.736,,,65.0
4,"Mozyr, Kaliningradskaya Oblast', Russia",RS23,54.4424,21.4757,,,39.0
4,"Mlada, Chechnya And Ingushetiya, Russia",RSCI,42.8167,44.6833,,,20.0
4,"Anel, Permskiy Kray, Russia",RS90,61.4228,57.4322,,,59.0
4,"Nazino, Ryazanskaya Oblast', Russia",RS62,54.149,40.0463,,,62.0
4,"Primorskaya, Sakhalinskaya Oblast', Russia",RS64,49.2833,143.867,,,65.0
4,"Tom-Usinskaya, Kemerovskaya Oblast', Russia",RS29,53.7647,87.5925,,,42.0
4,"Fevralsk, Amurskaya Oblast', Russia",RS05,52.4667,130.717,,,28.0
4,"Yandi, Checheno-Ingushskaya Avtonomnaya Sovetskaya Sotsialistichesk, Russia",RS12,43.1293,45.3295,,,20.0
4,"Kurile Lake, 92, Russia",RS92,51.45,157.083,,,41.0
4,"Lenzoloto, Buryatiya, Russia",RS11,53.2082,112.798,,,3.0
4,"Bodaibo, Irkutskaya Oblast', Russia",RS20,57.8506,114.193,,,38.0
4,"Lesha, Novgorodskaya Oblast', Russia",RS52,57.5084,30.728,,,53.0
4,"Turka, Permskiy Kray, Russia",RS90,57.1954,56.1589,,,59.0
4,"Nikitina, Permskiy Kray, Russia",RS90,58.1341,55.8536,,,59.0
4,"Yuzhnaya, Novosibirskaya Oblast', Russia",RS53,55.4333,75.4333,,,54.0
4,"Volga Canal, Russia (General), Russia",RS00,56.7167,37.1333,,,91.0
4,"Korshun, Saratovskaya Oblast', Russia",RS67,50.0499,48.6681,,,64.0
4,"Moska, Severnaya Osetiya-Alaniya, Russia",RS68,42.9156,43.6817,,,15.0
4,"Utku, Khabarovskiy Kray, Russia",RS30,49.8833,136.65,,,27.0
4,"Keton, Sakhalinskaya Oblast', Russia",RS64,49.75,142.833,,,65.0
4,"Fabrika, Tverskaya Oblast', Russia",RS77,57.8105,35.891,,,69.0
4,"Rubezh, Vologodskaya Oblast', Russia",RS85,60.844,37.0256,,,35.0
4,"Udaloy, Amurskaya Oblast', Russia",RS05,56.2927,123.788,,,28.0
4,"Avrora, Magadanskaya Oblast', Russia",RS44,62.5167,150.217,,,49.0
4,"Sklyar, Chelyabinskaya Oblast', Russia",RS13,53.296,59.5194,,,74.0
4,"Obukhovskoye, Sverdlovskaya Oblast', Russia",RS71,56.8345,62.612,,,66.0
4,"Molkin, Krasnodarskiy Kray, Russia",RS38,44.8036,39.2333,,,23.0
4,"Vasilevskiy, Stavropol'skiy Kray, Russia",RS70,44.6778,41.6522,,,26.0
4,"Pozdnyakov, Rostovskaya Oblast', Russia",RS61,49.6045,40.7607,,,61.0
4,"Uras, Leningradskaya Oblast', Russia",RS42,60.6288,28.5705,,,47.0
4,"Magnezit, Chelyabinskaya Oblast', Russia",RS13,55.0984,59.1787,,,74.0
4,"Priyanka, Ryazanskaya Oblast', Russia",RS62,53.8475,40.1086,,,62.0
4,"Lyubimovka, Novosibirskaya Oblast', Russia",RS53,56.7167,76.5667,,,54.0
4,"Istomino, Pskovskaya Oblast', Russia",RS60,57.3448,28.5993,,,60.0
4,"Nemuro Strait, Rsja, Russia",RSJA,44.0,145.333,,,65.0
4,"Shiretoko Peninsula, Sakhalinskaya Oblast', Russia",RS64,46.47,143.432,,,65.0
4,"Neninka, Altayskiy Kray, Russia",RS04,52.6734,86.1983,,,22.0
4,"Kibra, Kirovskaya Oblast', Russia",RS33,59.0094,48.9606,,,43.0
4,"Shevtsov, Krasnodarskiy Kray, Russia",RS38,44.9528,41.4108,,,23.0
4,"Timiryazev, Lipetskaya Oblast', Russia",RS43,52.505,38.7635,,,48.0
4,"Seima, Nizhegorodskaya Oblast', Russia",RS51,56.2238,43.1732,,,52.0
4,"South Island, Sakhalinskaya Oblast', Russia",RS64,47.52,152.812,,,65.0
4,"Lyubov, Zabaykal'skiy Kray, Russia",RS93,49.64,112.155,,,75.0
4,"Mashenka, Altayskiy Kray, Russia",RS04,51.257,83.8692,,,22.0
4,"Mariyka, Sakhalinskaya Oblast', Russia",RS64,46.6162,142.396,,,65.0
4,"Chudo, Bashkortostan, Russia",RS08,54.1167,54.85,,,2.0
4,"Lyubyatovo, Pskovskaya Oblast', Russia",RS60,57.8214,28.3945,,,60.0
4,"Chernogolovka, Moskovskaya Oblast', Russia",RS47,56.0,38.3667,1483.0,1.2476080118456316,50.0
4,"Olefin, Bryanskaya Oblast', Russia",RS10,52.6085,33.0291,,,32.0
4,"Konovalova, Astrakhanskaya Oblast', Russia",RS07,48.3858,45.9942,,,30.0
4,"Zotov, Rostovskaya Oblast', Russia",RS61,49.2417,40.9594,,,61.0
4,"Beryozovsky, Zabaykal'skiy Kray, Russia",RS93,54.0333,120.167,,,75.0
4,"Berikul, Kemerovskaya Oblast', Russia",RS29,55.5328,88.1411,,,42.0
4,"Fomina, Kaluzhskaya Oblast', Russia",RS25,54.4614,34.4364,,,40.0
4,"Ekho, Vologodskaya Oblast', Russia",RS85,59.8333,35.75,,,35.0
4,"Kondopoga, Kareliya, Russia",RS28,62.2057,34.2614,211.0,0.5320740555509268,10.0
4,"Kotlas, Arkhangel'skaya Oblast', Russia",RS06,61.2575,46.6496,903.0,0.6040482989477736,29.0
4,"Amagi, Sakhalinskaya Oblast', Russia",RS64,46.95,142.3,,,65.0
4,"Ust Ilimsk, Irkutskaya Oblast', Russia",RS20,58.0,102.583,1164.0,9.988277662133566,38.0
4,"Podkamennaya, Irkutskaya Oblast', Russia",RS20,51.9661,103.909,,,38.0
4,"Bondareva, Tverskaya Oblast', Russia",RS77,56.1261,32.4556,,,69.0
4,"Dunai, Primorskiy Kray, Russia",RS59,42.8835,132.336,,,25.0
4,"Fokino, Bryanskaya Oblast', Russia",RS10,53.2128,34.4186,957.0,26.67230872074236,32.0
4,"Nizhneyansk, Sakha (Yakutiya), Russia",RS63,71.4333,136.067,,,14.0
4,"Nevyansk, Sverdlovskaya Oblast', Russia",RS71,57.4953,60.2112,1999.0,0.3244648961832668,66.0
4,"De Long Islands, Sakha (Yakutiya), Russia",RS63,76.5,153.0,,,14.0
4,"Bennett Island, Sakha (Yakutiya), Russia",RS63,76.7333,149.5,,,14.0
4,"Zvezdochka, Krasnodarskiy Kray, Russia",RS38,46.7753,39.5725,,,23.0
4,"Marya, Kareliya, Russia",RS28,63.535,31.1559,,,10.0
4,"Udokan, Zabaykal'skiy Kray, Russia",RS93,56.7553,118.307,,,75.0
4,"Ordynka, Tverskaya Oblast', Russia",RS77,57.2631,37.2979,,,69.0
4,"Astakhova, Tverskaya Oblast', Russia",RS77,56.65,31.65,,,69.0
4,"Volchansk, Sverdlovskaya Oblast', Russia",RS71,59.9378,60.081,1989.0,0.3820989783015165,66.0
4,"Ushakova, Permskiy Kray, Russia",RS90,59.8429,56.4686,,,59.0
4,"Valma, Komi, Russia",RS34,65.712,56.0604,,,11.0
4,"Tinka, Krasnoyarskiy Kray, Russia",RS39,55.4141,95.0513,,,24.0
4,"Dodon, Sakha (Yakutiya), Russia",RS63,70.45,139.0,,,14.0
4,"Plastun, Primorskiy Kray, Russia",RS59,44.7561,136.294,,,25.0
4,"Georgiy, Novgorodskaya Oblast', Russia",RS52,58.4105,31.1585,,,53.0
4,"Chertanovo, Moskovskaya Oblast', Russia",RS47,55.9031,35.9236,,,50.0
4,"Veche, Pskovskaya Oblast', Russia",RS60,57.1328,28.8583,,,60.0
4,"Morozko, Rsja, Russia",RSJA,43.8217,146.717,,,65.0
4,"Sprut, 92, Russia",RS92,55.5569,161.304,,,41.0
4,"Irtysh, Omskaya Oblast', Russia",RS54,54.4913,74.3784,,,55.0
4,"Shabash, Krasnoyarskiy Kray, Russia",RS39,54.9696,94.4764,,,24.0
4,"Aliya, Zabaykal'skiy Kray, Russia",RS93,51.639,117.101,,,75.0
4,"Prostokvashino, Nizhegorodskaya Oblast', Russia",RS51,57.4266,46.5738,,,52.0
4,"Ponar, Smolenskaya Oblast', Russia",RS69,54.0081,31.8709,,,67.0
4,"Kachera, Zabaykal'skiy Kray, Russia",RS93,49.9141,112.847,,,75.0
5,"Kaluga Oblast, Kaluzhskaya Oblast', Russia",RS25,54.5,35.5,,,40.0
4,"Bragi, Kirovskaya Oblast', Russia",RS33,57.7214,48.4859,,,43.0
4,"Nyut, Khabarovskiy Kray, Russia",RS30,60.35,144.933,,,27.0
4,"Simonov, Volgogradskaya Oblast', Russia",RS84,50.3912,42.7277,,,34.0
4,"Izumrud, Sverdlovskaya Oblast', Russia",RS71,56.9701,61.4597,,,66.0
4,"Iros, Arkhangel'skaya Oblast', Russia",RS06,64.9943,46.0967,,,29.0
4,"Tuda, Khabarovskiy Kray, Russia",RS30,59.4,138.633,,,27.0
4,"Batur, Amurskaya Oblast', Russia",RS05,52.3381,133.091,,,28.0
4,"Talga, Amurskaya Oblast', Russia",RS05,54.7091,125.933,,,28.0
4,"Goncharova, Novgorodskaya Oblast', Russia",RS52,58.5195,34.642,,,53.0
4,"Snegurka, Sakha (Yakutiya), Russia",RS63,61.7333,138.167,,,14.0
4,"Potekhin, Bryanskaya Oblast', Russia",RS10,52.1975,34.8044,,,32.0
4,"Vilka, Chukotskiy Avtonomnyy Okrug, Russia",RS15,65.2833,173.733,,,87.0
4,"Velikiye Luki, Pskovskaya Oblast', Russia",RS60,56.34,30.5452,1765.0,1.0967181643081274,60.0
4,"Velikie Luki, Pskovskaya Oblast', Russia",RS60,56.34,30.5452,1765.0,1.0967181643081274,60.0
4,"Golovanova, Smolenskaya Oblast', Russia",RS69,55.3407,31.8831,,,67.0
4,"Gereykhanova, Dagestan, Russia",RS17,41.7011,48.2811,,,5.0
4,"Kosmino, Vladimirskaya Oblast', Russia",RS83,55.8254,40.1592,,,33.0
4,"Amosov, Krasnodarskiy Kray, Russia",RS38,45.0019,39.8728,,,23.0
4,"Bobov, Saratovskaya Oblast', Russia",RS67,51.5889,48.4958,,,64.0
4,"Ivashchenko, Stavropol'skiy Kray, Russia",RS70,45.6319,42.5506,,,26.0
4,"Akka, Dagestan, Russia",RS17,41.9269,47.9297,,,5.0
4,"Totskoye, Orenburgskaya Oblast', Russia",RS55,52.5248,52.7623,1704.0,1.1072813584543277,56.0
4,"Ukrop, Novosibirskaya Oblast', Russia",RS53,54.9,83.7667,,,54.0
4,"Badya, Permskiy Kray, Russia",RS90,60.48,53.4033,,,59.0
4,"Korenevka, Tul'skaya Oblast', Russia",RS76,53.9073,36.9515,,,71.0
4,"Perevoz, Irkutskaya Oblast', Russia",RS20,54.55,100.633,,,38.0
4,"Iglino, Bashkortostan, Russia",RS08,54.8324,56.4126,55.0,0.3144338628523507,2.0
4,"Zadonsk, Lipetskaya Oblast', Russia",RS43,52.3904,38.9261,1419.0,0.29237242328818824,48.0
4,"Kushevat, Yamalo-Nenetskiy Avtonomnyy Okrug, Russia",RS87,65.05,65.3,,,89.0
4,"Mashki, Vladimirskaya Oblast', Russia",RS83,56.3935,40.9481,,,33.0
4,"Ugreshskaya, Moskva, Russia",RS48,55.7142,37.6881,,,50.0
4,"Doni, Leningradskaya Oblast', Russia",RS42,59.6683,30.2308,,,47.0
4,"Tatay, Chechnya And Ingushetiya, Russia",RSCI,43.0384,46.4853,,,20.0
4,"Saltan, Mariy-El, Russia",RS45,56.7383,48.9747,,,12.0
4,"Komsomolsk-Na-Amure, Khabarovskiy Kray, Russia",RS30,50.552,137.015,843.0,0.438995099572261,27.0
4,"Omolon, Magadanskaya Oblast', Russia",RS44,63.2,158.4,,,49.0
4,"Yelizovo, 92, Russia",RS92,53.1873,158.38,,,41.0
4,"Yuzhno Sakhalinsk, Sakhalinskaya Oblast', Russia",RS64,46.9581,142.734,1953.0,0.5036069942924074,65.0
4,"Siberi, Kareliya, Russia",RS28,62.1667,31.8667,,,10.0
4,"Grazhdanka, Primorskiy Kray, Russia",RS59,44.2218,133.175,,,25.0
4,"Zakhar, Khabarovskiy Kray, Russia",RS30,51.3566,132.046,,,27.0
4,"Elgi, Sakha (Yakutiya), Russia",RS63,64.2667,142.083,,,14.0
4,"Svyatogorsk, Omskaya Oblast', Russia",RS54,54.3876,71.3804,,,55.0
4,"Volka, Kirovskaya Oblast', Russia",RS33,59.985,52.3362,,,43.0
4,"Sretensk, Kirovskaya Oblast', Russia",RS33,57.5294,50.0211,,,43.0
4,"Maja, Komi, Russia",RS34,61.8499,51.4691,,,11.0
4,"Sedari, Primorskiy Kray, Russia",RS59,42.4414,130.733,,,25.0
4,"Kay Nara, Omskaya Oblast', Russia",RS54,57.8843,71.592,,,55.0
4,"Grachev, Astrakhanskaya Oblast', Russia",RS07,48.1161,45.8558,,,30.0
4,"Kirillov, Vologodskaya Oblast', Russia",RS85,59.863,38.3813,1058.0,0.5330129403779578,35.0
4,"Zelenogorsk, Sankt-Peterburg, Russia",RS66,60.1997,29.7018,,,47.0
4,"Gipsy, Permskiy Kray, Russia",RS90,57.4246,56.9225,,,59.0
4,"Sarsat, Tomskaya Oblast', Russia",RS75,56.4833,84.05,,,70.0
4,"Lanar, Sakha (Yakutiya), Russia",RS63,71.7667,122.167,,,14.0
4,"Kalinina, Belgorodskaya Oblast', Russia",RS09,50.7405,36.6113,,,31.0
4,"Tuar, Dagestan, Russia",RS17,42.8573,47.3761,,,5.0
4,"Alyn, Magadanskaya Oblast', Russia",RS44,61.8667,156.883,,,49.0
4,"Krasnaya Polyana, Voronezhskaya Oblast', Russia",RS86,51.4681,38.5475,,,36.0
4,"Baksan, Kabardino-Balkariya, Russia",RS22,43.6881,43.5369,168.0,0.7000487361404575,7.0
4,"Pologi, Smolenskaya Oblast', Russia",RS69,55.0562,32.6078,,,67.0
4,"Pavlograd, Orenburgskaya Oblast', Russia",RS55,52.0673,55.5525,,,56.0
4,"Pervouralsk, Sverdlovskaya Oblast', Russia",RS71,56.9053,59.9436,2004.0,0.346084029442733,66.0
4,"Matveyeva, Permskiy Kray, Russia",RS90,57.7783,57.8426,,,59.0
4,"Vorozhba, Kurskaya Oblast', Russia",RS41,51.1614,35.4856,,,46.0
4,"Messoyakha, Taymyrskiy (Dolgano-Nenetskiy) Avtonomnyy Okrug, Russia",RS74,69.1781,82.3414,,,24.0
4,"Boguchar, Voronezhskaya Oblast', Russia",RS86,49.9358,40.545,1078.0,0.7737583236007101,36.0
4,"Kolezhma, Kareliya, Russia",RS28,64.2418,35.8736,,,10.0
4,"Teterki, Smolenskaya Oblast', Russia",RS69,55.0319,31.5649,,,67.0
4,"Naumova, Irkutskaya Oblast', Russia",RS20,53.5333,102.6,,,38.0
4,"Sokha, Ryazanskaya Oblast', Russia",RS62,54.1455,39.8235,,,62.0
4,"Zayats, Kirovskaya Oblast', Russia",RS33,58.212,48.6247,,,43.0
4,"Dobrovolskiy, Krasnodarskiy Kray, Russia",RS38,45.4229,39.9766,,,23.0
4,"Kutani, Tverskaya Oblast', Russia",RS77,57.8015,37.1559,,,69.0
4,"Rubezhnoye, Samarskaya Oblast', Russia",RS65,53.137,50.2322,,,63.0
4,"Kamyshevakha, Rostovskaya Oblast', Russia",RS61,47.0423,40.2598,,,61.0
4,"Krasnorechenskoye, Krasnoyarskiy Kray, Russia",RS39,56.2692,90.0866,,,24.0
4,"Shuvalova, Permskiy Kray, Russia",RS90,58.1258,55.231,,,59.0
4,"Tverskaya, Tverskaya Oblast', Russia",RS77,56.6251,33.2402,,,69.0
4,"Tatarsk, Novosibirskaya Oblast', Russia",RS53,55.219,75.9828,1624.0,1.3264689392939688,54.0
4,"Commander Islands, 92, Russia",RS92,55.0,167.0,,,41.0
4,"Pobeda, Saratovskaya Oblast', Russia",RS67,52.2552,47.8873,,,64.0
4,"Gunina, Permskiy Kray, Russia",RS90,59.5723,55.8276,,,59.0
4,"Astafyev, Orenburgskaya Oblast', Russia",RS55,51.5667,51.4167,,,56.0
4,"Shabany, Pskovskaya Oblast', Russia",RS60,57.4367,28.1663,,,60.0
4,"Dymkovo, Kostromskaya Oblast', Russia",RS37,58.9797,46.7183,,,44.0
4,"Guslitsa, Moskovskaya Oblast', Russia",RS47,55.5119,38.7932,,,50.0
4,"Gzhelka, Moskovskaya Oblast', Russia",RS47,55.4828,38.2229,,,50.0
4,"Kabardino, Kabardino-Balkariya, Russia",RS22,43.9264,44.1022,,,7.0
4,"Plavka, Tverskaya Oblast', Russia",RS77,56.7226,30.9365,,,69.0
4,"Predtecha, Vologodskaya Oblast', Russia",RS85,59.429,42.7105,,,35.0
4,"Skovorodino, Amurskaya Oblast', Russia",RS05,53.9833,123.917,886.0,1.370261713318033,28.0
4,"Maydan, Tatarstan, Russia",RS73,55.4525,48.7979,,,16.0
4,"Sentek, Udmurtiya, Russia",RS80,56.966,52.872,,,18.0
4,"Akhtubinsk, Astrakhanskaya Oblast', Russia",RS07,48.2795,46.1722,920.0,0.827457743736174,30.0
4,"Minya, Komi, Russia",RS34,66.2052,55.4286,,,11.0
4,"Peni, Moskovskaya Oblast', Russia",RS47,56.4292,35.5413,,,50.0
4,"Uzlovaya, Omskaya Oblast', Russia",RS54,54.3833,72.85,,,55.0
4,"Elabuga, Tatarstan, Russia",RS73,55.7613,52.0649,373.0,0.7903707624107961,16.0
4,"Naushki, Buryatiya, Russia",RS11,50.3828,106.106,,,3.0
4,"Bolotnaya, Sakhalinskaya Oblast', Russia",RS64,47.4333,142.033,,,65.0
4,"Pochet, Krasnoyarskiy Kray, Russia",RS39,57.1909,96.4193,,,24.0
4,"Lykov, Kurskaya Oblast', Russia",RS41,51.2481,35.8384,,,46.0
4,"Zyazikov, Chechnya And Ingushetiya, Russia",RSCI,43.4333,44.8,,,20.0
4,"Kozlovskiy, Rostovskaya Oblast', Russia",RS61,49.6,41.3928,,,61.0
4,"Kirgiz, Stavropol'skiy Kray, Russia",RS70,44.0947,45.2958,,,26.0
4,"-Tatarstan, Tatarstan, Russia",RS73,56.1292,53.3703,,,16.0
4,"Alna, Samarskaya Oblast', Russia",RS65,53.9081,52.3285,,,63.0
4,"Chemla, Altay, Russia",RS03,51.4111,86.005,,,4.0
4,"Severnaya Verf, Sankt-Peterburg, Russia",RS66,59.8747,30.2303,,,47.0
4,"Barsha, Dagestan, Russia",RS17,41.9798,47.7855,,,5.0
4,"Khayma, Vologodskaya Oblast', Russia",RS85,60.7309,37.4328,,,35.0
4,"Mezhdurechensk, Kemerovskaya Oblast', Russia",RS29,53.6942,88.0603,1231.0,1.092802183372679,42.0
4,"Kanza, Arkhangel'skaya Oblast', Russia",RS06,61.4398,46.2251,,,29.0
4,"Blinov, Saratovskaya Oblast', Russia",RS67,50.5955,48.4191,,,64.0
4,"Alakurtti, Murmanskaya Oblast', Russia",RS49,66.9672,30.3491,,,51.0
4,"Yuzhnouralsk, Chelyabinskaya Oblast', Russia",RS13,54.4418,61.2536,2289.0,0.9523270821000789,74.0
4,"-Traktor, Lipetskaya Oblast', Russia",RS43,52.2011,38.6655,,,48.0
4,"Ovsyannikova, Tul'skaya Oblast', Russia",RS76,53.4834,36.6346,,,71.0
4,"Yuzhnaya Ozereyevka, Krasnodarskiy Kray, Russia",RS38,44.678,37.6314,,,23.0
4,"Obon, Zabaykal'skiy Kray, Russia",RS93,51.5505,111.914,,,75.0
4,"Romashkin, Volgogradskaya Oblast', Russia",RS84,47.9742,43.6284,,,34.0
4,"Kamenev, Rostovskaya Oblast', Russia",RS61,48.0519,40.7753,,,61.0
4,"Odissa, Irkutskaya Oblast', Russia",RS20,54.0111,102.96,,,38.0
4,"Avan, Khabarovskiy Kray, Russia",RS30,47.4808,134.659,,,27.0
4,"Matlab, Dagestan, Russia",RS17,42.1983,46.6197,,,5.0
4,"Kosov, Tul'skaya Oblast', Russia",RS76,53.9984,37.6117,,,71.0
4,"Viya, Kareliya, Russia",RS28,62.6891,36.7724,,,10.0
4,"Kolot, Ivanovskaya Oblast', Russia",RS21,57.3562,42.5766,,,37.0
4,"Timoshina, Sverdlovskaya Oblast', Russia",RS71,58.6594,62.0476,,,66.0
4,"Nugan, Buryatiya, Russia",RS11,51.6879,102.196,,,3.0
4,"Matuga, Magadanskaya Oblast', Russia",RS44,61.5833,160.267,,,49.0
4,"Preobrazhenka, Primorskiy Kray, Russia",RS59,45.0786,133.644,,,25.0
4,"Polevaya, Kostromskaya Oblast', Russia",RS37,57.6921,40.8352,,,44.0
4,"Maamin, Chukotskiy Avtonomnyy Okrug, Russia",RS15,67.0,-172.417,,,87.0
4,"Berezniki, Permskiy Kray, Russia",RS90,59.4965,56.9468,728.0,12.701896007268807,59.0
4,"Susha, Tatarstan, Russia",RS73,55.4689,50.4757,,,16.0
4,"Chegem, Kabardino-Balkariya, Russia",RS22,43.2833,43.1333,,,7.0
4,"Usolye-Sibirskoye, Irkutskaya Oblast', Russia",RS20,52.7519,103.645,,,38.0
4,"Strasburg, Volgogradskaya Oblast', Russia",RS84,50.1993,46.6722,,,34.0
4,"Novocherkassk, Rostovskaya Oblast', Russia",RS61,47.4202,40.0913,1798.0,0.34724022155761414,61.0
4,"Tiga, Permskiy Kray, Russia",RS90,56.35,57.1667,,,59.0
4,"Kamen-Na-Obi, Altayskiy Kray, Russia",RS04,53.7884,81.3423,529.0,1.7411851931369193,22.0
4,"Kalininskiy, Tatarstan, Russia",RS73,55.7496,49.1386,,,16.0
4,"Buzuluk, Bashkortostan, Russia",RS08,54.5333,54.8833,,,2.0
4,"Tolstogo, Rostovskaya Oblast', Russia",RS61,46.8969,41.0928,,,61.0
4,"Shola, Vologodskaya Oblast', Russia",RS85,60.3181,36.9709,,,35.0
4,"Menshikov, Nizhegorodskaya Oblast', Russia",RS51,55.7062,43.5514,,,52.0
4,"Moglino, Pskovskaya Oblast', Russia",RS60,57.7785,28.1619,,,60.0
4,"Svyatosha, Lipetskaya Oblast', Russia",RS43,52.0926,38.1523,,,48.0
4,"Karmanovskaya, Leningradskaya Oblast', Russia",RS42,60.5594,34.8673,,,47.0
4,"Strelok, Primorskiy Kray, Russia",RS59,43.005,132.337,,,25.0
4,"Vampir, 92, Russia",RS92,57.875,162.51,,,41.0
4,"Sedov, Volgogradskaya Oblast', Russia",RS84,49.6868,42.6234,,,34.0
4,"Monastyreva, Tverskaya Oblast', Russia",RS77,57.4833,37.6667,,,69.0
4,"Trunov, Krasnodarskiy Kray, Russia",RS38,45.8833,38.4833,,,23.0
4,"Serta, Kemerovskaya Oblast', Russia",RS29,56.0268,87.9607,,,42.0
4,"Stoyanka, Tyumenskaya Oblast', Russia",RS78,55.7342,69.5053,,,72.0
4,"Slantsy, Saratovskaya Oblast', Russia",RS67,52.1803,43.5884,,,64.0
4,"Amerikanka, Primorskiy Kray, Russia",RS59,42.85,132.95,,,25.0
4,"Leninka, Tul'skaya Oblast', Russia",RS76,53.5379,38.0643,,,71.0
4,"Vengerka, Irkutskaya Oblast', Russia",RS20,55.803,97.2722,,,38.0
5,"Chuvashiya, Chuvashiya, Russia",RS16,55.5,47.0,,,21.0
4,"Staraya Nelidovka, Belgorodskaya Oblast', Russia",RS09,50.4604,36.4962,,,31.0
4,"Ulchi, Khabarovskiy Kray, Russia",RS30,51.03,138.38,,,27.0
4,"Slivino, Smolenskaya Oblast', Russia",RS69,54.2712,31.9344,,,67.0
4,"Tarakanova, Moskovskaya Oblast', Russia",RS47,55.3472,38.9598,,,50.0
4,"Perovo, Vladimirskaya Oblast', Russia",RS83,56.2061,42.4086,,,33.0
4,"Stankovo, Kostromskaya Oblast', Russia",RS37,58.8749,46.8888,,,44.0
4,"Novy Port, Yamalo-Nenetskiy Avtonomnyy Okrug, Russia",RS87,67.6833,72.9333,,,89.0
4,"Yanina, Permskiy Kray, Russia",RS90,60.4376,56.3333,,,59.0
4,"Formachevo, Chelyabinskaya Oblast', Russia",RS13,54.5303,61.3106,,,74.0
4,"Silikatnaya, Moskovskaya Oblast', Russia",RS47,55.4719,37.5555,,,50.0
4,"Bereg, Leningradskaya Oblast', Russia",RS42,58.6833,29.9833,,,47.0
4,"Ust Luga, Leningradskaya Oblast', Russia",RS42,59.6676,28.2871,,,47.0
4,"Mitrofanova, Kemerovskaya Oblast', Russia",RS29,55.648,85.294,,,42.0
4,"Voroshilov, Rostovskaya Oblast', Russia",RS61,47.422,40.6709,,,61.0
4,"Nadezhda, Stavropol'skiy Kray, Russia",RS70,44.1,44.6,,,26.0
5,"Kalinin Oblast, Tverskaya Oblast', Russia",RS77,57.0096,35.0049,,,69.0
4,"Praval, Bryanskaya Oblast', Russia",RS10,52.2164,32.0175,,,32.0
4,"Yamana, Astrakhanskaya Oblast', Russia",RS07,45.9808,48.1975,,,30.0
4,"Mamai, Kirovskaya Oblast', Russia",RS33,58.1906,48.9536,,,43.0
4,"Kyra, Zabaykal'skiy Kray, Russia",RS93,49.5776,111.975,587.0,0.3074911222067162,75.0
4,"Khampa, Sakha (Yakutiya), Russia",RS63,62.9667,115.233,,,14.0
4,"Maikop, Adygeya, Russia",RS01,44.6078,40.1058,,,1.0
4,"Trifonov, Rostovskaya Oblast', Russia",RS61,48.1322,40.3778,,,61.0
4,"Alanka, Irkutskaya Oblast', Russia",RS20,51.95,104.717,,,38.0
4,"Akan, Arkhangel'skaya Oblast', Russia",RS06,63.55,37.5667,,,29.0
4,"Shariki, Kirovskaya Oblast', Russia",RS33,57.3093,47.6744,,,43.0
4,"Mamayev Kurgan, Volgogradskaya Oblast', Russia",RS84,48.7449,44.5474,,,34.0
4,"Barrikady, Volgogradskaya Oblast', Russia",RS84,48.7833,44.5833,,,34.0
4,"Pozdnyakova, Tomskaya Oblast', Russia",RS75,56.6667,84.3239,,,70.0
4,"Zaliv, Krasnoyarskiy Kray, Russia",RS39,57.3698,93.2384,,,24.0
4,"Anna Ma, Murmanskaya Oblast', Russia",RS49,68.7287,30.8244,,,51.0
4,"Vysotsk, Leningradskaya Oblast', Russia",RS42,60.6288,28.5705,,,47.0
4,"Raylan, Tatarstan, Russia",RS73,54.3674,52.9784,,,16.0
4,"Sterlitamak, Bashkortostan, Russia",RS08,53.6246,55.9501,29.0,0.8760742917179266,2.0
4,"Makeyev, Rostovskaya Oblast', Russia",RS61,48.2817,41.4606,,,61.0
4,"Molochnoye, Kaliningradskaya Oblast', Russia",RS23,54.8467,20.3127,,,39.0
4,"Veli, Tverskaya Oblast', Russia",RS77,57.7741,34.4891,,,69.0
4,"Usuri, Primorskiy Kray, Russia",RS59,45.45,133.383,,,25.0
4,"Dudinka, Taymyrskiy (Dolgano-Nenetskiy) Avtonomnyy Okrug, Russia",RS74,69.4058,86.1778,718.0,0.31100789635325576,24.0
4,"Minj, Russia (General), Russia",RS00,50.2333,108.633,,,91.0
4,"Kelya, Sakha (Yakutiya), Russia",RS63,65.1667,132.9,,,14.0
5,"Maritime Territory, Primorskiy Kray, Russia",RS59,45.0,135.0,,,25.0
4,"Zuby, Pskovskaya Oblast', Russia",RS60,56.8352,28.4884,,,60.0
4,"Malyn, Tul'skaya Oblast', Russia",RS76,53.866,37.1437,,,71.0
4,"Shaposhnikov, Astrakhanskaya Oblast', Russia",RS07,47.6756,46.105,,,30.0
4,"Unecha, Bryanskaya Oblast', Russia",RS10,52.8459,32.6739,985.0,0.8642128032845813,32.0
4,"Alberich, 92, Russia",RS92,57.6708,162.389,,,41.0
4,"Vnukova, Moskovskaya Oblast', Russia",RS47,55.4617,38.9175,,,50.0
4,"Kashovka, Bryanskaya Oblast', Russia",RS10,53.0369,32.3613,,,32.0
4,"Malinovka, Leningradskaya Oblast', Russia",RS42,59.9517,30.4717,,,47.0
4,"Lozovaya, Lipetskaya Oblast', Russia",RS43,52.3162,38.7745,,,48.0
4,"Krasnaya Gora, Kirovskaya Oblast', Russia",RS33,58.2731,46.5452,,,43.0
4,"Charli, Tatarstan, Russia",RS73,56.0737,51.1935,,,16.0
4,"Odintsovskiy, Krasnodarskiy Kray, Russia",RS38,44.4167,41.6831,,,23.0
4,"Lapino, Kareliya, Russia",RS28,64.1,35.2667,,,10.0
4,"Bayka, Zabaykal'skiy Kray, Russia",RS93,51.2526,119.299,,,75.0
4,"Mugur, Tyva, Russia",RS79,50.3833,90.4667,406.0,1.8086875577023718,17.0
4,"Bayrak, Bashkortostan, Russia",RS08,53.5672,55.8887,,,2.0
4,"Yurash, Russia (General), Russia",RS00,55.9371,51.7509,,,91.0
4,"Ilmen, Saratovskaya Oblast', Russia",RS67,51.8841,43.4574,,,64.0
4,"Heilongjiang, Russia (General), Russia",RS00,52.9333,141.167,,,91.0
4,"Krepost, Chukotskiy Avtonomnyy Okrug, Russia",RS15,64.7333,170.817,,,87.0
4,"Ister, Permskiy Kray, Russia",RS90,59.0274,55.0697,,,59.0
4,"Ukrayna, Amurskaya Oblast', Russia",RS05,51.1428,128.513,,,28.0
4,"Kobra, Kirovskaya Oblast', Russia",RS33,59.7719,50.8561,,,43.0
4,"Kamkin, Chuvashiya, Russia",RS16,54.869,47.2981,,,21.0
4,"Ozery, Moskovskaya Oblast', Russia",RS47,54.86,38.5506,1469.0,0.3385990493570958,50.0
4,"Kirel, Krasnoyarskiy Kray, Russia",RS39,55.2309,95.1293,,,24.0
4,"Dyakonov, Rostovskaya Oblast', Russia",RS61,48.2031,41.3175,,,61.0
4,"Birina, Permskiy Kray, Russia",RS90,59.42,54.2722,,,59.0
4,"Ivanovka, Amurskaya Oblast', Russia",RS05,49.9827,129.175,,,28.0
4,"Orekhov, Rostovskaya Oblast', Russia",RS61,49.0884,41.9309,,,61.0
4,"Vladimirovka, Voronezhskaya Oblast', Russia",RS86,51.7833,40.6667,,,36.0
4,"Bolshoy, Krasnodarskiy Kray, Russia",RS38,46.2667,39.0167,,,23.0
4,"Penchukov, Rostovskaya Oblast', Russia",RS61,47.0035,42.5163,,,61.0
4,"Timchenko, Khabarovskiy Kray, Russia",RS30,52.5333,136.533,,,27.0
4,"Sinichka, Moskovskaya Oblast', Russia",RS47,55.8333,37.3333,,,50.0
4,"Filka, Moskovskaya Oblast', Russia",RS47,55.75,37.5167,,,50.0
4,"Pecherskiy, Irkutskaya Oblast', Russia",RS20,59.4,116.2,,,38.0
4,"Raki, Ryazanskaya Oblast', Russia",RS62,54.4449,39.8938,,,62.0
4,"Yella, Komi, Russia",RS34,64.216,46.5525,,,11.0
4,"Chmi, Severnaya Osetiya-Alaniya, Russia",RS68,42.853,44.6355,,,15.0
4,"-A-Nik, Sverdlovskaya Oblast', Russia",RS71,57.5947,60.0564,,,66.0
4,"Dreg, Pskovskaya Oblast', Russia",RS60,56.1055,30.9398,,,60.0
4,"Viborg, Leningradskaya Oblast', Russia",RS42,60.7076,28.7528,,,47.0
4,"Linevo, Tverskaya Oblast', Russia",RS77,58.0069,33.6842,,,69.0
4,"Garbi, Khabarovskiy Kray, Russia",RS30,50.8897,136.033,,,27.0
4,"Zizik, Dagestan, Russia",RS17,41.7667,48.1104,,,5.0
4,"Polyanskiy, Saratovskaya Oblast', Russia",RS67,51.7846,45.3143,,,64.0
4,"Anova, 92, Russia",RS92,56.35,156.5,,,41.0
4,"Pekman, Tyumenskaya Oblast', Russia",RS78,58.9671,72.0957,,,72.0
4,"Romny, Amurskaya Oblast', Russia",RS05,50.725,129.289,882.0,0.7472642694963031,28.0
4,"Kulikovo, Permskiy Kray, Russia",RS90,58.1585,56.9801,,,59.0
4,"Novy Svet, Penzenskaya Oblast', Russia",RS57,53.3382,45.9407,,,58.0
4,"Konotop, Orlovskaya Oblast', Russia",RS56,52.5476,36.0162,,,57.0
4,"Rocky Point, Sakhalinskaya Oblast', Russia",RS64,48.0403,153.275,,,65.0
4,"Agya, Khabarovskiy Kray, Russia",RS30,49.7717,140.172,,,27.0
4,"Dokana, Khabarovskiy Kray, Russia",RS30,51.1206,137.749,,,27.0
4,"Dyma, Smolenskaya Oblast', Russia",RS69,55.2431,33.5456,,,67.0
4,"Besht, Chechnya And Ingushetiya, Russia",RSCI,42.8008,45.045,,,20.0
4,"Korotkov, Chelyabinskaya Oblast', Russia",RS13,54.7667,60.2833,,,74.0
4,"Desenka, Kaluzhskaya Oblast', Russia",RS25,54.1956,33.9897,,,40.0
4,"Kiva, Kareliya, Russia",RS28,62.1372,32.9006,,,10.0
4,"Bolo Ta, Tverskaya Oblast', Russia",RS77,58.29,36.5021,,,69.0
4,"Laptev, Mariy-El, Russia",RS45,57.0019,49.2731,,,12.0
4,"Kotlin, Chelyabinskaya Oblast', Russia",RS13,54.4856,60.583,,,74.0
4,"Masya, Sverdlovskaya Oblast', Russia",RS71,58.2759,64.7832,,,66.0
4,"Murka, Irkutskaya Oblast', Russia",RS20,54.6745,97.9227,,,38.0
4,"Mashka, Rostovskaya Oblast', Russia",RS61,48.7219,42.1475,,,61.0
4,"Kuzya, Altay, Russia",RS03,51.7539,86.7189,,,4.0
4,"Dymka, Permskiy Kray, Russia",RS90,58.4228,55.0324,,,59.0
4,"Tyla, Permskiy Kray, Russia",RS90,59.6145,55.1311,,,59.0
4,"Adak, Komi, Russia",RS34,66.5015,59.5609,,,11.0
4,"Weissenstein, Kaliningradskaya Oblast', Russia",RS23,54.5881,20.6892,,,39.0
4,"Apanasenko, Stavropol'skiy Kray, Russia",RS70,44.4472,43.0972,,,26.0
4,"Ochir, Kalmykiya, Russia",RS24,47.5914,44.9414,,,8.0
4,"Ikon, Taymyrskiy (Dolgano-Nenetskiy) Avtonomnyy Okrug, Russia",RS74,70.4167,89.75,,,24.0
4,"Kasan, Tatarstan, Russia",RS73,55.7887,49.1221,,,16.0
4,"Plavni, Karachayevo-Cherkesiya, Russia",RS27,44.0159,41.5657,,,9.0
4,"Zaraisk, Moskovskaya Oblast', Russia",RS47,54.7605,38.8784,,,50.0
4,"Troshkin, Khakasiya, Russia",RS31,54.5481,89.5428,,,19.0
5,"Khakasiya, Khakasiya, Russia",RS31,53.3333,90.0,,,19.0
4,"Yenisey, Irkutskaya Oblast', Russia",RS20,53.3596,104.155,,,38.0
4,"West Siberian Plain, Russia (General), Russia",RS00,60.0,75.0,,,91.0
4,"Bolshiye Koty, Tverskaya Oblast', Russia",RS77,56.5692,33.0769,,,69.0
4,"Platov, Rostovskaya Oblast', Russia",RS61,49.0911,41.6775,,,61.0
4,"Syzran, Samarskaya Oblast', Russia",RS65,53.1585,48.4681,1881.0,0.5305871824283818,63.0
4,"Nyurba, Sakha (Yakutiya), Russia",RS63,63.2842,118.332,324.0,1.1401387555663598,14.0
4,"Kalininskaya, Arkhangel'skaya Oblast', Russia",RS06,65.784,46.2699,,,29.0
4,"Rostovskaya, Vologodskaya Oblast', Russia",RS85,60.4843,41.6421,,,35.0
4,"Shchetinovka, Belgorodskaya Oblast', Russia",RS09,50.7673,37.3331,,,31.0
4,"Klimovsk, Komi, Russia",RS34,61.2863,53.648,,,11.0
4,"Nagasaki, Sakhalinskaya Oblast', Russia",RS64,50.7083,156.172,,,65.0
4,"Bakinskaya, Krasnodarskiy Kray, Russia",RS38,44.759,39.2875,,,23.0
4,"Lukhovitsy, Moskovskaya Oblast', Russia",RS47,54.9426,39.0238,1463.0,2.5649695250353077,50.0
4,"Gnilka, Leningradskaya Oblast', Russia",RS42,59.7132,32.2832,,,47.0
4,"Seryshevo, Amurskaya Oblast', Russia",RS05,51.0933,128.379,885.0,0.26869188947391853,28.0
4,"Gromov, Astrakhanskaya Oblast', Russia",RS07,48.3549,45.906,,,30.0
4,"Verkhovskaya, Komi, Russia",RS34,64.929,51.681,,,11.0
4,"Altyn, Permskiy Kray, Russia",RS90,58.4716,54.0993,,,59.0
4,"Podgornoye, Tomskaya Oblast', Russia",RS75,57.7886,82.6519,2162.0,0.5652039248236911,70.0
4,"Minkovka, Bashkortostan, Russia",RS08,52.9418,55.9882,,,2.0
4,"Donskoy, Bashkortostan, Russia",RS08,54.1,54.2,,,2.0
4,"Padenga, Arkhangel'skaya Oblast', Russia",RS06,61.9167,42.6636,,,29.0
4,"Bogatyr, Samarskaya Oblast', Russia",RS65,53.4298,49.9455,,,63.0
4,"Domanova, Bryanskaya Oblast', Russia",RS10,53.4383,34.4564,,,32.0
4,"Prospekt, Udmurtiya, Russia",RS80,57.953,52.7983,,,18.0
4,"Acoe, Arkhangel'skaya Oblast', Russia",RS06,61.4685,48.0429,,,29.0
4,"Elna, Smolenskaya Oblast', Russia",RS69,54.5786,33.1837,,,67.0
4,"Yermilov, Rostovskaya Oblast', Russia",RS61,47.774,41.4722,,,61.0
4,"Arkhangel, Ivanovskaya Oblast', Russia",RS21,57.1047,40.324,,,37.0
4,"Puka, Khabarovskiy Kray, Russia",RS30,51.0833,137.367,,,27.0
4,"Kurly, Buryatiya, Russia",RS11,55.65,109.35,,,3.0
4,"Klyuchi, Kirovskaya Oblast', Russia",RS33,57.5667,49.9167,,,43.0
4,"Klyuchevskoy, Novosibirskaya Oblast', Russia",RS53,55.4667,84.5667,,,54.0
4,"Klyuchevskaya Sopka, 92, Russia",RS92,56.0667,160.633,,,41.0
4,"Mechta, Bryanskaya Oblast', Russia",RS10,52.33,34.5924,,,32.0
4,"Shants, Sankt-Peterburg, Russia",RS66,60.0249,29.6828,,,47.0
4,"Ionova, Moskovskaya Oblast', Russia",RS47,55.7298,38.9237,,,50.0
4,"Goryachiy Klyuch, Omskaya Oblast', Russia",RS54,55.0299,73.1471,,,55.0
4,"Yeva, Krasnodarskiy Kray, Russia",RS38,46.2874,40.1799,,,23.0
4,"Oleksandrivka, Rostovskaya Oblast', Russia",RS61,48.9808,39.7286,,,61.0
4,"Omarka, Tatarstan, Russia",RS73,55.5946,51.0752,,,16.0
4,"Amba, Novosibirskaya Oblast', Russia",RS53,55.437,82.779,,,54.0
4,"Novokuybyshevsk, Samarskaya Oblast', Russia",RS65,53.0959,49.9462,1877.0,0.3988170699550218,63.0
4,"Volzhsky, Volgogradskaya Oblast', Russia",RS84,48.7858,44.7797,1008.0,2.0338869079805026,34.0
4,"Anatoliy, Altayskiy Kray, Russia",RS04,53.8963,85.5572,,,22.0
4,"Gryazovets, Vologodskaya Oblast', Russia",RS85,58.88,40.2525,1056.0,0.46713770235709634,35.0
4,"Zvereva, Astrakhanskaya Oblast', Russia",RS07,46.1386,47.7988,,,30.0
4,"Tyulpan, Orenburgskaya Oblast', Russia",RS55,52.1946,51.571,,,56.0
4,"Kholodets, Pskovskaya Oblast', Russia",RS60,56.9814,30.5534,,,60.0
4,"Oleshek, Bryanskaya Oblast', Russia",RS10,52.3133,34.4955,,,32.0
4,"Pearl Island, Arkhangel'skaya Oblast', Russia",RS06,71.0175,53.5135,,,29.0
4,"Furmanov, Ivanovskaya Oblast', Russia",RS21,57.2536,41.1085,1130.0,0.5404151341156812,37.0
4,"Petrovskoye, Smolenskaya Oblast', Russia",RS69,55.4985,34.0488,,,67.0
4,"Georgiyevka, Amurskaya Oblast', Russia",RS05,50.5237,129.091,,,28.0
4,"Krasnoye, Voronezhskaya Oblast', Russia",RS86,51.9256,39.2523,,,36.0
4,"Zolotaya Niva, Omskaya Oblast', Russia",RS54,54.8957,74.899,,,55.0
4,"Lovat, Krasnoyarskiy Kray, Russia",RS39,56.2433,95.8394,,,24.0
4,"Woronowa, Pskovskaya Oblast', Russia",RS60,56.4167,30.9167,,,60.0
4,"Nizhneleninskoye, Yevreyskaya Avtonomnaya Oblast', Russia",RS89,47.9609,132.665,,,79.0
4,"Amurzet, Yevreyskaya Avtonomnaya Oblast', Russia",RS89,47.6942,131.091,2342.0,0.11206025363043236,79.0
4,"Gornoknyazevsk, Yamalo-Nenetskiy Avtonomnyy Okrug, Russia",RS87,66.5906,66.8636,,,89.0
4,"Novoye, Primorskiy Kray, Russia",RS59,43.9809,132.007,,,25.0
4,"Desna, Khabarovskiy Kray, Russia",RS30,48.9975,140.205,,,27.0
4,"Protvino, Moskovskaya Oblast', Russia",RS47,54.8682,37.2158,1473.0,0.3465450426744262,50.0
5,"Adygeya, Adygeya, Russia",RS01,45.0,40.0,,,1.0
4,"Mambas, Arkhangel'skaya Oblast', Russia",RS06,65.3339,44.6787,,,29.0
4,"Dalda, Russia (General), Russia",RS00,58.9809,53.643,,,91.0
4,"Champot, Kalmykiya, Russia",RS24,47.3532,46.4324,,,8.0
4,"Biysk, Altayskiy Kray, Russia",RS04,52.5364,85.2072,507.0,0.622092377795152,22.0
4,"Bolshiye Saly, Rostovskaya Oblast', Russia",RS61,47.3914,39.6847,,,61.0
4,"Chaltyr, Rostovskaya Oblast', Russia",RS61,47.2848,39.4823,1826.0,1.457318766878916,61.0
4,"Virolainen, Leningradskaya Oblast', Russia",RS42,60.75,30.5333,,,47.0
4,"Chelan, Buryatiya, Russia",RS11,52.0,108.833,,,3.0
4,"Novopavlovka, Bashkortostan, Russia",RS08,52.1769,52.1769,,,2.0
4,"Nevskoye, Primorskiy Kray, Russia",RS59,45.7247,133.686,,,25.0
4,"Moskovskiy Komsomolets, Amurskaya Oblast', Russia",RS05,55.1423,127.132,,,28.0
4,"Traktor, Lipetskaya Oblast', Russia",RS43,52.2011,38.6655,,,48.0
4,"Seraya, Kaluzhskaya Oblast', Russia",RS25,53.816,35.5227,,,40.0
4,"Denisova, Permskiy Kray, Russia",RS90,58.0248,56.8315,,,59.0
4,"Vyartsilya, Kareliya, Russia",RS28,62.1764,30.693,,,10.0
4,"Kalachev, Volgogradskaya Oblast', Russia",RS84,50.5562,43.0039,,,34.0
4,"Panteleimonovka, Primorskiy Kray, Russia",RS59,45.6361,133.603,,,25.0
4,"Rakushka, Primorskiy Kray, Russia",RS59,43.9361,135.453,,,25.0
4,"Polyarnyy, Murmanskaya Oblast', Russia",RS49,69.1989,33.4478,1513.0,0.10397379612601466,51.0
4,"Stalino, Nizhegorodskaya Oblast', Russia",RS51,55.3508,43.831,,,52.0
4,"Pervomaysk, Sakhalinskaya Oblast', Russia",RS64,46.4333,141.95,,,65.0
4,"Kolotovkina, Kemerovskaya Oblast', Russia",RS29,55.3833,85.1,,,42.0
4,"Gudron, Samarskaya Oblast', Russia",RS65,54.2333,52.4,,,63.0
4,"Tikhon, Kalmykiya, Russia",RS24,46.1425,42.5867,,,8.0
4,"Sparrow Hills, Moskva, Russia",RS48,55.7,37.5167,,,50.0
4,"Ananya, Nizhegorodskaya Oblast', Russia",RS51,55.8405,45.2706,,,52.0
4,"Katkov, Astrakhanskaya Oblast', Russia",RS07,48.6964,46.2136,,,30.0
4,"Zagorka, Bryanskaya Oblast', Russia",RS10,53.6576,33.7686,,,32.0
4,"Kolguev Island, Nenetskiy Avtonomnyy Okrug, Russia",RS50,69.0833,49.25,,,83.0
4,"Petrodvorets, Sankt-Peterburg, Russia",RS66,59.8797,29.9026,,,47.0
4,"Varandey, Nenetskiy Avtonomnyy Okrug, Russia",RS50,68.8244,58.0672,,,83.0
4,"Charly, Tatarstan, Russia",RS73,56.0737,51.1935,,,16.0
4,"Kadra, Krasnoyarskiy Kray, Russia",RS39,59.2939,93.7942,,,24.0
4,"Goita, Checheno-Ingushskaya Avtonomnaya Sovetskaya Sotsialistichesk, Russia",RS12,43.2481,45.6699,,,20.0
4,"Merkuriy, Smolenskaya Oblast', Russia",RS69,53.8053,32.3481,,,67.0
4,"Bergau, Kaliningradskaya Oblast', Russia",RS23,54.6232,20.4258,,,39.0
4,"-Khatuni, Checheno-Ingushskaya Avtonomnaya Sovetskaya Sotsialistichesk, Russia",RS12,42.983,45.9355,,,20.0
4,"Litva, Orlovskaya Oblast', Russia",RS56,52.7864,35.335,,,57.0
4,"Kopl, Leningradskaya Oblast', Russia",RS42,59.95,35.3167,,,47.0
4,"Veina, Tverskaya Oblast', Russia",RS77,55.81,32.8158,,,69.0
4,"Volna, Kaluzhskaya Oblast', Russia",RS25,54.2872,36.2451,,,40.0
4,"Tolka, Yamalo-Nenetskiy Avtonomnyy Okrug, Russia",RS87,64.0333,81.9167,,,89.0
4,"Satka, Chelyabinskaya Oblast', Russia",RS13,55.0425,59.04,2311.0,0.8011180663193308,74.0
4,"Krupskaya, Krasnodarskiy Kray, Russia",RS38,45.6988,39.9749,,,23.0
4,"Asov, Permskiy Kray, Russia",RS90,57.5137,57.6677,,,59.0
4,"Amanat, Krasnodarskiy Kray, Russia",RS38,44.8731,37.7924,,,23.0
4,"Mironovskaya, Taymyrskiy (Dolgano-Nenetskiy) Avtonomnyy Okrug, Russia",RS74,71.9167,82.5833,,,24.0
4,"Kanevskaya, Krasnodarskiy Kray, Russia",RS38,46.0849,38.9596,640.0,0.9717890256125354,23.0
4,"Pridne-Provskaya, Smolenskaya Oblast', Russia",RS69,54.7494,32.4995,,,67.0
4,"Slavyanskaya, Krasnodarskiy Kray, Russia",RS38,45.2558,38.1256,656.0,1.4722522227586528,23.0
4,"Vasyuki, Smolenskaya Oblast', Russia",RS69,55.5528,31.3305,,,67.0
4,"Dneprovskaya, Krasnodarskiy Kray, Russia",RS38,45.6236,38.8081,,,23.0
4,"Nagoryany, Kirovskaya Oblast', Russia",RS33,58.6833,49.7667,,,43.0
4,"Suprun, Rostovskaya Oblast', Russia",RS61,46.7589,41.3819,,,61.0
4,"Kuleshov, Belgorodskaya Oblast', Russia",RS09,50.5389,38.9605,,,31.0
4,"Moyka, Leningradskaya Oblast', Russia",RS42,59.8167,30.95,,,47.0
4,"Kizlyar, Dagestan, Russia",RS17,43.8471,46.7144,114.0,0.8428784561824539,5.0
4,"Pervomayskoye, Chechnya And Ingushetiya, Russia",RSCI,43.0881,44.9875,,,20.0
4,"Pontonnyy, Sankt-Peterburg, Russia",RS66,59.7867,30.6153,,,47.0
4,"Vilyuchinsk, 92, Russia",RS92,52.9306,158.403,609.0,0.21056768259931916,41.0
4,"Lomakino, Kaluzhskaya Oblast', Russia",RS25,54.3977,35.5508,,,40.0
4,"Rovna, Novgorodskaya Oblast', Russia",RS52,57.5667,31.05,,,53.0
4,"Jegu, Amurskaya Oblast', Russia",RS05,56.05,121.617,,,28.0
4,"Pushka, Arkhangel'skaya Oblast', Russia",RS06,64.8167,36.5667,,,29.0
4,"Nagorniy, Sakha (Yakutiya), Russia",RS63,55.9667,124.95,,,14.0
4,"Baykal, Primorskiy Kray, Russia",RS59,44.235,131.357,,,25.0
4,"Vorobyev, Astrakhanskaya Oblast', Russia",RS07,48.3,45.2,,,30.0
4,"Verkhniye Tatyshly, Bashkortostan, Russia",RS08,56.2912,55.8575,74.0,0.15429998560773378,2.0
4,"Tunya, Mariy-El, Russia",RS45,56.8594,48.8788,,,12.0
4,"Perekop, Ryazanskaya Oblast', Russia",RS62,54.0498,41.6837,,,62.0
4,"Koksa, Khakasiya, Russia",RS31,54.2008,91.4,,,19.0
4,"Nizhneye, Pskovskaya Oblast', Russia",RS60,56.488,28.8892,,,60.0
4,"Sredneye, Magadanskaya Oblast', Russia",RS44,59.2,153.4,,,49.0
4,"Verkhneye, Arkhangel'skaya Oblast', Russia",RS06,63.7959,41.509,,,29.0
4,"Poperechnoye, Altayskiy Kray, Russia",RS04,53.5667,80.7833,,,22.0
4,"Shumy, Chuvashiya, Russia",RS16,54.7474,46.9872,,,21.0
4,"Sivuk, Khabarovskiy Kray, Russia",RS30,53.75,140.233,,,27.0
4,"Vandan, Khabarovskiy Kray, Russia",RS30,48.984,135.091,,,27.0
4,"Kema, Vologodskaya Oblast', Russia",RS85,59.8054,37.7089,,,35.0
4,"Sladkov, Orenburgskaya Oblast', Russia",RS55,51.6277,53.4803,,,56.0
4,"Palatki, Mariy-El, Russia",RS45,56.1675,48.7436,,,12.0
4,"Oska, Permskiy Kray, Russia",RS90,60.7466,53.9245,,,59.0
4,"Chkalovsk, Nizhegorodskaya Oblast', Russia",RS51,56.7678,43.2514,1536.0,0.5874784605778494,52.0
4,"Vasilevo, Tverskaya Oblast', Russia",RS77,57.3333,38.05,,,69.0
4,"Stalinsk, Bashkortostan, Russia",RS08,54.7718,56.5416,,,2.0
4,"Bolgar, Tatarstan, Russia",RS73,55.4125,51.6069,,,16.0
4,"Molotovsk, Kirovskaya Oblast', Russia",RS33,57.5596,49.9363,,,43.0
4,"Kainsk, Novosibirskaya Oblast', Russia",RS53,55.4475,78.3218,,,54.0
4,"Molotovo, Voronezhskaya Oblast', Russia",RS86,51.4336,39.2351,,,36.0
4,"Lenino, Tverskaya Oblast', Russia",RS77,57.2333,33.9833,,,69.0
4,"Stalinogorsk, Tul'skaya Oblast', Russia",RS76,54.0105,38.2846,,,71.0
4,"Tsaritsyn, Volgogradskaya Oblast', Russia",RS84,48.8047,44.5858,,,34.0
4,"Leninogorsk, Tatarstan, Russia",RS73,54.6026,52.4609,380.0,0.96751403826904,16.0
4,"Nolinsk, Kirovskaya Oblast', Russia",RS33,57.5596,49.9363,1284.0,0.13709999001865902,43.0
4,"Valaam, Kareliya, Russia",RS28,61.3833,30.95,,,10.0
4,"Dadar, Sakha (Yakutiya), Russia",RS63,62.9167,134.3,,,14.0
4,"Puli, Khabarovskiy Kray, Russia",RS30,52.3167,140.467,,,27.0
4,"Torzhok, Tverskaya Oblast', Russia",RS77,57.0436,34.9622,2108.0,0.8047143466630223,69.0
4,"Idritsa, Pskovskaya Oblast', Russia",RS60,56.3316,28.8988,,,60.0
4,"Bashkiriya, Bashkortostan, Russia",RS08,54.0,56.0,,,2.0
4,"Yuryeva, Orlovskaya Oblast', Russia",RS56,53.151,35.2393,,,57.0
4,"Kyzyl, Tyva, Russia",RS79,51.7,94.45,399.0,2.527215807835806,17.0
4,"Zolotarevka, Smolenskaya Oblast', Russia",RS69,55.193,34.2046,,,67.0
4,"Zmievka, Orlovskaya Oblast', Russia",RS56,52.667,36.3743,1728.0,0.6977750915753865,57.0
4,"Novoselovka, Belgorodskaya Oblast', Russia",RS09,50.9469,38.0744,,,31.0
4,"Guryanov, Krasnoyarskiy Kray, Russia",RS39,54.7028,95.5002,,,24.0
4,"Malkova, Bashkortostan, Russia",RS08,54.598,56.8767,,,2.0
4,"Khatuni, Checheno-Ingushskaya Avtonomnaya Sovetskaya Sotsialistichesk, Russia",RS12,42.983,45.9355,,,20.0
4,"Parka, Khanty-Mansiyskiy Avtonomnyy Okrug, Russia",RS32,60.5817,72.7929,,,86.0
4,"Nagornyi, Sakha (Yakutiya), Russia",RS63,55.9667,124.95,,,14.0
4,"Linava, Pskovskaya Oblast', Russia",RS60,57.2535,27.9783,,,60.0
4,"Shekhman, Tambovskaya Oblast', Russia",RS72,52.5152,40.4608,,,68.0
4,"Makushin, Krasnodarskiy Kray, Russia",RS38,46.4333,39.9667,,,23.0
4,"Panova, Tyumenskaya Oblast', Russia",RS78,58.5675,68.4322,,,72.0
4,"Ponoi, Murmanskaya Oblast', Russia",RS49,67.0744,41.1244,,,51.0
4,"Metallurg, Udmurtiya, Russia",RS80,56.8786,53.1778,,,18.0
4,"Lipno, Novgorodskaya Oblast', Russia",RS52,57.7,31.5833,,,53.0
4,"Uspenskiy, Amurskaya Oblast', Russia",RS05,49.6954,129.225,,,28.0
4,"Olenka, Sverdlovskaya Oblast', Russia",RS71,56.3,58.6333,,,66.0
4,"Zaluzhnyy, Arkhangel'skaya Oblast', Russia",RS06,62.7345,46.8438,,,29.0
4,"Peter The Great Bay, Primorskiy Kray, Russia",RS59,42.7669,131.916,,,25.0
4,"Sikhote Alin, Russia (General), Russia",RS00,48.0,138.0,,,91.0
4,"Popov Island, Kareliya, Russia",RS28,65.0094,34.8097,,,10.0
4,"Ugra, Kaluzhskaya Oblast', Russia",RS25,54.5054,36.0906,,,40.0
4,"Karben, Kaliningradskaya Oblast', Russia",RS23,54.4694,19.8964,,,39.0
4,"Krivoy, Bryanskaya Oblast', Russia",RS10,52.9319,33.8072,,,32.0
4,"Gamsutl, Dagestan, Russia",RS17,42.3023,46.9954,,,5.0
4,"Tsukanov, Kurskaya Oblast', Russia",RS41,51.769,34.6237,,,46.0
4,"Bochi, Altay, Russia",RS03,50.742,85.8198,,,4.0
4,"Arik, Kabardino-Balkariya, Russia",RS22,43.5802,44.1195,,,7.0
4,"Horo, Sakhalinskaya Oblast', Russia",RS64,47.7578,142.534,,,65.0
4,"Burevestnik, Nizhegorodskaya Oblast', Russia",RS51,55.4144,43.9536,,,52.0
4,"Serebryanskoye, Novosibirskaya Oblast', Russia",RS53,54.8747,80.6975,,,54.0
4,"Layka, Kirovskaya Oblast', Russia",RS33,57.246,48.0774,,,43.0
4,"Lisichka, Stavropol'skiy Kray, Russia",RS70,45.1781,42.4617,,,26.0
4,"Bereznyak, Tul'skaya Oblast', Russia",RS76,53.4525,38.6019,,,71.0
4,"Purtov, Zabaykal'skiy Kray, Russia",RS93,53.898,120.948,,,75.0
4,"Sanchi, Dagestan, Russia",RS17,42.1324,47.8224,,,5.0
4,"Lomakovka, Bryanskaya Oblast', Russia",RS10,52.3004,32.6569,,,32.0
4,"Tikhonova, Sverdlovskaya Oblast', Russia",RS71,57.5476,63.4711,,,66.0
4,"Krasnaya, Primorskiy Kray, Russia",RS59,45.7833,134.0,,,25.0
4,"Bakur, Komi, Russia",RS34,65.0434,53.853,,,11.0
4,"Kupriyanov, Rostovskaya Oblast', Russia",RS61,46.9928,43.5453,,,61.0
4,"Tavriya, Lipetskaya Oblast', Russia",RS43,52.805,39.0257,,,48.0
4,"Chitose, Sakhalinskaya Oblast', Russia",RS64,46.6982,142.743,,,65.0
4,"Kalenkov, Chechnya And Ingushetiya, Russia",RSCI,43.7533,45.4442,,,20.0
4,"Karlovka, Krasnoyarskiy Kray, Russia",RS39,56.2193,90.5518,,,24.0
4,"Kotlyarovka, Altayskiy Kray, Russia",RS04,52.1118,81.8508,,,22.0
4,"Serebryanka, Novosibirskaya Oblast', Russia",RS53,54.8747,80.6975,,,54.0
4,"Vorsha, Vladimirskaya Oblast', Russia",RS83,56.0491,40.0797,,,33.0
4,"Berezov, Rostovskaya Oblast', Russia",RS61,48.4871,40.3122,,,61.0
4,"Pelym, Permskiy Kray, Russia",RS90,59.728,54.3662,,,59.0
4,"Utyos, Magadanskaya Oblast', Russia",RS44,63.9167,157.383,,,49.0
4,"Katav, Russia (General), Russia",RS00,54.9028,58.1267,2301.0,17.35923223808076,91.0
4,"Streltsy, Lipetskaya Oblast', Russia",RS43,52.4109,38.2193,,,48.0
4,"Mariinsk, Altay, Russia",RS03,51.4043,84.9642,,,4.0
4,"Moneron Island, Sakhalinskaya Oblast', Russia",RS64,46.2528,141.237,,,65.0
4,"Kluchi, 92, Russia",RS92,56.3,160.85,,,41.0
4,"Hirvas, Kareliya, Russia",RS28,62.4667,33.6667,,,10.0
4,"Tolbachik, 92, Russia",RS92,55.6333,159.883,,,41.0
4,"Moneron, Sakhalinskaya Oblast', Russia",RS64,46.2833,141.217,,,65.0
4,"Nizhnyaya Pavlovka, Lipetskaya Oblast', Russia",RS43,53.465,39.0272,,,48.0
4,"White Mountains, Krasnoyarskiy Kray, Russia",RS39,55.75,92.0,,,24.0
4,"Birzha, Arkhangel'skaya Oblast', Russia",RS06,62.8792,40.6757,,,29.0
4,"Karatayka, Nenetskiy Avtonomnyy Okrug, Russia",RS50,68.8167,61.2167,,,83.0
4,"Bird In, Samarskaya Oblast', Russia",RS65,52.5667,50.5,,,63.0
4,"Naryn, Tyva, Russia",RS79,50.1991,95.5693,,,17.0
4,"Sukhona, Arkhangel'skaya Oblast', Russia",RS06,62.4237,40.5835,,,29.0
4,"Shevchenkovo, Voronezhskaya Oblast', Russia",RS86,49.85,39.7833,,,36.0
4,"As Best, Sverdlovskaya Oblast', Russia",RS71,56.4746,60.5226,,,66.0
4,"Yevropeyskaya, Permskiy Kray, Russia",RS90,58.4581,59.2708,,,59.0
5,"Astrakhan Oblast, Astrakhanskaya Oblast', Russia",RS07,47.0,48.0,,,30.0
4,"Eastern Range, Sakhalinskaya Oblast', Russia",RS64,54.2428,142.8,,,65.0
4,"Novator, Krasnodarskiy Kray, Russia",RS38,46.5669,38.1929,,,23.0
4,"Naryan-Mar, Nenetskiy Avtonomnyy Okrug, Russia",RS50,67.6418,53.0431,916.0,1.579688131081577,83.0
4,"Amsar, Dagestan, Russia",RS17,41.6035,47.3312,,,5.0
4,"Kalila, Leningradskaya Oblast', Russia",RS42,60.349,29.1169,,,47.0
4,"Krep, Volgogradskaya Oblast', Russia",RS84,48.3631,43.685,,,34.0
4,"Hytti, Leningradskaya Oblast', Russia",RS42,60.3167,28.6667,,,47.0
4,"Krymskoye, Moskovskaya Oblast', Russia",RS47,55.5611,36.5111,,,50.0
4,"Minusinsk Basin, Russia (General), Russia",RS00,53.5,92.0,,,91.0
4,"Zhukovskiy, Moskovskaya Oblast', Russia",RS47,55.5953,38.1203,1448.0,0.22105742921305555,50.0
4,"Shapovalov, Volgogradskaya Oblast', Russia",RS84,49.7667,45.8,,,34.0
5,"Omsk Oblast, Omskaya Oblast', Russia",RS54,56.0,73.0,,,55.0
4,"Cheremushki, Kostromskaya Oblast', Russia",RS37,58.4833,41.5333,,,44.0
4,"Konakovskaya, Kirovskaya Oblast', Russia",RS33,58.5815,52.4565,,,43.0
4,"Nevinnomysskaya, Stavropol'skiy Kray, Russia",RS70,44.6333,41.9444,820.0,1.001873036739926,26.0
4,"Chizha, Nenetskiy Avtonomnyy Okrug, Russia",RS50,67.0922,44.3465,,,83.0
4,"Kerik, Amurskaya Oblast', Russia",RS05,53.9167,125.2,,,28.0
4,"Novobayramgulovo, Bashkortostan, Russia",RS08,54.1002,59.041,,,2.0
4,"Karak, Bashkortostan, Russia",RS08,52.504,56.5519,,,2.0
4,"Dark In, Karachayevo-Cherkesiya, Russia",RS27,44.1083,42.1519,,,9.0
4,"Boldyrev, Astrakhanskaya Oblast', Russia",RS07,46.3507,48.574,,,30.0
4,"Torby, Tverskaya Oblast', Russia",RS77,57.7811,36.1019,,,69.0
4,"Anisimova, Vologodskaya Oblast', Russia",RS85,59.1746,35.1275,,,35.0
4,"Trubezh, Kurskaya Oblast', Russia",RS41,51.1991,36.2103,,,46.0
4,"Chape, Sakha (Yakutiya), Russia",RS63,71.0333,137.983,,,14.0
4,"Emita, Dagestan, Russia",RS17,42.6856,46.503,,,5.0
4,"Striga, Vologodskaya Oblast', Russia",RS85,60.7952,46.3384,,,35.0
4,"Kamenskoye, Irkutskaya Oblast', Russia",RS20,53.1669,103.371,,,38.0
4,"Kawaminami, Sakhalinskaya Oblast', Russia",RS64,47.3167,142.633,,,65.0
4,"Manya, Khanty-Mansiyskiy Avtonomnyy Okrug, Russia",RS32,62.3231,60.1525,,,86.0
4,"Litovsk, Bryanskaya Oblast', Russia",RS10,52.6283,32.5156,,,32.0
4,"Okuneva, Permskiy Kray, Russia",RS90,57.6167,58.4833,,,59.0
4,"Kempendyay, Sakha (Yakutiya), Russia",RS63,62.0339,118.646,,,14.0
4,"Ussuriysk, Primorskiy Kray, Russia",RS59,43.8059,131.975,785.0,2.0763306691180623,25.0
4,"Kraskino, Primorskiy Kray, Russia",RS59,42.7113,130.781,,,25.0
4,"Poltavka, Primorskiy Kray, Russia",RS59,44.0261,131.328,,,25.0
4,"Lolim, Komi, Russia",RS34,61.6869,57.2583,,,11.0
4,"Pervomaiskiy, Lipetskaya Oblast', Russia",RS43,52.2173,39.3952,,,48.0
4,"Inko, Dagestan, Russia",RS17,43.7222,47.0351,,,5.0
4,"Amga, Sakha (Yakutiya), Russia",RS63,60.8953,131.961,314.0,1.0335958563137775,14.0
4,"Zhilinda, Sakha (Yakutiya), Russia",RS63,70.1333,114.0,,,14.0
4,"Belaya Gora, Sakha (Yakutiya), Russia",RS63,68.5333,146.417,311.0,9.356062451199074,14.0
4,"Zhigansk, Sakha (Yakutiya), Russia",RS63,66.7697,123.371,322.0,0.47148362782194336,14.0
4,"Batagai-Alyta, Sakha (Yakutiya), Russia",RS63,67.8006,130.411,344.0,0.354325261618258,14.0
4,"Eyik, Sakha (Yakutiya), Russia",RS63,66.0333,117.4,,,14.0
4,"Namtsy, Sakha (Yakutiya), Russia",RS63,62.7161,129.666,329.0,0.2528444524606379,14.0
4,"Kyusyur, Sakha (Yakutiya), Russia",RS63,70.6867,127.376,,,14.0
4,"Churapcha, Sakha (Yakutiya), Russia",RS63,62.0025,132.432,343.0,0.47447751727186116,14.0
4,"Vereshchagin, Volgogradskaya Oblast', Russia",RS84,50.65,44.5667,,,34.0
4,"Banki, Tatarstan, Russia",RS73,54.9692,53.1566,,,16.0
4,"Butyrka, Irkutskaya Oblast', Russia",RS20,54.35,101.767,,,38.0
4,"Tuskul, Altay, Russia",RS03,50.9,87.6667,,,4.0
4,"Luki, Rostovskaya Oblast', Russia",RS61,48.9046,40.6811,,,61.0
4,"Kalinnik, Orlovskaya Oblast', Russia",RS56,52.6335,36.119,,,57.0
4,"Popasnaya, Belgorodskaya Oblast', Russia",RS09,50.8201,38.074,,,31.0
4,"Kineshma, Ivanovskaya Oblast', Russia",RS21,57.4391,42.1289,1109.0,2.419845589819733,37.0
4,"Saya San, Checheno-Ingushskaya Avtonomnaya Sovetskaya Sotsialistichesk, Russia",RS12,43.0637,46.2823,,,20.0
4,"Ussuri, Primorskiy Kray, Russia",RS59,45.4794,133.424,,,25.0
4,"Yezhov, Saratovskaya Oblast', Russia",RS67,51.7441,42.9899,,,64.0
4,"Okruzhnaya, Moskva, Russia",RS48,55.85,37.5833,,,50.0
4,"Kapustin Yar, Astrakhanskaya Oblast', Russia",RS07,48.5818,45.7448,,,30.0
4,"Plakha, Bryanskaya Oblast', Russia",RS10,53.1467,33.0264,,,32.0
4,"Dimitrovgrad, Ul'yanovskaya Oblast', Russia",RS81,54.25,49.55,2252.0,4.9223183018177075,73.0
4,"Satat, Severnaya Osetiya-Alaniya, Russia",RS68,42.6872,43.9409,,,15.0
4,"Korni, Pskovskaya Oblast', Russia",RS60,56.5582,28.6639,,,60.0
4,"Osva, Smolenskaya Oblast', Russia",RS69,53.7761,32.3665,,,67.0
4,"Lazarevskoye, Krasnodarskiy Kray, Russia",RS38,43.9089,39.3314,,,23.0
4,"Vepr, Tverskaya Oblast', Russia",RS77,57.7361,37.3417,,,69.0
4,"Khatyrka, Chukotskiy Avtonomnyy Okrug, Russia",RS15,62.05,175.25,,,87.0
4,"Magdagachi, Amurskaya Oblast', Russia",RS05,53.45,125.8,878.0,0.2553867272518239,28.0
4,"Krasilnikov, Rostovskaya Oblast', Russia",RS61,47.6833,39.5822,,,61.0
4,"Malata, Vologodskaya Oblast', Russia",RS85,59.0523,37.9896,,,35.0
4,"Anadyrsk, Chukotskiy Avtonomnyy Okrug, Russia",RS15,64.75,177.483,2348.0,2.312337253700566,87.0
4,"Nagatino, Moskva, Russia",RS48,55.6833,37.6833,,,50.0
4,"Novaya, Smolenskaya Oblast', Russia",RS69,55.5209,34.0264,,,67.0
4,"Kosolapova, Permskiy Kray, Russia",RS90,59.7981,56.7953,,,59.0
4,"Novotroitsk, Orenburgskaya Oblast', Russia",RS55,51.203,58.3267,1672.0,2.0968832202066827,56.0
4,"Morskoy, Volgogradskaya Oblast', Russia",RS84,48.0928,42.5909,,,34.0
4,"Filippovka, Primorskiy Kray, Russia",RS59,43.2382,131.534,,,25.0
4,"Kungur, Permskiy Kray, Russia",RS90,58.0563,54.9854,,,59.0
4,"Bulatov, Saratovskaya Oblast', Russia",RS67,51.4833,45.05,,,64.0
4,"Okunevo, Krasnoyarskiy Kray, Russia",RS39,56.5796,90.0534,,,24.0
4,"Gury, Udmurtiya, Russia",RS80,57.284,51.405,,,18.0
4,"Severnaya Zemlya, Taymyrskiy (Dolgano-Nenetskiy) Avtonomnyy Okrug, Russia",RS74,79.5,98.0,,,24.0
4,"Shumilikha, Altayskiy Kray, Russia",RS04,53.1207,81.9429,,,22.0
4,"Davsha, Buryatiya, Russia",RS11,54.3333,109.517,,,3.0
4,"Sosnovka, Tambovskaya Oblast', Russia",RS72,53.2359,41.3686,2095.0,0.4132568923810927,68.0
4,"Golya, Astrakhanskaya Oblast', Russia",RS07,47.6042,46.7381,,,30.0
4,"Vagonka, Sverdlovskaya Oblast', Russia",RS71,57.9213,60.1455,,,66.0
4,"Gorshkova, Moskovskaya Oblast', Russia",RS47,55.3821,38.9402,,,50.0
4,"Kudepsta, Krasnodarskiy Kray, Russia",RS38,43.4955,39.8929,,,23.0
4,"South Port, Moskva, Russia",RS48,55.6875,37.7006,,,50.0
4,"Izhevsk, Udmurtiya, Russia",RS80,56.8498,53.2045,418.0,1.2607866288896576,18.0
4,"Dubravka, Belgorodskaya Oblast', Russia",RS09,51.1731,37.5701,,,31.0
4,"Peski, Tverskaya Oblast', Russia",RS77,56.2322,32.0103,,,69.0
4,"Krasnopolye, Primorskiy Kray, Russia",RS59,43.1494,133.246,,,25.0
4,"Fontanka, Sakhalinskaya Oblast', Russia",RS64,49.4556,154.703,,,65.0
4,"Kamenny, Zabaykal'skiy Kray, Russia",RS93,56.5833,115.533,,,75.0
4,"Molchanova, Tomskaya Oblast', Russia",RS75,56.2578,84.095,,,70.0
4,"Moma Mountains, Russia (General), Russia",RS00,66.0,146.0,,,91.0
4,"Kulan, Zabaykal'skiy Kray, Russia",RS93,52.3993,117.355,,,75.0
4,"Tyurina, Rsja, Russia",RSJA,43.9083,145.683,,,65.0
4,"Myla, Komi, Russia",RS34,65.423,50.8783,,,11.0
4,"Kamay, Permskiy Kray, Russia",RS90,57.3494,57.1418,,,59.0
4,"Syda, Krasnoyarskiy Kray, Russia",RS39,54.3667,91.5167,,,24.0
4,"Khatyn, Chukotskiy Avtonomnyy Okrug, Russia",RS15,61.9667,175.017,,,87.0
5,"Vologda Oblast, Vologodskaya Oblast', Russia",RS85,60.0,42.0,,,35.0
4,"Somina, Novgorodskaya Oblast', Russia",RS52,58.9667,34.1167,,,53.0
4,"Taimyr Peninsula, Taymyrskiy (Dolgano-Nenetskiy) Avtonomnyy Okrug, Russia",RS74,76.0,104.0,,,24.0
4,"Sarov, Nizhegorodskaya Oblast', Russia",RS51,54.9358,43.3235,1531.0,0.8391394644224509,52.0
4,"Bestuzhev, Buryatiya, Russia",RS11,51.2833,106.5,,,3.0
4,"Nemu, Irkutskaya Oblast', Russia",RS20,59.8333,105.333,,,38.0
4,"Kazanka, Krasnoyarskiy Kray, Russia",RS39,56.4331,89.9836,,,24.0
4,"Arkhipov, Rostovskaya Oblast', Russia",RS61,48.5961,40.4523,,,61.0
4,"Rassokha, Taymyrskiy (Dolgano-Nenetskiy) Avtonomnyy Okrug, Russia",RS74,71.2,96.6,,,24.0
4,"Konstantinovski, Khabarovskiy Kray, Russia",RS30,49.0333,140.25,,,27.0
4,"Alabay, Orenburgskaya Oblast', Russia",RS55,50.7667,59.5667,,,56.0
4,"Kopal, Bryanskaya Oblast', Russia",RS10,53.8588,33.7626,,,32.0
4,"Novozybkov, Bryanskaya Oblast', Russia",RS10,52.5396,31.9275,955.0,0.5022708703724826,32.0
4,"Shatov, Khakasiya, Russia",RS31,54.0167,89.6667,,,19.0
5,"Sverdlovskaya Oblast, Sverdlovskaya Oblast', Russia",RS71,58.0,62.0,,,66.0
4,"Onera, Arkhangel'skaya Oblast', Russia",RS06,65.2595,47.5144,,,29.0
4,"Kanga, Tyumenskaya Oblast', Russia",RS78,56.799,66.5293,,,72.0
4,"Poligon, Udmurtiya, Russia",RS80,56.8722,53.1118,,,18.0
4,"Natalina, Vladimirskaya Oblast', Russia",RS83,56.073,40.7371,,,33.0
4,"Piket, Kemerovskaya Oblast', Russia",RS29,53.7384,86.9392,,,42.0
4,"Tongo, Sakha (Yakutiya), Russia",RS63,63.5536,119.897,,,14.0
4,"Butovo, Ivanovskaya Oblast', Russia",RS21,57.1427,40.4401,,,37.0
4,"Belaya Berezka, Krasnoyarskiy Kray, Russia",RS39,55.95,90.65,,,24.0
4,"Razdolinsk, Krasnoyarskiy Kray, Russia",RS39,58.4211,94.6658,,,24.0
4,"Druzhinin, Mariy-El, Russia",RS45,56.537,49.9469,,,12.0
4,"Ramenskoye, Nizhegorodskaya Oblast', Russia",RS51,55.2503,45.0337,,,52.0
4,"Baltym, Sverdlovskaya Oblast', Russia",RS71,56.9968,60.6052,,,66.0
4,"Novoorlovskiy, Orenburgskaya Oblast', Russia",RS55,51.3867,51.3867,,,56.0
4,"Blagodatnoe, Chechnya And Ingushetiya, Russia",RSCI,43.1635,45.4724,,,20.0
4,"Nemina, Kareliya, Russia",RS28,62.5822,35.5828,,,10.0
4,"Vasilek, Bryanskaya Oblast', Russia",RS10,52.2142,34.6814,,,32.0
4,"Suvo, Buryatiya, Russia",RS11,53.65,110.0,,,3.0
4,"Bagrationovsk, Kaliningradskaya Oblast', Russia",RS23,54.3871,20.6437,1183.0,0.20874618078154875,39.0
4,"Gorno Altaysk, Altay, Russia",RS03,51.9561,85.955,10.0,0.6215046722311577,4.0
4,"Elegest, Tyva, Russia",RS79,51.3833,94.0,,,17.0
4,"Rodionov, Rostovskaya Oblast', Russia",RS61,47.2986,41.8244,,,61.0
4,"Kuragino, Tul'skaya Oblast', Russia",RS76,54.5333,37.0,,,71.0
4,"Borzya, Amurskaya Oblast', Russia",RS05,49.3309,129.839,,,28.0
4,"Kyakhta, Irkutskaya Oblast', Russia",RS20,53.3333,103.333,,,38.0
4,"Solovyevsk, Amurskaya Oblast', Russia",RS05,54.2333,124.433,,,28.0
4,"Tashanta, Altay, Russia",RS03,49.7167,89.1833,,,4.0
4,"Beloretsk, Bashkortostan, Russia",RS08,54.5529,56.3217,,,2.0
4,"Abzakovo, Bashkortostan, Russia",RS08,54.5825,59.5532,,,2.0
4,"Shostka, Tverskaya Oblast', Russia",RS77,56.8437,35.3304,,,69.0
4,"Oimekon, Sakha (Yakutiya), Russia",RS63,63.4667,142.817,,,14.0
4,"Respublika, Komi, Russia",RS34,64.7332,57.871,,,11.0
4,"Chistoprudnoye, Kurganskaya Oblast', Russia",RS40,56.0166,63.9217,,,45.0
4,"Blagovest, Bryanskaya Oblast', Russia",RS10,52.4528,34.7539,,,32.0
4,"Dzhalinda, Sakha (Yakutiya), Russia",RS63,70.1333,114.0,,,14.0
4,"Shiryaikha, Permskiy Kray, Russia",RS90,58.083,56.3167,,,59.0
4,"Lyadiny, Tverskaya Oblast', Russia",RS77,57.7734,34.4861,,,69.0
4,"Pogost, Vologodskaya Oblast', Russia",RS85,60.6825,43.7983,,,35.0
4,"Korelka, Nizhegorodskaya Oblast', Russia",RS51,56.8319,44.035,,,52.0
4,"Pinega, Krasnoyarskiy Kray, Russia",RS39,57.8195,93.1667,,,24.0
4,"Kondratyevskaya, Arkhangel'skaya Oblast', Russia",RS06,64.6251,40.9473,,,29.0
4,"Semushinskaya, Arkhangel'skaya Oblast', Russia",RS06,60.9108,43.2565,,,29.0
4,"Maselskaya, Kareliya, Russia",RS28,63.1491,34.3054,,,10.0
4,"Irta, Arkhangel'skaya Oblast', Russia",RS06,62.0862,48.839,,,29.0
4,"Vershina, Irkutskaya Oblast', Russia",RS20,53.5086,102.902,,,38.0
4,"Krasnoborsk, Arkhangel'skaya Oblast', Russia",RS06,61.5598,45.934,904.0,0.3810208995908916,29.0
4,"Kimzha, Arkhangel'skaya Oblast', Russia",RS06,65.5678,44.6082,,,29.0
4,"Kushereka, Arkhangel'skaya Oblast', Russia",RS06,63.8005,37.173,,,29.0
4,"Pukhov, Rostovskaya Oblast', Russia",RS61,48.8915,42.438,,,61.0
4,"Toima, Tatarstan, Russia",RS73,56.0111,52.3932,,,16.0
4,"Kargopol, Arkhangel'skaya Oblast', Russia",RS06,61.5071,38.9456,901.0,0.33975839214692094,29.0
4,"Mezen, Arkhangel'skaya Oblast', Russia",RS06,65.8401,44.2542,907.0,0.6272007739515137,29.0
4,"Tropin, Arkhangel'skaya Oblast', Russia",RS06,65.0186,47.5294,,,29.0
4,"Denisov, Volgogradskaya Oblast', Russia",RS84,50.1926,41.9341,,,34.0
4,"Kovdor, Murmanskaya Oblast', Russia",RS49,67.5662,30.4758,1512.0,0.3576568354105584,51.0
4,"Kalach, Voronezhskaya Oblast', Russia",RS86,50.9911,39.4454,,,36.0
4,"Levashi, Dagestan, Russia",RS17,42.4304,47.3215,138.0,0.14820536646263877,5.0
4,"Prostor, Arkhangel'skaya Oblast', Russia",RS06,61.4778,38.2678,,,29.0
4,"Deng Of, Saratovskaya Oblast', Russia",RS67,51.0047,45.4702,,,64.0
4,"Shesh, Komi, Russia",RS34,63.9295,47.3755,,,11.0
4,"Monakhov, Saratovskaya Oblast', Russia",RS67,50.274,48.5407,,,64.0
4,"Verkhnyaya Pyshma, Sverdlovskaya Oblast', Russia",RS71,56.9705,60.5822,1979.0,0.548999058737522,66.0
4,"Kargi, Sverdlovskaya Oblast', Russia",RS71,56.6215,58.2622,,,66.0
4,"Rozhdestvo, Lipetskaya Oblast', Russia",RS43,52.9117,38.9367,,,48.0
4,"Bolshaya Igra, Udmurtiya, Russia",RS80,57.6864,52.5677,,,18.0
4,"Sayan Mountains, Russia (General), Russia",RS00,52.75,96.0,,,91.0
4,"Novodmitrovka, Orlovskaya Oblast', Russia",RS56,52.8487,36.3078,,,57.0
4,"Orlovka, Voronezhskaya Oblast', Russia",RS86,51.6064,39.0052,,,36.0
4,"Vasilyevka, Altayskiy Kray, Russia",RS04,53.2142,84.6656,,,22.0
4,"Ariya, Sverdlovskaya Oblast', Russia",RS71,60.1819,61.3206,,,66.0
4,"Ryaba, Kirovskaya Oblast', Russia",RS33,58.0949,51.768,,,43.0
4,"Berenta, Khabarovskiy Kray, Russia",RS30,50.3835,137.108,,,27.0
4,"Kasatkina, Permskiy Kray, Russia",RS90,59.2463,54.1337,,,59.0
4,"Klyastitsy, Pskovskaya Oblast', Russia",RS60,55.8,29.45,,,60.0
4,"Polotsk, Chelyabinskaya Oblast', Russia",RS13,52.7686,59.7103,,,74.0
4,"Palki, Pskovskaya Oblast', Russia",RS60,56.218,30.241,,,60.0
4,"Shanin, Voronezhskaya Oblast', Russia",RS86,51.6811,40.7794,,,36.0
4,"Uglich, Yaroslavskaya Oblast', Russia",RS88,57.5275,38.3317,2336.0,1.4991959507049002,76.0
4,"Kanly, Bashkortostan, Russia",RS08,55.1147,55.5428,,,2.0
4,"Volodarskiy, Permskiy Kray, Russia",RS90,59.0667,57.6333,,,59.0
4,"Rogachevo, Vologodskaya Oblast', Russia",RS85,59.8185,38.051,,,35.0
4,"Cape Schmidt, Chukotskiy Avtonomnyy Okrug, Russia",RS15,68.9333,-179.45,,,87.0
4,"Plyushchikha, Ivanovskaya Oblast', Russia",RS21,57.2734,42.9848,,,37.0
4,"Agronom, Krasnodarskiy Kray, Russia",RS38,45.1387,39.1939,,,23.0
4,"Uyut, Tatarstan, Russia",RS73,55.9505,50.2876,,,16.0
4,"Kandaki, Kirovskaya Oblast', Russia",RS33,56.7228,50.146,,,43.0
4,"Kipti, Bryanskaya Oblast', Russia",RS10,53.1132,32.9544,,,32.0
4,"Seminovo, Ivanovskaya Oblast', Russia",RS21,56.9126,41.3446,,,37.0
4,"Internat, Tatarstan, Russia",RS73,55.3632,50.6922,,,16.0
4,"Burov, Volgogradskaya Oblast', Russia",RS84,50.0243,43.5597,,,34.0
4,"Chumakov, Stavropol'skiy Kray, Russia",RS70,44.5892,43.1206,,,26.0
4,"Istra, Smolenskaya Oblast', Russia",RS69,55.1661,35.2583,,,67.0
4,"Neryungri, Sakha (Yakutiya), Russia",RS63,56.6709,124.649,330.0,4.127858334710413,14.0
4,"Khingan, Yevreyskaya Avtonomnaya Oblast', Russia",RS89,48.2167,130.783,,,79.0
4,"Kyzylbulak, Chelyabinskaya Oblast', Russia",RS13,55.6149,60.8886,,,74.0
4,"Myslovo, Leningradskaya Oblast', Russia",RS42,59.5,32.05,,,47.0
4,"Karpunin, Volgogradskaya Oblast', Russia",RS84,50.1072,45.3206,,,34.0
4,"Viski, Sakha (Yakutiya), Russia",RS63,59.4667,112.567,,,14.0
4,"Pitomnik, Volgogradskaya Oblast', Russia",RS84,48.15,42.672,,,34.0
4,"Krasny Oktyabr, Belgorodskaya Oblast', Russia",RS09,51.0335,36.5335,,,31.0
4,"Shumkova, Permskiy Kray, Russia",RS90,59.2833,55.2833,,,59.0
4,"Georgievsk, Stavropol'skiy Kray, Russia",RS70,44.1519,43.4697,811.0,0.5706800824600787,26.0
4,"Podz, Komi, Russia",RS34,60.67,50.3566,,,11.0
4,"Burya, Irkutskaya Oblast', Russia",RS20,54.274,102.3,,,38.0
4,"Pioner, Amurskaya Oblast', Russia",RS05,54.5,128.7,,,28.0
4,"Noviy, Kaliningradskaya Oblast', Russia",RS23,54.4459,21.4768,,,39.0
4,"Bakalskaya, Kurganskaya Oblast', Russia",RS40,56.0663,63.6786,,,45.0
4,"Shkolny, Krasnodarskiy Kray, Russia",RS38,45.6,38.4833,,,23.0
4,"Novoozernoye, Altayskiy Kray, Russia",RS04,53.4768,85.6143,,,22.0
4,"Nyama, Khabarovskiy Kray, Russia",RS30,59.5,145.161,,,27.0
4,"Tolmachevo, Irkutskaya Oblast', Russia",RS20,54.1,105.533,,,38.0
4,"Korcha, Orenburgskaya Oblast', Russia",RS55,52.8981,54.0741,,,56.0
4,"Izvarino, Tul'skaya Oblast', Russia",RS76,54.5131,38.1699,,,71.0
4,"Yuva, Sverdlovskaya Oblast', Russia",RS71,56.4368,57.9478,,,66.0
4,"Bolga, Vladimirskaya Oblast', Russia",RS83,55.8874,39.236,,,33.0
4,"Kirova, Orenburgskaya Oblast', Russia",RS55,52.1528,59.6186,,,56.0
4,"Burilka, Chelyabinskaya Oblast', Russia",RS13,55.0667,59.3167,,,74.0
4,"Shinka, Saratovskaya Oblast', Russia",RS67,51.9136,44.4716,,,64.0
4,"Vaygach, Nenetskiy Avtonomnyy Okrug, Russia",RS50,70.3939,58.7892,,,83.0
4,"Ki-Sun, 92, Russia",RS92,55.8778,155.678,,,41.0
4,"Tikhaya Bay, Arkhangel'skaya Oblast', Russia",RS06,80.3345,52.7399,,,29.0
4,"Seleznev, Rostovskaya Oblast', Russia",RS61,47.6252,38.5046,,,61.0
4,"Zorka, Lipetskaya Oblast', Russia",RS43,53.4624,39.0839,,,48.0
4,"Shkryabin, Bryanskaya Oblast', Russia",RS10,52.5935,32.6551,,,32.0
4,"Dubovoye, Kirovskaya Oblast', Russia",RS33,57.7912,48.5802,,,43.0
4,"Litvinova, Bryanskaya Oblast', Russia",RS10,53.8855,33.3131,,,32.0
4,"Kudu, Zabaykal'skiy Kray, Russia",RS93,54.3898,120.533,,,75.0
4,"Popkov, Volgogradskaya Oblast', Russia",RS84,50.1888,44.5009,,,34.0
4,"Fedotova, Permskiy Kray, Russia",RS90,58.0833,55.4667,,,59.0
4,"Brazhnikov, Krasnodarskiy Kray, Russia",RS38,44.7961,39.4639,,,23.0
4,"Kuzmina, Tomskaya Oblast', Russia",RS75,58.9019,81.6417,,,70.0
4,"Tegin, Krasnodarskiy Kray, Russia",RS38,44.1035,41.1971,,,23.0
4,"Irkut, Russia (General), Russia",RS00,52.2953,104.275,1134.0,0.7613821314175112,91.0
4,"Karenga, Irkutskaya Oblast', Russia",RS20,54.4333,105.3,,,38.0
4,"Kalak, Severnaya Osetiya-Alaniya, Russia",RS68,42.6607,43.8298,,,15.0
4,"Limina, Permskiy Kray, Russia",RS90,59.4113,54.6368,,,59.0
4,"Dilma, Zabaykal'skiy Kray, Russia",RS93,54.0056,118.825,,,75.0
4,"Pomorye, Arkhangel'skaya Oblast', Russia",RS06,65.3293,41.1154,,,29.0
4,"Budennovsk, Stavropol'skiy Kray, Russia",RS70,44.7839,44.1658,830.0,0.4211264543061577,26.0
4,"Ravon, Pskovskaya Oblast', Russia",RS60,56.2296,31.3424,,,60.0
4,"Turbina, Permskiy Kray, Russia",RS90,58.1459,56.3136,,,59.0
4,"Krapiva, Tyumenskaya Oblast', Russia",RS78,58.0097,70.034,,,72.0
4,"Sanovo, Smolenskaya Oblast', Russia",RS69,55.505,33.4422,,,67.0
4,"Cheremkhovo, Zabaykal'skiy Kray, Russia",RS93,51.4603,112.729,,,75.0
4,"Pulman, Leningradskaya Oblast', Russia",RS42,59.9011,29.4394,,,47.0
4,"Novitskaya, Primorskiy Kray, Russia",RS59,43.0542,133.171,,,25.0
4,"Okkervil, Sankt-Peterburg, Russia",RS66,59.9344,30.4217,,,47.0
4,"Usyk, Irkutskaya Oblast', Russia",RS20,53.3408,107.722,,,38.0
4,"Kargo, Taymyrskiy (Dolgano-Nenetskiy) Avtonomnyy Okrug, Russia",RS74,71.2,98.0,,,24.0
4,"Sivera, Novgorodskaya Oblast', Russia",RS52,58.5109,32.1291,,,53.0
4,"Trofim, Chukotskiy Avtonomnyy Okrug, Russia",RS15,69.5619,169.171,,,87.0
4,"Tongulakh, Sakha (Yakutiya), Russia",RS63,61.9667,124.5,,,14.0
4,"Novouglyanka, Lipetskaya Oblast', Russia",RS43,52.0175,39.7452,,,48.0
4,"Ashuluk, Astrakhanskaya Oblast', Russia",RS07,47.3178,47.4007,,,30.0
4,"Kasyan, Khabarovskiy Kray, Russia",RS30,50.2167,133.6,,,27.0
4,"Lidiya, Taymyrskiy (Dolgano-Nenetskiy) Avtonomnyy Okrug, Russia",RS74,74.0975,86.8603,,,24.0
4,"Vagali, Pskovskaya Oblast', Russia",RS60,57.0687,28.3472,,,60.0
4,"Rusa, Moskovskaya Oblast', Russia",RS47,55.699,36.1952,,,50.0
4,"Rybachiy, Samarskaya Oblast', Russia",RS65,53.0032,49.6367,,,63.0
4,"Kayrakty, Orenburgskaya Oblast', Russia",RS55,50.9695,55.9179,,,56.0
4,"Zolotaya, Orlovskaya Oblast', Russia",RS56,52.4653,36.114,,,57.0
4,"Solodkov, Volgogradskaya Oblast', Russia",RS84,50.85,42.65,,,34.0
4,"Apatit, Buryatiya, Russia",RS11,51.7306,107.375,,,3.0
4,"Tanit, Dagestan, Russia",RS17,42.3061,46.3506,,,5.0
4,"Zharov, Tul'skaya Oblast', Russia",RS76,53.5433,36.4925,,,71.0
4,"Udarnaya, Moskovskaya Oblast', Russia",RS47,56.45,37.4333,,,50.0
4,"Samoilov, Rostovskaya Oblast', Russia",RS61,47.5455,38.6722,,,61.0
4,"Rovnoe, Saratovskaya Oblast', Russia",RS67,50.7765,46.0509,1942.0,0.4715311253446039,64.0
4,"Volkovo, Sankt-Peterburg, Russia",RS66,59.8981,30.3644,,,47.0
4,"Gudkov, Volgogradskaya Oblast', Russia",RS84,49.3169,45.5095,,,34.0
4,"Preobrazhenskoye, Leningradskaya Oblast', Russia",RS42,58.8833,28.4333,,,47.0
4,"Shiga, Bashkortostan, Russia",RS08,53.6501,56.4192,,,2.0
4,"Azarga, Irkutskaya Oblast', Russia",RS20,52.6344,102.338,,,38.0
4,"Kirishi, Leningradskaya Oblast', Russia",RS42,59.4471,32.0205,1399.0,0.6656572122788477,47.0
4,"Klyuch, Sverdlovskaya Oblast', Russia",RS71,56.8032,58.1968,,,66.0
4,"Leninakan, Rostovskaya Oblast', Russia",RS61,47.3083,39.6464,,,61.0
4,"Kolpino, Sankt-Peterburg, Russia",RS66,59.7442,30.5794,,,47.0
4,"Pyatachok, Vologodskaya Oblast', Russia",RS85,59.8612,38.3502,,,35.0
4,"Shlisselburg, Leningradskaya Oblast', Russia",RS42,59.9473,31.0384,,,47.0
4,"Sinyavino, Kaluzhskaya Oblast', Russia",RS25,55.0014,36.0177,,,40.0
4,"Demyansk, Novgorodskaya Oblast', Russia",RS52,57.643,32.466,1580.0,0.10639350937247267,53.0
4,"Lyuban, Leningradskaya Oblast', Russia",RS42,59.35,31.2167,,,47.0
4,"Shugur, Khanty-Mansiyskiy Avtonomnyy Okrug, Russia",RS32,60.2,66.6,,,86.0
4,"Malyutka, Sakha (Yakutiya), Russia",RS63,63.9667,143.4,,,14.0
4,"Gorkovskaya, Komi, Russia",RS34,61.0501,49.9549,,,11.0
4,"Krasnoye Selo, Kalmykiya, Russia",RS24,48.043,45.225,,,8.0
4,"Lukashenki, Pskovskaya Oblast', Russia",RS60,55.6901,30.7754,,,60.0
4,"Zarinsk, Altayskiy Kray, Russia",RS04,53.7074,84.9493,508.0,0.9520800698085092,22.0
4,"Kubanskaya, Krasnodarskiy Kray, Russia",RS38,44.6047,39.7136,,,23.0
4,"Kazachya, Belgorodskaya Oblast', Russia",RS09,50.6207,35.7401,,,31.0
4,"Korenovskaya, Krasnodarskiy Kray, Russia",RS38,45.469,39.4514,641.0,0.6362966309396266,23.0
4,"Pisarevka, Voronezhskaya Oblast', Russia",RS86,50.8356,40.8858,,,36.0
4,"Pochinki, Moskovskaya Oblast', Russia",RS47,55.15,39.15,,,50.0
4,"Izobilnoye, Orenburgskaya Oblast', Russia",RS55,51.0331,54.575,,,56.0
4,"Kamenets-Podolsk, Khabarovskiy Kray, Russia",RS30,47.8323,135.52,,,27.0
4,"Vileyka, Tverskaya Oblast', Russia",RS77,56.926,33.4727,,,69.0
5,"Kareliya, Kareliya, Russia",RS28,64.0,32.5,,,10.0
4,"Reshetnikov, Krasnodarskiy Kray, Russia",RS38,44.7169,39.8467,,,23.0
4,"Vishnya, Permskiy Kray, Russia",RS90,58.4803,55.2902,,,59.0
4,"Buynaksk, Dagestan, Russia",RS17,42.819,47.1192,108.0,0.8199957298310919,5.0
4,"Clair River, Chukotskiy Avtonomnyy Okrug, Russia",RS15,71.0833,177.7,,,87.0
4,"Krasny Borets, Bryanskaya Oblast', Russia",RS10,53.0179,31.981,973.0,25.335031964328444,32.0
4,"Trapeznikova, Chelyabinskaya Oblast', Russia",RS13,56.2167,59.9,,,74.0
4,"Mozhayskiy, Sankt-Peterburg, Russia",RS66,59.6967,30.1175,,,47.0
4,"Abrau-Dyurso, Krasnodarskiy Kray, Russia",RS38,44.6997,37.601,,,23.0
4,"Kodinsk, Krasnoyarskiy Kray, Russia",RS39,58.6881,99.1844,702.0,9.49921703842052,24.0
4,"Ostrovo, Tverskaya Oblast', Russia",RS77,57.0364,36.5139,,,69.0
4,"Vodyany, Rostovskaya Oblast', Russia",RS61,46.7134,39.0239,,,61.0
4,"Strazh, Bryanskaya Oblast', Russia",RS10,52.6613,32.4342,,,32.0
4,"Poboy, Chuvashiya, Russia",RS16,56.0286,47.2096,,,21.0
4,"Ryrkaypiy, Chukotskiy Avtonomnyy Okrug, Russia",RS15,68.9333,-179.433,,,87.0
4,"Novye Aldy, Chechnya And Ingushetiya, Russia",RSCI,43.2663,45.6549,,,20.0
4,"Dobrinskaya, Volgogradskaya Oblast', Russia",RS84,50.823,41.852,,,34.0
4,"Bolshakova, Permskiy Kray, Russia",RS90,60.0203,56.3468,,,59.0
4,"Anik, Sverdlovskaya Oblast', Russia",RS71,57.5947,60.0564,,,66.0
4,"Frunzenskaya, Checheno-Ingushskaya Avtonomnaya Sovetskaya Sotsialistichesk, Russia",RS12,43.6356,45.6637,,,20.0
4,"Zarechye, Tambovskaya Oblast', Russia",RS72,52.8469,41.8902,,,68.0
4,"Rudno, Novgorodskaya Oblast', Russia",RS52,58.1969,34.2222,,,53.0
4,"Kashet, Chechnya And Ingushetiya, Russia",RSCI,42.8233,44.7478,,,20.0
4,"Zeya, Amurskaya Oblast', Russia",RS05,53.75,127.267,875.0,1.1143931085750607,28.0
4,"Komendant, Magadanskaya Oblast', Russia",RS44,59.7333,150.317,,,49.0
4,"Maltan, Sakha (Yakutiya), Russia",RS63,64.1,143.0,,,14.0
4,"Potapova, Krasnoyarskiy Kray, Russia",RS39,58.4342,92.3091,,,24.0
4,"Osipova, Permskiy Kray, Russia",RS90,59.1812,54.7901,,,59.0
4,"Samsonov, Rostovskaya Oblast', Russia",RS61,49.4503,41.0075,,,61.0
4,"Aksai, Volgogradskaya Oblast', Russia",RS84,47.9561,43.9702,,,34.0
4,"Zverev, Rostovskaya Oblast', Russia",RS61,47.8833,40.3833,1796.0,24.93899680975828,61.0
4,"Rossosh, Rostovskaya Oblast', Russia",RS61,48.7627,40.5248,,,61.0
4,"Sukhovo, Ivanovskaya Oblast', Russia",RS21,56.8849,40.1843,,,37.0
4,"Belga, Khabarovskiy Kray, Russia",RS30,50.6338,137.3,,,27.0
4,"Yuryakh, Khabarovskiy Kray, Russia",RS30,59.8653,145.657,,,27.0
4,"Berezhnaya, Arkhangel'skaya Oblast', Russia",RS06,61.6315,40.0987,,,29.0
4,"Snegiri, Pskovskaya Oblast', Russia",RS60,57.2375,28.5016,,,60.0
4,"Vladimir Ka, Omskaya Oblast', Russia",RS54,56.1415,73.6452,,,55.0
4,"Mineralnye, Stavropol'skiy Kray, Russia",RS70,44.2103,43.1353,819.0,0.05536025051093333,26.0
4,"Belokamenka, Murmanskaya Oblast', Russia",RS49,69.0812,33.1776,,,51.0
4,"Zelenodolskoye, Kaliningradskaya Oblast', Russia",RS23,54.46,19.8947,,,39.0
4,"Ordzhonikidzevskoye, Chechnya And Ingushetiya, Russia",RSCI,43.3195,45.0491,,,20.0
4,"Urozhainoye, Sakhalinskaya Oblast', Russia",RS64,47.7,142.017,,,65.0
4,"Vodyanoye, Vladimirskaya Oblast', Russia",RS83,55.8333,42.0,,,33.0
4,"Kerch-Yenikale Strait, Russia (General), Russia",RS00,45.3389,36.6169,249.0,12.842872804677814,91.0
4,"Alkhan, Chechnya And Ingushetiya, Russia",RSCI,42.9688,46.3523,,,20.0
4,"Yauza, Smolenskaya Oblast', Russia",RS69,55.7507,34.799,,,67.0
4,"Akis, Komi, Russia",RS34,65.8386,56.7563,,,11.0
4,"Bolshoye Savino, Tverskaya Oblast', Russia",RS77,57.4321,37.1728,,,69.0
4,"Timirjazevo, Kaliningradskaya Oblast', Russia",RS23,55.0834,21.6107,,,39.0
4,"Babkin, Tul'skaya Oblast', Russia",RS76,53.2036,37.6567,,,71.0
4,"Talay, Khabarovskiy Kray, Russia",RS30,50.6167,131.683,,,27.0
4,"Viipuri, Leningradskaya Oblast', Russia",RS42,60.7076,28.7528,,,47.0
4,"Matroska, Kareliya, Russia",RS28,61.7833,33.8,,,10.0
4,"Chebarkul, Chelyabinskaya Oblast', Russia",RS13,54.9749,60.3633,2316.0,0.5398018021384001,74.0
4,"Grozovoye, Rsja, Russia",RSJA,43.8389,145.406,,,65.0
4,"Tekan, Amurskaya Oblast', Russia",RS05,54.0406,121.786,,,28.0
4,"Dyatlov, Krasnodarskiy Kray, Russia",RS38,44.2695,40.8784,,,23.0
4,"Yushkov, Russia (General), Russia",RS00,59.5783,49.9028,,,91.0
4,"Ostafyevo, Amurskaya Oblast', Russia",RS05,53.6667,122.833,,,28.0
4,"Menil, Udmurtiya, Russia",RS80,57.6352,53.0918,,,18.0
4,"Sofrino, Moskovskaya Oblast', Russia",RS47,56.15,37.9333,,,50.0
4,"Gusar, Chelyabinskaya Oblast', Russia",RS13,54.1306,60.2703,,,74.0
4,"Norenskaya, Arkhangel'skaya Oblast', Russia",RS06,60.9304,40.6501,,,29.0
4,"Studenok, Voronezhskaya Oblast', Russia",RS86,50.6918,39.6525,,,36.0
4,"Gorodki, Permskiy Kray, Russia",RS90,58.2,57.1833,,,59.0
4,"Skachki, Penzenskaya Oblast', Russia",RS57,53.536,44.3887,,,58.0
4,"Orekhovo, Tverskaya Oblast', Russia",RS77,56.583,31.7699,,,69.0
4,"Zhuravlev, Chelyabinskaya Oblast', Russia",RS13,54.4333,61.45,,,74.0
4,"Pogoreltsy, Tverskaya Oblast', Russia",RS77,56.9593,36.1414,,,69.0
4,"Pominovo, Moskovskaya Oblast', Russia",RS47,55.6348,35.6525,,,50.0
4,"Insa, Tatarstan, Russia",RS73,56.0533,49.3292,,,16.0
4,"Berezovskaya, Volgogradskaya Oblast', Russia",RS84,50.2632,43.9842,,,34.0
4,"Smolenskaya, Krasnodarskiy Kray, Russia",RS38,44.7887,38.8018,,,23.0
4,"Surgutskaya, Krasnoyarskiy Kray, Russia",RS39,55.35,91.15,,,24.0
4,"Donguz, Orenburgskaya Oblast', Russia",RS55,51.5167,55.0833,,,56.0
4,"Strana Sovetov, Tverskaya Oblast', Russia",RS77,56.7895,34.1115,,,69.0
4,"Uvarov, Volgogradskaya Oblast', Russia",RS84,50.5667,43.4667,,,34.0
4,"Antonovka, Kaluzhskaya Oblast', Russia",RS25,54.667,37.0601,,,40.0
4,"Yagodnoye, Nizhegorodskaya Oblast', Russia",RS51,55.6262,44.4396,,,52.0
4,"Rabotino, Vologodskaya Oblast', Russia",RS85,59.5267,38.1676,,,35.0
4,"Sukhaya Rechka, Novosibirskaya Oblast', Russia",RS53,55.8167,79.75,,,54.0
4,"Dinskaya, Krasnodarskiy Kray, Russia",RS38,45.2178,39.2283,636.0,0.2801152388974778,23.0
4,"Sherbak, Kirovskaya Oblast', Russia",RS33,57.6635,49.3478,,,43.0
4,"Bolsherechye, Novosibirskaya Oblast', Russia",RS53,56.5662,76.2258,,,54.0
4,"Novoukrainka, Rostovskaya Oblast', Russia",RS61,46.5717,40.8306,,,61.0
4,"Maslennikov, Sverdlovskaya Oblast', Russia",RS71,57.3535,61.4915,,,66.0
4,"Shoshi, Sakhalinskaya Oblast', Russia",RS64,47.5333,141.967,,,65.0
4,"Kargal, Mordoviya, Russia",RS46,53.9719,42.9868,,,13.0
4,"Valday, Kirovskaya Oblast', Russia",RS33,57.1837,48.6939,,,43.0
4,"Yashcherovo, Novgorodskaya Oblast', Russia",RS52,58.025,33.2372,,,53.0
4,"Uzhin, Novgorodskaya Oblast', Russia",RS52,58.1502,31.2527,,,53.0
4,"Khayr, Buryatiya, Russia",RS11,51.7712,101.84,,,3.0
4,"Alenka, Lipetskaya Oblast', Russia",RS43,52.532,38.6872,,,48.0
4,"Dyurso, Krasnodarskiy Kray, Russia",RS38,44.69,37.5677,,,23.0
4,"Nevskaya, Primorskiy Kray, Russia",RS59,45.7247,133.686,,,25.0
4,"Pavlovo Posad, Moskovskaya Oblast', Russia",RS47,55.7807,38.6545,1471.0,0.2428919241651195,50.0
4,"Abrau, Krasnodarskiy Kray, Russia",RS38,44.7114,37.5908,,,23.0
4,"Yarovaya, Smolenskaya Oblast', Russia",RS69,55.7811,34.5681,,,67.0
4,"Dvurechye, Rostovskaya Oblast', Russia",RS61,46.8501,40.0546,,,61.0
4,"Volskiy, Leningradskaya Oblast', Russia",RS42,59.45,35.1333,,,47.0
4,"Lubna, Russia (General), Russia",RS00,52.9537,35.5431,,,91.0
4,"North Island, Sakhalinskaya Oblast', Russia",RS64,47.5407,152.841,,,65.0
4,"Urasa, Sakha (Yakutiya), Russia",RS63,71.3,135.6,,,14.0
4,"Tommot, Sakha (Yakutiya), Russia",RS63,58.1333,124.783,,,14.0
4,"Rostok, Penzenskaya Oblast', Russia",RS57,53.2846,44.0208,,,58.0
4,"Zoli, Novgorodskaya Oblast', Russia",RS52,58.3,30.2333,,,53.0
4,"Dennik, Kirovskaya Oblast', Russia",RS33,60.6235,47.9396,,,43.0
5,"Mordvinia, Mordoviya, Russia",RS46,54.5,44.0,,,13.0
4,"Bakova, Arkhangel'skaya Oblast', Russia",RS06,65.7213,46.3911,,,29.0
4,"Alabuga, Novosibirskaya Oblast', Russia",RS53,54.6719,80.4611,,,54.0
4,"Shinnik, Omskaya Oblast', Russia",RS54,54.8424,73.4678,,,55.0
4,"Borya, Amurskaya Oblast', Russia",RS05,52.4333,126.45,,,28.0
4,"Toksovo, Leningradskaya Oblast', Russia",RS42,60.1532,30.5165,,,47.0
4,"Gorno-Altaysk, Altay, Russia",RS03,51.9561,85.955,10.0,0.6215046722311577,4.0
4,"Khleb, Sakha (Yakutiya), Russia",RS63,71.15,136.6,,,14.0
4,"Dvorishchi, Tverskaya Oblast', Russia",RS77,58.191,35.2003,,,69.0
4,"Krasny Bor, Novgorodskaya Oblast', Russia",RS52,59.1565,33.505,,,53.0
4,"Prokhorovka, Irkutskaya Oblast', Russia",RS20,53.3503,104.037,,,38.0
4,"Varenik, Rostovskaya Oblast', Russia",RS61,47.5702,38.3933,,,61.0
4,"Egvekinot, Chukotskiy Avtonomnyy Okrug, Russia",RS15,66.3167,-179.167,2345.0,2.1981954461486035,87.0
4,"Azovskaya, Krasnodarskiy Kray, Russia",RS38,44.7908,38.6264,,,23.0
4,"Kuzkin, Volgogradskaya Oblast', Russia",RS84,50.616,42.9938,,,34.0
4,"Tamak, 92, Russia",RS92,60.6667,171.55,,,41.0
4,"Babushkin, Novosibirskaya Oblast', Russia",RS53,54.0706,79.0125,,,54.0
4,"Korsakov, Sakhalinskaya Oblast', Russia",RS64,46.6328,142.781,1957.0,0.002010416048900435,65.0
4,"Vorontsova, Taymyrskiy (Dolgano-Nenetskiy) Avtonomnyy Okrug, Russia",RS74,71.6983,83.5642,,,24.0
4,"-Sibir, Kirovskaya Oblast', Russia",RS33,57.8135,51.3461,,,43.0
4,"Ozero, Vologodskaya Oblast', Russia",RS85,59.0407,38.0991,,,35.0
4,"Predtechino, Bashkortostan, Russia",RS08,54.95,53.8333,,,2.0
4,"Prut, Kurskaya Oblast', Russia",RS41,51.7139,35.0799,,,46.0
4,"Beshtau, Stavropol'skiy Kray, Russia",RS70,44.1206,43.0783,,,26.0
4,"Yessentuki, Stavropol'skiy Kray, Russia",RS70,44.0444,42.8606,,,26.0
4,"Novopokrovskiy, Bashkortostan, Russia",RS08,52.1581,57.6431,,,2.0
4,"Khromovo, Kirovskaya Oblast', Russia",RS33,59.1064,49.312,,,43.0
4,"Ivanovskoe, Kurskaya Oblast', Russia",RS41,51.6113,34.9528,,,46.0
4,"Turna, Udmurtiya, Russia",RS80,57.4681,51.9897,,,18.0
4,"To Kari, Permskiy Kray, Russia",RS90,57.9343,54.2784,,,59.0
4,"Pazyrik, Altay, Russia",RS03,50.7667,88.05,,,4.0
4,"Belozerka, Leningradskaya Oblast', Russia",RS42,60.1667,31.6667,,,47.0
4,"Donskaya Balka, Stavropol'skiy Kray, Russia",RS70,45.2042,42.8758,,,26.0
4,"Ipatovo, Stavropol'skiy Kray, Russia",RS70,45.7181,42.9036,815.0,1.001262818638426,26.0
4,"Chods, Russia (General), Russia",RS00,44.542,40.7299,,,91.0
4,"Koryazhma, Arkhangel'skaya Oblast', Russia",RS06,61.3143,47.1691,891.0,0.45915672621585785,29.0
4,"Gidropark, Permskiy Kray, Russia",RS90,58.0269,56.197,,,59.0
4,"Metallurgov, Kemerovskaya Oblast', Russia",RS29,53.8976,87.0209,,,42.0
4,"Moduk, Sakha (Yakutiya), Russia",RS63,64.2083,123.564,,,14.0
4,"Tomilino, Moskovskaya Oblast', Russia",RS47,55.6562,37.9471,,,50.0
4,"Danilovskaya, Arkhangel'skaya Oblast', Russia",RS06,60.8333,38.8,,,29.0
4,"Verka, Mariy-El, Russia",RS45,56.7669,48.6189,,,12.0
4,"Fokin, Rostovskaya Oblast', Russia",RS61,48.65,40.3833,,,61.0
4,"Chika, Komi, Russia",RS34,65.4851,54.3265,,,11.0
4,"Yeniseyskiy, Krasnoyarskiy Kray, Russia",RS39,53.8,92.0667,,,24.0
4,"Trekhbugorny, Yamalo-Nenetskiy Avtonomnyy Okrug, Russia",RS87,69.0775,73.8731,,,89.0
4,"Mukachevo, Bashkortostan, Russia",RS08,52.468,56.4893,,,2.0
4,"Vorskla, Belgorodskaya Oblast', Russia",RS09,50.8203,36.4275,,,31.0
4,"Nasedkino, Nizhegorodskaya Oblast', Russia",RS51,56.6988,43.4984,,,52.0
4,"Itaka, Zabaykal'skiy Kray, Russia",RS93,53.8882,118.709,,,75.0
4,"Nikolayevsk-On-Amur, Khabarovskiy Kray, Russia",RS30,53.1406,140.73,853.0,0.3970497718348141,27.0
4,"Nechayev, Voronezhskaya Oblast', Russia",RS86,50.6533,40.7364,,,36.0
4,"Nizhniy Tagil, Sverdlovskaya Oblast', Russia",RS71,57.9194,59.965,2029.0,1.7916510441383293,66.0
4,"Tatil, Dagestan, Russia",RS17,41.9927,47.9883,,,5.0
4,"Shermetyevo, Ryazanskaya Oblast', Russia",RS62,53.5831,40.1733,,,62.0
4,"Novokubansk, Krasnodarskiy Kray, Russia",RS38,45.117,41.0267,650.0,1.243545190085321,23.0
4,"Vorobyevy Gory, Moskva, Russia",RS48,55.7167,37.5667,,,50.0
4,"Mokhovaya, Permskiy Kray, Russia",RS90,56.8727,54.4879,,,59.0
4,"Drachevo, Novgorodskaya Oblast', Russia",RS52,58.7634,35.344,,,53.0
4,"Knyazi, Pskovskaya Oblast', Russia",RS60,56.8942,28.5707,,,60.0
4,"Titova, Altayskiy Kray, Russia",RS04,53.4144,85.7603,,,22.0
4,"Kazbek, Stavropol'skiy Kray, Russia",RS70,44.6042,43.3008,,,26.0
4,"Volkan, Khabarovskiy Kray, Russia",RS30,48.8,133.717,,,27.0
4,"Areda, Krasnodarskiy Kray, Russia",RS38,43.6079,39.7315,,,23.0
4,"Albazino, Khabarovskiy Kray, Russia",RS30,52.8833,137.967,,,27.0
4,"Kytyn, 92, Russia",RS92,63.85,163.25,,,41.0
4,"Svetloye, Mariy-El, Russia",RS45,56.3407,46.0844,,,12.0
4,"Yamaichi, Kirovskaya Oblast', Russia",RS33,57.2722,48.0636,,,43.0
4,"Boldino, Pskovskaya Oblast', Russia",RS60,56.52,28.7737,,,60.0
4,"Tarami, Khabarovskiy Kray, Russia",RS30,47.6681,136.18,,,27.0
4,"Yandy, Checheno-Ingushskaya Avtonomnaya Sovetskaya Sotsialistichesk, Russia",RS12,43.1293,45.3295,,,20.0
4,"Klushino, Nizhegorodskaya Oblast', Russia",RS51,56.7848,44.7352,,,52.0
4,"Vladimirskaya, Rostovskaya Oblast', Russia",RS61,47.9351,40.2941,,,61.0
4,"Ayna, Tyva, Russia",RS79,53.0,95.1167,,,17.0
4,"Trubetskoy, Kurganskaya Oblast', Russia",RS40,54.7267,65.9922,,,45.0
4,"Rudny, Omskaya Oblast', Russia",RS54,57.6333,73.05,,,55.0
4,"Gorevo, Nizhegorodskaya Oblast', Russia",RS51,56.9763,44.0601,,,52.0
4,"Troitsk, Krasnoyarskiy Kray, Russia",RS39,56.7428,95.8414,,,24.0
4,"Aliki, Magadanskaya Oblast', Russia",RS44,61.6,156.717,,,49.0
4,"Martanskaya, Krasnodarskiy Kray, Russia",RS38,44.7595,39.4352,,,23.0
4,"Shakhty, Rostovskaya Oblast', Russia",RS61,47.7091,40.2144,1801.0,0.3780658703985203,61.0
4,"Kirovo-Chepetsk, Kirovskaya Oblast', Russia",RS33,58.5539,50.0399,1275.0,0.5152645502330715,43.0
4,"Nakol, Leningradskaya Oblast', Russia",RS42,59.0485,29.5036,,,47.0
4,"Shushary, Tatarstan, Russia",RS73,55.9599,49.2733,,,16.0
4,"Revda, Sverdlovskaya Oblast', Russia",RS71,56.801,59.9303,2006.0,1.3211203855178708,66.0
4,"Krupets, Kaluzhskaya Oblast', Russia",RS25,54.5447,35.0219,,,40.0
4,"Boroda, Smolenskaya Oblast', Russia",RS69,55.3286,31.3114,,,67.0
4,"Nasva, Pskovskaya Oblast', Russia",RS60,56.5755,30.1581,,,60.0
4,"Petrovka, Kemerovskaya Oblast', Russia",RS29,55.1667,88.0167,,,42.0
4,"Paksha, Arkhangel'skaya Oblast', Russia",RS06,62.0188,47.591,,,29.0
4,"Novouspenovka, Orenburgskaya Oblast', Russia",RS55,50.8675,55.4816,,,56.0
4,"Valerianovka, Kemerovskaya Oblast', Russia",RS29,56.0134,88.3916,,,42.0
4,"Kuybyshevo, Dagestan, Russia",RS17,44.0227,46.513,,,5.0
4,"Kantserovka, Orenburgskaya Oblast', Russia",RS55,52.4,54.3,,,56.0
4,"Otoy, Sakha (Yakutiya), Russia",RS63,64.6,112.6,,,14.0
4,"Lozinskiy, Novosibirskaya Oblast', Russia",RS53,54.34,78.17,,,54.0
4,"Kariki, Vladimirskaya Oblast', Russia",RS83,56.4297,41.6587,,,33.0
4,"Astakhov, Rostovskaya Oblast', Russia",RS61,48.466,40.3044,,,61.0
4,"Taman Peninsula, Krasnodarskiy Kray, Russia",RS38,45.1853,36.8003,,,23.0
4,"Burkhan, Krasnodarskiy Kray, Russia",RS38,44.386,38.8103,,,23.0
4,"Rubtsovsk, Altayskiy Kray, Russia",RS04,51.5,81.25,510.0,3.8023827856268935,22.0
4,"Sayanogorsk, Khakasiya, Russia",RS31,53.0875,91.3997,450.0,0.9170895911869617,19.0
4,"Black Point, 92, Russia",RS92,54.6833,167.85,,,41.0
4,"Ostashkov, Tverskaya Oblast', Russia",RS77,57.1467,33.1075,2105.0,1.073967806990577,69.0
4,"Tlyanchi-Tamak, Tatarstan, Russia",RS73,55.4728,52.6248,,,16.0
4,"Novopokrovka, Novosibirskaya Oblast', Russia",RS53,55.4833,79.6,,,54.0
4,"Poroz, Belgorodskaya Oblast', Russia",RS09,50.574,35.4627,,,31.0
4,"Barinov, Novgorodskaya Oblast', Russia",RS52,58.3016,34.9882,,,53.0
4,"Groshi, Kirovskaya Oblast', Russia",RS33,58.1536,50.2158,,,43.0
4,"Belousovo, Pskovskaya Oblast', Russia",RS60,56.6417,28.3482,,,60.0
4,"Tsirk, Rsja, Russia",RSJA,45.3278,148.619,,,65.0
4,"Kotya, Udmurtiya, Russia",RS80,56.716,51.8067,,,18.0
4,"Safronov, Volgogradskaya Oblast', Russia",RS84,48.8025,45.1208,,,34.0
4,"Tsimlya, Russia (General), Russia",RS00,48.0236,42.3832,,,91.0
4,"Demidovo, Vologodskaya Oblast', Russia",RS85,59.2731,38.2812,,,35.0
4,"Talskoye, Krasnoyarskiy Kray, Russia",RS39,55.4096,95.6596,,,24.0
4,"Ankho, Dagestan, Russia",RS17,42.7282,46.2405,,,5.0
4,"Frezer, Moskva, Russia",RS48,55.75,37.7333,,,50.0
4,"Ordzhonikidze, Severnaya Osetiya-Alaniya, Russia",RS68,43.0367,44.6678,,,15.0
4,"Yasinovka, Rostovskaya Oblast', Russia",RS61,48.6157,42.0641,,,61.0
4,"Sredneuralsk, Sverdlovskaya Oblast', Russia",RS71,56.9892,60.4666,1980.0,0.30355533924058703,66.0
4,"East He, Checheno-Ingushskaya Avtonomnaya Sovetskaya Sotsialistichesk, Russia",RS12,43.0233,45.8923,,,20.0
4,"Mosselmash, Moskva, Russia",RS48,55.8619,37.5267,,,50.0
4,"Tolga, Yaroslavskaya Oblast', Russia",RS88,57.6947,39.8253,,,76.0
4,"Psekups, Krasnodarskiy Kray, Russia",RS38,44.8314,39.2097,,,23.0
4,"Sanino, Yaroslavskaya Oblast', Russia",RS88,58.1759,40.1036,,,76.0
4,"Salavat, Bashkortostan, Russia",RS08,53.3837,55.9077,27.0,2.6934114363961332,2.0
4,"Orsk, Orenburgskaya Oblast', Russia",RS55,51.2049,58.5668,1673.0,7.07517351575584,56.0
4,"An Aman, Russia (General), Russia",RS00,53.0459,86.8737,,,91.0
4,"Kesma, Tverskaya Oblast', Russia",RS77,58.3996,37.0642,,,69.0
4,"Kiskas, Tyumenskaya Oblast', Russia",RS78,58.9726,72.2163,,,72.0
4,"Rybinsk Reservoir, Russia (General), Russia",RS00,58.4763,38.3596,,,91.0
4,"Vytegra, Vologodskaya Oblast', Russia",RS85,61.0064,36.4481,1055.0,0.18314991651256515,35.0
4,"Kovzha, Vologodskaya Oblast', Russia",RS85,59.6,38.4833,,,35.0
4,"Leushino, Smolenskaya Oblast', Russia",RS69,55.1108,34.0985,,,67.0
4,"Sheksna, Vologodskaya Oblast', Russia",RS85,59.7629,38.2612,,,35.0
4,"Valkov, Rostovskaya Oblast', Russia",RS61,48.2781,41.5939,,,61.0
4,"Ilovka, Novgorodskaya Oblast', Russia",RS52,57.8101,32.492,,,53.0
4,"Indigirka, Sakha (Yakutiya), Russia",RS63,70.8,148.9,,,14.0
4,"Kamenskoe, 92, Russia",RS92,62.5,165.167,,,41.0
4,"Belogorye, Amurskaya Oblast', Russia",RS05,50.9269,128.597,871.0,8.722521300539361,28.0
4,"Shcherbaki, Tverskaya Oblast', Russia",RS77,58.0267,35.416,,,69.0
4,"Vazha, Arkhangel'skaya Oblast', Russia",RS06,61.9791,38.5339,,,29.0
4,"Kurochkin, Kurskaya Oblast', Russia",RS41,51.1332,35.9103,,,46.0
4,"Sholokhov, Tambovskaya Oblast', Russia",RS72,52.4,42.3667,,,68.0
4,"Sorovskoye, Kurganskaya Oblast', Russia",RS40,56.0412,64.0347,,,45.0
4,"Valeryanovka, Kemerovskaya Oblast', Russia",RS29,56.0134,88.3916,,,42.0
4,"Chapli, Kurskaya Oblast', Russia",RS41,51.6147,35.5387,,,46.0
4,"Verki, Ryazanskaya Oblast', Russia",RS62,54.6498,42.5529,,,62.0
4,"Maroseyka, Rsja, Russia",RSJA,44.0417,145.728,,,65.0
4,"Perovskiy, Nizhegorodskaya Oblast', Russia",RS51,57.7897,46.6821,,,52.0
4,"Chenchen, Chukotskiy Avtonomnyy Okrug, Russia",RS15,64.3667,-172.85,,,87.0
4,"Lubimova, Leningradskaya Oblast', Russia",RS42,60.2546,28.4382,,,47.0
4,"Kachanov, Kurskaya Oblast', Russia",RS41,51.6548,34.2938,,,46.0
4,"Askold, Primorskiy Kray, Russia",RS59,42.7564,132.343,,,25.0
4,"Molochnaya, Stavropol'skiy Kray, Russia",RS70,45.0728,41.8195,,,26.0
4,"Blagodatnoye, Stavropol'skiy Kray, Russia",RS70,45.3997,42.5867,,,26.0
4,"Surazh, Bryanskaya Oblast', Russia",RS10,53.0175,32.3918,983.0,0.49220930889938974,32.0
4,"Kurilsk, Rsja, Russia",RSJA,45.2333,147.883,1958.0,0.7738328204032712,65.0
4,"Ivleva, Tverskaya Oblast', Russia",RS77,56.2542,33.9108,,,69.0
4,"Danilovskiy, Altayskiy Kray, Russia",RS04,52.9167,80.75,,,22.0
4,"Ovda, Checheno-Ingushskaya Avtonomnaya Sovetskaya Sotsialistichesk, Russia",RS12,43.3274,45.9888,,,20.0
4,"Blak, Orenburgskaya Oblast', Russia",RS55,51.3083,61.1003,,,56.0
4,"Vesniny, Kirovskaya Oblast', Russia",RS33,58.2429,48.6539,,,43.0
4,"Gubanova, Permskiy Kray, Russia",RS90,60.05,54.95,,,59.0
4,"Yaroslavna, Rsja, Russia",RSJA,45.0417,147.758,,,65.0
4,"Konergino, Chukotskiy Avtonomnyy Okrug, Russia",RS15,65.9,-178.833,,,87.0
4,"Enmelen, Chukotskiy Avtonomnyy Okrug, Russia",RS15,65.0167,175.9,,,87.0
4,"Set Point, Murmanskaya Oblast', Russia",RS49,69.3981,33.4978,,,51.0
4,"Volfino, Kurskaya Oblast', Russia",RS41,51.2631,34.4782,,,46.0
4,"Nosov, Voronezhskaya Oblast', Russia",RS86,49.8936,39.2344,,,36.0
4,"Sapru, Leningradskaya Oblast', Russia",RS42,60.7498,30.3249,,,47.0
4,"Semya, Khanty-Mansiyskiy Avtonomnyy Okrug, Russia",RS32,63.7667,60.4,,,86.0
4,"Svetloe, Primorskiy Kray, Russia",RS59,46.5389,138.33,,,25.0
4,"Mostki, Bryanskaya Oblast', Russia",RS10,52.9844,32.5147,,,32.0
4,"Kravtsova, Moskovskaya Oblast', Russia",RS47,55.0544,37.8077,,,50.0
4,"Ivdel, Sverdlovskaya Oblast', Russia",RS71,60.6911,60.4206,1983.0,0.716082369816368,66.0
4,"Kremenets, Kaluzhskaya Oblast', Russia",RS25,53.4155,34.7455,,,40.0
4,"Anino, Moskovskaya Oblast', Russia",RS47,56.0062,36.1207,,,50.0
4,"Donetz, Russia (General), Russia",RS00,47.5833,40.9,,,91.0
4,"Botanika, Krasnodarskiy Kray, Russia",RS38,45.2147,40.795,,,23.0
4,"Chkalov, Orenburgskaya Oblast', Russia",RS55,51.7727,55.0988,,,56.0
4,"Kuybyshev, Samarskaya Oblast', Russia",RS65,53.2,50.15,,,63.0
4,"Sakmara, Orenburgskaya Oblast', Russia",RS55,51.9844,55.3338,1699.0,0.035230579779882996,56.0
4,"Stroki, Leningradskaya Oblast', Russia",RS42,59.0167,28.2333,,,47.0
4,"Makan, Bashkortostan, Russia",RS08,51.9608,58.3414,,,2.0
4,"Kartaly, Chelyabinskaya Oblast', Russia",RS13,53.0118,60.5684,2299.0,6.606821924543649,74.0
4,"Chizhov, Smolenskaya Oblast', Russia",RS69,54.4458,32.5361,,,67.0
4,"Yaroslavskoye, Kaliningradskaya Oblast', Russia",RS23,54.7782,20.7114,,,39.0
4,"Gorkovskoye, Leningradskaya Oblast', Russia",RS42,60.2665,29.4309,,,47.0
4,"Odintsovskoye, Arkhangel'skaya Oblast', Russia",RS06,62.2667,42.8333,,,29.0
4,"Likhobory, Moskva, Russia",RS48,55.85,37.5667,,,50.0
4,"Okean, Samarskaya Oblast', Russia",RS65,53.0645,49.6513,,,63.0
4,"Opten, Bryanskaya Oblast', Russia",RS10,52.3356,32.4124,,,32.0
4,"Andrusovo, Kareliya, Russia",RS28,61.0,32.6,,,10.0
4,"Navaga, 92, Russia",RS92,59.2294,162.106,,,41.0
4,"Gadzhiyevo, Murmanskaya Oblast', Russia",RS49,69.2551,33.3362,,,51.0
4,"Supor, Pskovskaya Oblast', Russia",RS60,58.7723,28.6812,,,60.0
4,"Lugovaya, Tomskaya Oblast', Russia",RS75,58.9019,81.6417,,,70.0
4,"Kadai, Zabaykal'skiy Kray, Russia",RS93,50.9327,119.291,,,75.0
4,"Spiridonovka, Tatarstan, Russia",RS73,54.4626,52.0651,,,16.0
4,"Khabarov, Yaroslavskaya Oblast', Russia",RS88,58.2982,39.978,,,76.0
4,"Putina, Pskovskaya Oblast', Russia",RS60,56.2814,28.7528,,,60.0
4,"Novorossisk, Krasnodarskiy Kray, Russia",RS38,44.7244,37.7675,627.0,0.13350806253884667,23.0
4,"Chapayev, Rostovskaya Oblast', Russia",RS61,48.0519,40.7753,,,61.0
4,"Bilir, Sakha (Yakutiya), Russia",RS63,59.3833,132.75,,,14.0
4,"Ancher, Zabaykal'skiy Kray, Russia",RS93,50.9208,118.905,,,75.0
5,"Chechenia, Checheno-Ingushskaya Avtonomnaya Sovetskaya Sotsialistichesk, Russia",RS12,43.3,45.7,,,20.0
4,"Krasnoarmeyskiy, Amurskaya Oblast', Russia",RS05,54.4,127.383,,,28.0
4,"Verkhniy Lars, Severnaya Osetiya-Alaniya, Russia",RS68,42.7678,44.6319,,,15.0
4,"Okha, Tverskaya Oblast', Russia",RS77,56.4922,33.8889,,,69.0
4,"Sakko I Vantsetti, Volgogradskaya Oblast', Russia",RS84,48.5169,44.4954,,,34.0
4,"Slavyanka, Primorskiy Kray, Russia",RS59,42.8696,131.378,803.0,1.5370851063340343,25.0
4,"Danilkino, Pskovskaya Oblast', Russia",RS60,56.8401,28.3748,,,60.0
4,"Klyazma, Moskovskaya Oblast', Russia",RS47,55.9642,37.45,,,50.0
4,"Zhestovo, Moskovskaya Oblast', Russia",RS47,56.0167,37.65,,,50.0
4,"Fedoskino, Moskovskaya Oblast', Russia",RS47,56.05,37.5833,,,50.0
4,"Ostashkovo, Vologodskaya Oblast', Russia",RS85,59.2312,38.2095,,,35.0
4,"Zhostovo, Moskovskaya Oblast', Russia",RS47,56.0167,37.65,,,50.0
4,"Korobov, Saratovskaya Oblast', Russia",RS67,50.382,48.3303,,,64.0
4,"Troitskaya, Krasnoyarskiy Kray, Russia",RS39,56.7428,95.8414,,,24.0
4,"Tuskar, Kurskaya Oblast', Russia",RS41,51.7086,36.2164,,,46.0
4,"Rossoshka, Voronezhskaya Oblast', Russia",RS86,51.3385,38.9067,,,36.0
4,"Davra, Khabarovskiy Kray, Russia",RS30,50.0836,138.527,,,27.0
4,"Staraya Derevnya, Orlovskaya Oblast', Russia",RS56,52.5844,35.23,,,57.0
4,"Pologovka, Nizhegorodskaya Oblast', Russia",RS51,55.514,43.885,,,52.0
4,"Klesty, Kirovskaya Oblast', Russia",RS33,57.056,46.9099,,,43.0
4,"Dalnerechensk, Primorskiy Kray, Russia",RS59,45.9339,133.723,780.0,0.9209363913307181,25.0
4,"Ovchinnikova, Primorskiy Kray, Russia",RS59,43.2374,131.382,,,25.0
4,"Sh-T And, Saratovskaya Oblast', Russia",RS67,51.6049,47.2197,,,64.0
4,"Tabarka, Kurganskaya Oblast', Russia",RS40,55.9731,64.4978,,,45.0
4,"Khosta, Krasnodarskiy Kray, Russia",RS38,43.5148,39.8682,,,23.0
4,"Satmar, Sakha (Yakutiya), Russia",RS63,55.9257,130.11,,,14.0
4,"Renya, Tverskaya Oblast', Russia",RS77,58.6844,37.1488,,,69.0
4,"Tanay, Udmurtiya, Russia",RS80,58.0167,53.5667,,,18.0
4,"Medvedevka, Sakhalinskaya Oblast', Russia",RS64,47.6,142.067,,,65.0
4,"Guryevo, Smolenskaya Oblast', Russia",RS69,55.1,34.95,,,67.0
4,"Turgeneva, Irkutskaya Oblast', Russia",RS20,53.0275,105.674,,,38.0
4,"Nikolka, Kemerovskaya Oblast', Russia",RS29,52.25,88.5667,,,42.0
4,"Butyrki, Tverskaya Oblast', Russia",RS77,56.6833,33.5,,,69.0
4,"Nabat, Bryanskaya Oblast', Russia",RS10,53.5387,33.261,,,32.0
4,"Tiris, Orenburgskaya Oblast', Russia",RS55,53.7464,53.6592,,,56.0
4,"Kiya, Nenetskiy Avtonomnyy Okrug, Russia",RS50,67.6587,44.0948,,,83.0
4,"Ulenga, Buryatiya, Russia",RS11,50.2343,103.604,,,3.0
4,"Simmi, Khabarovskiy Kray, Russia",RS30,49.5781,136.07,,,27.0
4,"Novozybkovo, Bryanskaya Oblast', Russia",RS10,52.523,31.9484,955.0,1.8563679341707213,32.0
4,"Teda, Arkhangel'skaya Oblast', Russia",RS06,62.45,43.8833,,,29.0
4,"Ludza, Khabarovskiy Kray, Russia",RS30,47.47,139.057,,,27.0
4,"Krestovy, Volgogradskaya Oblast', Russia",RS84,48.5629,44.5054,,,34.0
4,"Ingur, Buryatiya, Russia",RS11,53.5667,113.7,,,3.0
4,"Smena, Moskovskaya Oblast', Russia",RS47,56.3167,38.2333,,,50.0
4,"Sergiyev Posad, Moskovskaya Oblast', Russia",RS47,56.3,38.1333,1501.0,1.7124967158811004,50.0
4,"Borets, Ryazanskaya Oblast', Russia",RS62,53.8007,41.1361,,,62.0
4,"To Khoy, Buryatiya, Russia",RS11,51.3667,106.617,,,3.0
4,"Basno, Sakha (Yakutiya), Russia",RS63,68.3333,142.367,,,14.0
4,"Bilba, Irkutskaya Oblast', Russia",RS20,56.075,106.558,,,38.0
4,"Butan, Zabaykal'skiy Kray, Russia",RS93,52.9333,118.833,,,75.0
4,"Terijoki, Sankt-Peterburg, Russia",RS66,60.1997,29.7018,,,47.0
4,"Sarana, Sverdlovskaya Oblast', Russia",RS71,56.4773,57.7259,,,66.0
4,"Karagon, Altayskiy Kray, Russia",RS04,53.5333,78.1833,,,22.0
4,"Indiga, Nenetskiy Avtonomnyy Okrug, Russia",RS50,67.6566,49.0348,,,83.0
4,"Dymin, Khabarovskiy Kray, Russia",RS30,49.1667,138.1,,,27.0
4,"Shalam, Permskiy Kray, Russia",RS90,59.6641,55.3157,,,59.0
4,"Zhitel, Arkhangel'skaya Oblast', Russia",RS06,65.037,47.5307,,,29.0
4,"Belikov, Krasnodarskiy Kray, Russia",RS38,45.4847,37.9664,,,23.0
4,"Chinga, Primorskiy Kray, Russia",RS59,46.5,136.967,,,25.0
4,"Rechnoy Vokzal, Moskva, Russia",RS48,55.7,37.6167,,,50.0
4,"Babay, Permskiy Kray, Russia",RS90,58.4333,55.3667,,,59.0
4,"Salair, Kemerovskaya Oblast', Russia",RS29,54.2312,85.7972,,,42.0
4,"Ospa, Russia (General), Russia",RS00,56.1464,84.075,,,91.0
4,"Kitoi, Irkutskaya Oblast', Russia",RS20,52.6,103.9,,,38.0
4,"Dzhida, Buryatiya, Russia",RS11,50.6772,106.181,,,3.0
4,"Poros, Novosibirskaya Oblast', Russia",RS53,55.3565,83.723,,,54.0
4,"Kakha, Irkutskaya Oblast', Russia",RS20,53.4372,103.95,,,38.0
4,"Shinkin, Voronezhskaya Oblast', Russia",RS86,50.7124,38.8947,,,36.0
4,"Auri, Khabarovskiy Kray, Russia",RS30,52.0167,140.383,,,27.0
4,"Sapar, Khabarovskiy Kray, Russia",RS30,49.6583,134.511,,,27.0
4,"Changi, Sakhalinskaya Oblast', Russia",RS64,52.8833,141.867,,,65.0
4,"Nakhabino, Moskovskaya Oblast', Russia",RS47,55.8485,37.1779,,,50.0
4,"Divnogorsk, Krasnoyarskiy Kray, Russia",RS39,55.9581,92.3726,670.0,0.24553490338475448,24.0
4,"Turukhansk, Krasnoyarskiy Kray, Russia",RS39,65.8167,87.9833,720.0,2.815798583432957,24.0
4,"Sukhanov, Krasnodarskiy Kray, Russia",RS38,45.6028,40.3125,,,23.0
4,"Pochep, Novgorodskaya Oblast', Russia",RS52,58.2314,33.2514,,,53.0
4,"Viatka, Kirovskaya Oblast', Russia",RS33,58.5967,49.6601,,,43.0
4,"Starover, Khabarovskiy Kray, Russia",RS30,49.4177,133.274,,,27.0
4,"Nachalo, Astrakhanskaya Oblast', Russia",RS07,46.2924,48.2256,928.0,5.683266699581803,30.0
4,"Martynov, Bryanskaya Oblast', Russia",RS10,52.3613,34.5106,,,32.0
4,"Zaib, Dagestan, Russia",RS17,42.4907,46.7098,,,5.0
4,"Blyukher, Primorskiy Kray, Russia",RS59,42.8683,131.381,,,25.0
4,"Pervaya Rechka, Sakhalinskaya Oblast', Russia",RS64,50.1833,142.25,,,65.0
4,"Khanty Mansiysk, Khanty-Mansiyskiy Avtonomnyy Okrug, Russia",RS32,61.0042,69.0019,2216.0,0.925571766873358,86.0
4,"-To-Yen, Buryatiya, Russia",RS11,51.1833,106.533,,,3.0
4,"Golitsyno, Ivanovskaya Oblast', Russia",RS21,57.0603,42.8941,,,37.0
4,"Samashki, Chechnya And Ingushetiya, Russia",RSCI,43.2906,45.3014,,,20.0
4,"Vedeno, Chechnya And Ingushetiya, Russia",RSCI,42.9689,46.0961,464.0,0.21694131791048743,20.0
4,"Ulyanovsk, Ul'yanovskaya Oblast', Russia",RS81,54.3282,48.3866,2251.0,1.8244307970897686,73.0
4,"Tretyakovka, Tambovskaya Oblast', Russia",RS72,52.3995,41.122,,,68.0
4,"Utkal, Bashkortostan, Russia",RS08,53.7733,58.2383,,,2.0
4,"Kapal, Bryanskaya Oblast', Russia",RS10,53.8588,33.7626,,,32.0
4,"Pudovkin, Tambovskaya Oblast', Russia",RS72,52.7605,41.2095,,,68.0
4,"Talabira, Khabarovskiy Kray, Russia",RS30,49.1149,133.752,,,27.0
4,"Agir, Bashkortostan, Russia",RS08,54.6065,53.7365,,,2.0
4,"Senezh, Moskovskaya Oblast', Russia",RS47,56.2,37.0333,,,50.0
4,"Trigulyay, Tambovskaya Oblast', Russia",RS72,52.6516,41.5202,,,68.0
4,"Kotelniki, Kirovskaya Oblast', Russia",RS33,58.6243,50.6675,,,43.0
4,"Gagar, Dagestan, Russia",RS17,41.9961,46.5792,,,5.0
4,"Zagon, Amurskaya Oblast', Russia",RS05,51.5461,128.493,,,28.0
4,"Butyrskaya, Arkhangel'skaya Oblast', Russia",RS06,62.3495,44.579,,,29.0
5,"Tula Oblast, Tul'skaya Oblast', Russia",RS76,54.0,37.5,,,71.0
4,"Gauri, Pskovskaya Oblast', Russia",RS60,56.9155,27.8742,,,60.0
4,"Usali, Tatarstan, Russia",RS73,55.6935,50.8549,,,16.0
4,"Prolisok, Belgorodskaya Oblast', Russia",RS09,50.2014,37.8062,,,31.0
4,"Rossoschka, Volgogradskaya Oblast', Russia",RS84,48.8292,44.1409,,,34.0
4,"Kstovo, Yaroslavskaya Oblast', Russia",RS88,57.5333,40.2732,,,76.0
4,"Zherebets, Rostovskaya Oblast', Russia",RS61,48.5697,41.9753,,,61.0
4,"Svobodnaya, Lipetskaya Oblast', Russia",RS43,52.9276,38.7453,,,48.0
4,"Badayev, Leningradskaya Oblast', Russia",RS42,59.7053,30.7733,,,47.0
4,"Gadya, Permskiy Kray, Russia",RS90,61.1456,57.2684,,,59.0
4,"Okulovo, Vologodskaya Oblast', Russia",RS85,58.9408,35.514,,,35.0
4,"Lukh, Ivanovskaya Oblast', Russia",RS21,57.0124,42.2584,1122.0,0.6389688737704271,37.0
4,"Stenka Razin, Rostovskaya Oblast', Russia",RS61,47.6503,39.8911,,,61.0
4,"Bolkhov, Orlovskaya Oblast', Russia",RS56,53.4433,36.0044,1710.0,0.6492190587771058,57.0
4,"To Loon, Sakha (Yakutiya), Russia",RS63,61.6564,132.106,,,14.0
4,"Barvikha, Moskovskaya Oblast', Russia",RS47,55.7421,37.2793,,,50.0
4,"Tsvetnoy, Rostovskaya Oblast', Russia",RS61,46.6987,40.7718,,,61.0
4,"To Mash, Vologodskaya Oblast', Russia",RS85,59.8328,39.5993,,,35.0
4,"Oyashio, Russia (General), Russia",RS00,50.0,157.0,,,91.0
4,"Koton, Sakhalinskaya Oblast', Russia",RS64,49.85,142.817,,,65.0
4,"Zinchenko, Krasnodarskiy Kray, Russia",RS38,45.2167,39.0831,,,23.0
4,"Zamorin, Novgorodskaya Oblast', Russia",RS52,58.2667,30.0333,,,53.0
4,"Yefremov, Tul'skaya Oblast', Russia",RS76,53.1481,38.0992,,,71.0
4,"Obraztsov, Krasnodarskiy Kray, Russia",RS38,44.6994,38.9331,,,23.0
4,"Tomna, Krasnoyarskiy Kray, Russia",RS39,56.0131,94.045,,,24.0
4,"Dobrolet, Irkutskaya Oblast', Russia",RS20,52.2533,104.835,,,38.0
4,"Bolot, Tverskaya Oblast', Russia",RS77,56.6021,35.4136,,,69.0
4,"Shaitan, Taymyrskiy (Dolgano-Nenetskiy) Avtonomnyy Okrug, Russia",RS74,71.9,90.0,,,24.0
4,"Shatki, Nizhegorodskaya Oblast', Russia",RS51,55.1887,44.1249,1574.0,0.19953268810000074,52.0
4,"Olym, Kurskaya Oblast', Russia",RS41,51.6798,38.1758,,,46.0
4,"Khale, Yamalo-Nenetskiy Avtonomnyy Okrug, Russia",RS87,68.3333,68.8333,,,89.0
4,"Pushkareva, Omskaya Oblast', Russia",RS54,57.1398,73.6787,,,55.0
4,"Nazyrova, Chelyabinskaya Oblast', Russia",RS13,55.553,60.8176,,,74.0
4,"Yerma, Krasnoyarskiy Kray, Russia",RS39,58.4167,100.0,,,24.0
4,"Borisovka, Amurskaya Oblast', Russia",RS05,50.4081,129.23,,,28.0
4,"Novo-Pavlovsk, Zabaykal'skiy Kray, Russia",RS93,50.9333,111.583,,,75.0
4,"Churban, Zabaykal'skiy Kray, Russia",RS93,54.1249,119.314,,,75.0
4,"Lenno, Pskovskaya Oblast', Russia",RS60,57.2333,30.45,,,60.0
4,"Kaysha, Irkutskaya Oblast', Russia",RS20,53.4036,106.112,,,38.0
4,"Oktyabrskaya, Udmurtiya, Russia",RS80,56.3926,54.2618,,,18.0
4,"Ogloblin, Volgogradskaya Oblast', Russia",RS84,49.0833,45.4667,,,34.0
4,"Kushka, Magadanskaya Oblast', Russia",RS44,61.9667,160.367,,,49.0
4,"Norka, Saratovskaya Oblast', Russia",RS67,51.1641,45.3084,,,64.0
4,"Ides, Permskiy Kray, Russia",RS90,58.2738,55.2934,,,59.0
4,"Chencho, Buryatiya, Russia",RS11,55.9792,111.086,,,3.0
4,"Akhtyrka, Tambovskaya Oblast', Russia",RS72,52.548,41.6654,,,68.0
4,"Krasnoarmeysk, Chechnya And Ingushetiya, Russia",RSCI,43.2233,46.2556,,,20.0
4,"Yusupova, Bashkortostan, Russia",RS08,55.6242,58.4342,,,2.0
4,"Malinin, Rostovskaya Oblast', Russia",RS61,48.6592,40.7289,,,61.0
4,"Tatar Strait, Russia (General), Russia",RS00,50.0,141.0,,,91.0
4,"Khotkovo, Pskovskaya Oblast', Russia",RS60,57.0167,28.7,,,60.0
4,"Shunak, Tatarstan, Russia",RS73,55.1701,52.2836,,,16.0
4,"Psel, Belgorodskaya Oblast', Russia",RS09,51.0976,36.7036,,,31.0
4,"Bryukhov, Permskiy Kray, Russia",RS90,56.8643,54.8388,,,59.0
4,"Volchikha, Nizhegorodskaya Oblast', Russia",RS51,55.5829,43.9077,,,52.0
4,"Kavali, Sakha (Yakutiya), Russia",RS63,56.9052,124.51,,,14.0
4,"Georgievski, Yaroslavskaya Oblast', Russia",RS88,58.0833,40.2333,,,76.0
4,"Nurda, Mariy-El, Russia",RS45,56.2089,48.1822,,,12.0
4,"Sarancha, Zabaykal'skiy Kray, Russia",RS93,50.9331,117.365,,,75.0
4,"Mishin, Volgogradskaya Oblast', Russia",RS84,50.3599,43.535,,,34.0
4,"Gushchin, Kirovskaya Oblast', Russia",RS33,57.8167,49.0667,,,43.0
4,"Dippy, Khabarovskiy Kray, Russia",RS30,49.7242,135.721,,,27.0
4,"Sobaka, Russia (General), Russia",RS00,57.0127,49.6421,,,91.0
4,"Nikolskoye, Tul'skaya Oblast', Russia",RS76,54.429,37.5103,,,71.0
4,"Shinar, Tatarstan, Russia",RS73,55.9884,50.2675,,,16.0
4,"Menzelinsk, Tatarstan, Russia",RS73,55.7271,53.1026,383.0,0.33419406377750344,16.0
4,"Nilos, Komi, Russia",RS34,61.1707,49.3433,,,11.0
4,"Barabak, Bashkortostan, Russia",RS08,53.534,57.3548,,,2.0
4,"Nadezhdinskaya, Primorskiy Kray, Russia",RS59,43.3679,131.974,794.0,1.6002637607564867,25.0
4,"Zarubino, Sverdlovskaya Oblast', Russia",RS71,56.6038,63.9037,,,66.0
4,"Amire, Stavropol'skiy Kray, Russia",RS70,45.0603,42.8142,,,26.0
4,"Sofina, Tul'skaya Oblast', Russia",RS76,53.7588,38.6471,,,71.0
4,"Zalese, Kaliningradskaya Oblast', Russia",RS23,54.8425,21.5224,,,39.0
4,"Sosny, Saratovskaya Oblast', Russia",RS67,51.3,45.4,,,64.0
4,"Osnova, Sakha (Yakutiya), Russia",RS63,61.7167,138.217,,,14.0
4,"Selivanova, Kaluzhskaya Oblast', Russia",RS25,54.1276,35.5282,,,40.0
4,"Grabtsevo, Kaluzhskaya Oblast', Russia",RS25,54.5652,36.3719,,,40.0
4,"Yarensk, Arkhangel'skaya Oblast', Russia",RS06,62.1675,49.0916,905.0,0.5705984021023415,29.0
4,"Fakel, Udmurtiya, Russia",RS80,57.631,53.0251,,,18.0
4,"Radchenko, Rostovskaya Oblast', Russia",RS61,49.051,40.1701,,,61.0
4,"Gvasyugi, Khabarovskiy Kray, Russia",RS30,47.6681,136.18,,,27.0
4,"Lysaya, 92, Russia",RS92,51.0575,156.761,,,41.0
4,"Kazas, Kemerovskaya Oblast', Russia",RS29,53.6067,87.8427,,,42.0
4,"Krasny Yar, Altayskiy Kray, Russia",RS04,52.4833,79.6,,,22.0
4,"Koro, Sakha (Yakutiya), Russia",RS63,60.3833,137.667,,,14.0
4,"Khodynka, Novgorodskaya Oblast', Russia",RS52,58.3548,34.5271,,,53.0
4,"Tavricheskiy, Krasnodarskiy Kray, Russia",RS38,45.7167,40.5167,,,23.0
4,"Novoyeniseysk, Krasnoyarskiy Kray, Russia",RS39,58.2938,92.3823,,,24.0
4,"Uspekh, Astrakhanskaya Oblast', Russia",RS07,46.0723,48.0422,,,30.0
4,"Podkumok, Stavropol'skiy Kray, Russia",RS70,43.9514,42.7578,,,26.0
4,"Rudnevo, Tverskaya Oblast', Russia",RS77,57.4167,33.4899,,,69.0
4,"Kommunarka, Novgorodskaya Oblast', Russia",RS52,58.1856,33.9244,,,53.0
4,"Kharp, Yamalo-Nenetskiy Avtonomnyy Okrug, Russia",RS87,66.8014,65.8081,,,89.0
4,"Tabya, Russia (General), Russia",RS00,53.7421,33.6997,,,91.0
4,"Algen, Irkutskaya Oblast', Russia",RS20,52.5323,102.166,,,38.0
4,"Annina, Saratovskaya Oblast', Russia",RS67,52.4748,44.5634,,,64.0
4,"Krasukha, Tverskaya Oblast', Russia",RS77,57.3872,33.1978,,,69.0
4,"Saratov, Saratovskaya Oblast', Russia",RS67,51.5406,46.0086,1911.0,2.1538891701270257,64.0
4,"Komintern, Altayskiy Kray, Russia",RS04,52.1667,80.2,,,22.0
4,"Posyolok, Sakhalinskaya Oblast', Russia",RS64,49.6333,142.167,,,65.0
4,"Kharas, Tyva, Russia",RS79,52.6167,95.45,,,17.0
4,"Shcherbachi, Orlovskaya Oblast', Russia",RS56,52.6717,37.5195,,,57.0
4,"Smolenskoye, Sankt-Peterburg, Russia",RS66,59.9064,30.3947,,,47.0
4,"Preobrazheniye, Lipetskaya Oblast', Russia",RS43,52.5771,37.8599,,,48.0
4,"Okhta, Novgorodskaya Oblast', Russia",RS52,57.9756,32.3918,,,53.0
4,"Paliy, Rostovskaya Oblast', Russia",RS61,47.5073,38.7118,,,61.0
4,"Samoylov, Kurskaya Oblast', Russia",RS41,51.3427,36.6118,,,46.0
4,"Demidov, Saratovskaya Oblast', Russia",RS67,50.9461,48.0313,,,64.0
4,"Kabanova, Moskovskaya Oblast', Russia",RS47,55.7482,38.9351,,,50.0
4,"Samus, Smolenskaya Oblast', Russia",RS69,55.65,31.1167,,,67.0
4,"Ludya, Udmurtiya, Russia",RS80,58.1574,53.5271,,,18.0
4,"Novosadovoye, Chechnya And Ingushetiya, Russia",RSCI,43.1635,46.0012,,,20.0
4,"Parkhomenko, Volgogradskaya Oblast', Russia",RS84,48.5691,44.1406,,,34.0
4,"Alexandrovsk, Sakhalinskaya Oblast', Russia",RS64,50.8975,142.156,,,65.0
4,"Stupino, Astrakhanskaya Oblast', Russia",RS07,48.3063,45.7862,,,30.0
4,"Arsenyev, Primorskiy Kray, Russia",RS59,44.1616,133.277,776.0,0.6124604723277746,25.0
4,"Kiche, Dagestan, Russia",RS17,41.5315,47.4817,,,5.0
4,"Nanai, Sakhalinskaya Oblast', Russia",RS64,50.3333,142.167,,,65.0
4,"Sikhote-Alin, Russia (General), Russia",RS00,48.0,138.0,,,91.0
4,"Rokot, Smolenskaya Oblast', Russia",RS69,54.9857,31.3068,,,67.0
4,"Mauka, Sakhalinskaya Oblast', Russia",RS64,47.0511,142.057,,,65.0
4,"Algan, Amurskaya Oblast', Russia",RS05,53.8333,127.367,,,28.0
4,"Rodnik, Chelyabinskaya Oblast', Russia",RS13,55.1517,61.9435,,,74.0
4,"Bovin, Voronezhskaya Oblast', Russia",RS86,50.4407,40.9289,,,36.0
4,"Pirogova, Yaroslavskaya Oblast', Russia",RS88,58.435,40.8257,,,76.0
4,"Akol, Altay, Russia",RS03,52.6667,87.0,,,4.0
4,"Karshi, Sverdlovskaya Oblast', Russia",RS71,56.8941,57.9229,,,66.0
4,"Belyakov, Kurganskaya Oblast', Russia",RS40,55.645,68.0967,,,45.0
4,"Redio, Bashkortostan, Russia",RS08,54.9696,58.0551,,,2.0
4,"Semenova, Kurganskaya Oblast', Russia",RS40,56.5293,63.2045,,,45.0
4,"Gromkiy, Stavropol'skiy Kray, Russia",RS70,44.3986,44.0986,,,26.0
4,"Ust- Bolsheretsk, 92, Russia",RS92,52.8233,156.278,615.0,0.2574525350308319,41.0
4,"Sukharev, Nenetskiy Avtonomnyy Okrug, Russia",RS50,66.5833,46.5833,,,83.0
4,"Tobys, Komi, Russia",RS34,63.2761,53.0717,,,11.0
4,"Blagodatny, Tatarstan, Russia",RS73,54.7951,52.8101,,,16.0
4,"Lubina, Novgorodskaya Oblast', Russia",RS52,58.2155,30.1628,,,53.0
4,"Troitsa Bay, Primorskiy Kray, Russia",RS59,42.6389,131.106,,,25.0
4,"Tvertsa, Tverskaya Oblast', Russia",RS77,56.8637,35.9197,,,69.0
4,"Maltsev, Krasnodarskiy Kray, Russia",RS38,45.7306,39.6353,,,23.0
4,"Provideniya, Russia (General), Russia",RS00,64.3833,-173.3,2346.0,2.972045846418655,91.0
4,"Bureya, Amurskaya Oblast', Russia",RS05,49.8133,129.813,873.0,4.8394721594171966,28.0
4,"Stari, Novgorodskaya Oblast', Russia",RS52,58.3406,33.0939,,,53.0
4,"Erlen, Kaliningradskaya Oblast', Russia",RS23,54.9797,21.5383,,,39.0
4,"Shesterkin, Volgogradskaya Oblast', Russia",RS84,49.5833,46.7667,,,34.0
4,"Yeisk, Krasnodarskiy Kray, Russia",RS38,46.7055,38.2739,,,23.0
4,"Chelyuskin, Bryanskaya Oblast', Russia",RS10,52.3928,34.099,,,32.0
4,"Chernogorsk, Khakasiya, Russia",RS31,53.8236,91.2842,452.0,1.972528669876018,19.0
4,"Sozh, Smolenskaya Oblast', Russia",RS69,54.4669,32.6808,,,67.0
4,"Tropa, 92, Russia",RS92,53.3228,156.281,,,41.0
4,"Mamonovo, Kirovskaya Oblast', Russia",RS33,57.7232,51.7725,,,43.0
4,"Sagarchin, Orenburgskaya Oblast', Russia",RS55,50.9025,55.9106,,,56.0
4,"Chernyshevskoye, Kaliningradskaya Oblast', Russia",RS23,54.6389,22.7331,,,39.0
4,"Shakhtau, Bashkortostan, Russia",RS08,53.656,56.0731,,,2.0
4,"Belaya, Vologodskaya Oblast', Russia",RS85,58.9961,35.4904,,,35.0
4,"Dedov, Bryanskaya Oblast', Russia",RS10,52.5242,32.839,,,32.0
4,"Yasnogorsk, Tul'skaya Oblast', Russia",RS76,54.4808,37.6985,2189.0,0.3748466761471407,71.0
4,"Revyakino, Tverskaya Oblast', Russia",RS77,56.136,34.8163,,,69.0
4,"Akri, Moskovskaya Oblast', Russia",RS47,54.8755,38.1238,,,50.0
4,"Trun, Permskiy Kray, Russia",RS90,56.4344,56.3126,,,59.0
4,"Lineynaya, Krasnodarskiy Kray, Russia",RS38,44.5919,39.4925,,,23.0
4,"Krasny-Liman, Voronezhskaya Oblast', Russia",RS86,51.5383,39.8491,,,36.0
4,"Ruza, Moskovskaya Oblast', Russia",RS47,55.699,36.1952,1477.0,0.10389399684766558,50.0
4,"Borsk, Krasnoyarskiy Kray, Russia",RS39,56.4383,92.9017,,,24.0
4,"Patakino, Vladimirskaya Oblast', Russia",RS83,56.2692,40.9117,,,33.0
4,"Glotovo, Komi, Russia",RS34,63.4799,49.4797,,,11.0
4,"Moshok, Tul'skaya Oblast', Russia",RS76,54.0667,38.1667,,,71.0
4,"Agapov, Irkutskaya Oblast', Russia",RS20,55.1241,104.739,,,38.0
4,"Kozlyatevo, Vladimirskaya Oblast', Russia",RS83,56.1946,39.1737,,,33.0
4,"Boris Gleb, Smolenskaya Oblast', Russia",RS69,55.749,34.4773,,,67.0
4,"Kuzovkin, Voronezhskaya Oblast', Russia",RS86,51.6231,40.7467,,,36.0
4,"Kamenevo, Orlovskaya Oblast', Russia",RS56,52.4877,37.7057,,,57.0
4,"Vyazniki, Voronezhskaya Oblast', Russia",RS86,50.9725,39.401,,,36.0
4,"Pikalevo, Novgorodskaya Oblast', Russia",RS52,58.05,30.8333,,,53.0
4,"Molodaya Gvardiya, Samarskaya Oblast', Russia",RS65,53.1,49.7333,,,63.0
4,"Dymo, Amurskaya Oblast', Russia",RS05,52.0833,128.3,,,28.0
4,"Elban, Khabarovskiy Kray, Russia",RS30,50.09,136.5,,,27.0
4,"Moshen, Novgorodskaya Oblast', Russia",RS52,58.5642,33.5997,,,53.0
4,"Kogi, Tverskaya Oblast', Russia",RS77,57.1545,37.7691,,,69.0
4,"Zhirnov, Orenburgskaya Oblast', Russia",RS55,51.6818,52.6008,,,56.0
4,"Gumbinnen, Kaliningradskaya Oblast', Russia",RS23,54.5922,22.1997,,,39.0
4,"Volkovskaya, Tverskaya Oblast', Russia",RS77,56.8741,31.0914,,,69.0
4,"Klinskoye, Moskovskaya Oblast', Russia",RS47,54.8311,38.7004,,,50.0
4,"Mokhnaty, Voronezhskaya Oblast', Russia",RS86,51.0628,39.9117,,,36.0
4,"Kasli, Chelyabinskaya Oblast', Russia",RS13,55.8909,60.7616,2300.0,0.48608848237841057,74.0
4,"Kazakovo, Sverdlovskaya Oblast', Russia",RS71,56.6631,63.738,,,66.0
4,"Gorodets, Kaluzhskaya Oblast', Russia",RS25,54.7806,35.0522,,,40.0
4,"Moskova, Bashkortostan, Russia",RS08,53.9789,59.105,,,2.0
4,"Gorets, Permskiy Kray, Russia",RS90,58.7338,54.6855,,,59.0
4,"Chubarov, Voronezhskaya Oblast', Russia",RS86,51.013,40.0986,,,36.0
4,"Krafty, Omskaya Oblast', Russia",RS54,54.9667,71.7333,,,55.0
4,"Krasnoselskaya, Krasnoyarskiy Kray, Russia",RS39,53.4258,93.3658,,,24.0
4,"Klimkin, Astrakhanskaya Oblast', Russia",RS07,48.75,46.3667,,,30.0
4,"Novo-Filya, Dagestan, Russia",RS17,41.72,48.4583,,,5.0
4,"Tagirkent-Kazmalyar, Dagestan, Russia",RS17,41.8155,48.508,,,5.0
4,"Butorin, Irkutskaya Oblast', Russia",RS20,56.7228,103.853,,,38.0
4,"Nefedova, Tverskaya Oblast', Russia",RS77,56.0983,34.5534,,,69.0
4,"Karpenkov, Rostovskaya Oblast', Russia",RS61,49.225,40.2657,,,61.0
4,"Olon, Primorskiy Kray, Russia",RS59,46.5388,135.337,,,25.0
4,"Novocherkask, Rostovskaya Oblast', Russia",RS61,47.4202,40.0913,1798.0,0.34724022155761414,61.0
4,"Ozero Krugloye, Krasnoyarskiy Kray, Russia",RS39,55.8319,94.1663,,,24.0
4,"Talnakh, Krasnoyarskiy Kray, Russia",RS91,69.4865,88.3972,,,24.0
4,"Oktyabrskiy, Bashkortostan, Russia",RS08,55.8206,58.0943,,,2.0
5,"Udmurtiya, Udmurtiya, Russia",RS80,57.0,53.0,,,18.0
4,"Semikarakorsk, Rostovskaya Oblast', Russia",RS61,47.5194,40.8112,1836.0,0.343664659912089,61.0
4,"Pyatnitskaya, Lipetskaya Oblast', Russia",RS43,52.4779,38.0714,,,48.0
4,"Ternovka, Rostovskaya Oblast', Russia",RS61,48.9287,40.3411,,,61.0
4,"Kubra, Dagestan, Russia",RS17,42.1437,47.0817,,,5.0
4,"Kremennaya, Permskiy Kray, Russia",RS90,60.8472,57.4609,,,59.0
4,"Voskresenskoye, Novgorodskaya Oblast', Russia",RS52,58.6155,35.9832,,,53.0
4,"Khokhlova, Vologodskaya Oblast', Russia",RS85,59.1492,37.3998,,,35.0
4,"Akur, Khabarovskiy Kray, Russia",RS30,49.8464,140.018,,,27.0
4,"Tere, Evenkiyskiy Avtonomnyy Okrug, Russia",RS18,63.0339,95.3083,,,
4,"Stepanovskoye, Kaluzhskaya Oblast', Russia",RS25,54.9567,35.7944,,,40.0
4,"Khloponin, Krasnodarskiy Kray, Russia",RS38,44.2923,41.5794,,,23.0
4,"Suchkovo, Krasnoyarskiy Kray, Russia",RS39,56.5768,90.4555,,,24.0
4,"Achinsk, Krasnoyarskiy Kray, Russia",RS39,56.4469,90.5421,684.0,19.936376273545008,24.0
4,"Ustyansk, Krasnoyarskiy Kray, Russia",RS39,56.5234,96.016,,,24.0
4,"Kamyshlov, Sverdlovskaya Oblast', Russia",RS71,56.8428,62.7111,2040.0,0.7820991294992509,66.0
4,"Zhireken, Zabaykal'skiy Kray, Russia",RS93,52.8249,117.308,,,75.0
4,"Kirovo, Khakasiya, Russia",RS31,53.3461,91.8986,,,19.0
4,"Khrushchevka, Orlovskaya Oblast', Russia",RS56,52.637,36.7883,,,57.0
4,"Divya, Permskiy Kray, Russia",RS90,58.2833,56.5985,,,59.0
4,"Belogorsk, Kemerovskaya Oblast', Russia",RS29,55.0178,88.4897,,,42.0
4,"Izborsk, Pskovskaya Oblast', Russia",RS60,57.7076,27.8629,,,60.0
4,"Arada, Dagestan, Russia",RS17,43.3096,47.1506,,,5.0
4,"Usumun, Sakha (Yakutiya), Russia",RS63,69.6667,114.4,,,14.0
4,"Chimidikyan, Sakha (Yakutiya), Russia",RS63,66.1794,119.613,,,14.0
4,"Ebelyakh, Sakha (Yakutiya), Russia",RS63,70.9,113.567,,,14.0
4,"Ukukit, Sakha (Yakutiya), Russia",RS63,69.5333,118.167,,,14.0
4,"Udachnaya, Krasnoyarskiy Kray, Russia",RS39,56.6794,90.3766,,,24.0
4,"Luchakan, Sakha (Yakutiya), Russia",RS63,69.3167,114.533,,,14.0
4,"Tyung, Sakha (Yakutiya), Russia",RS63,63.7697,121.545,,,14.0
4,"Malaya Kuonamka, Sakha (Yakutiya), Russia",RS63,70.75,113.4,,,14.0
4,"Omonos, Sakha (Yakutiya), Russia",RS63,69.3,116.6,,,14.0
4,"Delingde, Sakha (Yakutiya), Russia",RS63,70.1333,114.0,,,14.0
4,"Bolshaya Kuonamka, Sakha (Yakutiya), Russia",RS63,70.75,113.4,,,14.0
4,"Maspaky, Sakha (Yakutiya), Russia",RS63,70.2,113.783,,,14.0
4,"Olma, Arkhangel'skaya Oblast', Russia",RS06,65.1005,43.5349,,,29.0
4,"Kuya, Nenetskiy Avtonomnyy Okrug, Russia",RS50,67.7717,53.2638,,,83.0
4,"Balchug, Kirovskaya Oblast', Russia",RS33,58.7907,48.5589,,,43.0
4,"Tushino, Kaliningradskaya Oblast', Russia",RS23,54.9842,22.1942,,,39.0
4,"Dagomys, Krasnodarskiy Kray, Russia",RS38,43.6697,39.6686,,,23.0
4,"Annushka, Magadanskaya Oblast', Russia",RS44,62.15,152.65,,,49.0
4,"Samsonova, Irkutskaya Oblast', Russia",RS20,53.1833,102.883,,,38.0
4,"Golikovo, Chuvashiya, Russia",RS16,56.0698,47.4507,,,21.0
4,"Yangiskain, Bashkortostan, Russia",RS08,53.7746,56.2949,,,2.0
4,"Malysheva, Krasnoyarskiy Kray, Russia",RS39,58.375,92.427,,,24.0
4,"Garnaya, Tyumenskaya Oblast', Russia",RS78,58.4252,72.4493,,,72.0
4,"Peus, Krasnodarskiy Kray, Russia",RS38,44.1167,39.2167,,,23.0
4,"Yakolevka, Permskiy Kray, Russia",RS90,57.0131,56.6939,,,59.0
4,"Pechatniki, Smolenskaya Oblast', Russia",RS69,55.6328,33.3872,,,67.0
4,"Sebezh, Pskovskaya Oblast', Russia",RS60,56.8886,29.14,,,60.0
4,"Troitskiy, Novosibirskaya Oblast', Russia",RS53,54.0028,79.9372,,,54.0
4,"Korovin, Saratovskaya Oblast', Russia",RS67,50.9025,49.1366,,,64.0
4,"Fedka, Kirovskaya Oblast', Russia",RS33,58.3019,50.4757,,,43.0
4,"Dodonovo, Krasnoyarskiy Kray, Russia",RS39,56.2758,93.4375,,,24.0
4,"Uralsk, Bashkortostan, Russia",RS08,54.1219,59.125,,,2.0
4,"Sarta, Zabaykal'skiy Kray, Russia",RS93,51.3065,115.314,,,75.0
4,"Kornev, Saratovskaya Oblast', Russia",RS67,50.8443,48.8476,,,64.0
4,"Spassk, Ryazanskaya Oblast', Russia",RS62,54.404,40.3762,1868.0,0.5147875194253158,62.0
4,"Shipachi, Sverdlovskaya Oblast', Russia",RS71,56.6481,62.2613,,,66.0
4,"Lotoshino, Moskovskaya Oblast', Russia",RS47,56.2349,35.6427,1494.0,0.6901724633930729,50.0
4,"Elektrogorsk, Moskovskaya Oblast', Russia",RS47,55.8843,38.7864,1487.0,0.5571373858392735,50.0
4,"Zaraysk, Moskovskaya Oblast', Russia",RS47,54.7605,38.8784,1449.0,0.3066859809416965,50.0
4,"Orekhovo-Zuevo, Moskovskaya Oblast', Russia",RS47,55.8067,38.9618,1470.0,1.0901751905534656,50.0
4,"Erzin, Tyva, Russia",RS79,50.261,95.1623,417.0,4.151675547995465,17.0
4,"Cheremshanskoye, Tyumenskaya Oblast', Russia",RS78,56.2201,69.4043,,,72.0
4,"Mesha, Tatarstan, Russia",RS73,55.4883,49.3312,,,16.0
4,"Anyk, Khabarovskiy Kray, Russia",RS30,51.2573,133.562,,,27.0
4,"Egeda, Dagestan, Russia",RS17,42.4097,46.8439,,,5.0
4,"Pogonovo, Voronezhskaya Oblast', Russia",RS86,51.4542,39.106,,,36.0
4,"Orekhovo-Zuyevo, Moskovskaya Oblast', Russia",RS47,55.8067,38.9618,1470.0,1.0901751905534656,50.0
4,"Pechora, Komi, Russia",RS34,65.1472,57.2244,234.0,4.717687774138477,11.0
4,"Baranets, Tverskaya Oblast', Russia",RS77,56.4908,31.2007,,,69.0
4,"Tamga, Primorskiy Kray, Russia",RS59,45.5667,133.633,,,25.0
4,"Naita, Sakhalinskaya Oblast', Russia",RS64,49.1,144.267,,,65.0
4,"Zmeyev, Krasnoyarskiy Kray, Russia",RS39,57.8665,92.1107,,,24.0
4,"Rypy, Yaroslavskaya Oblast', Russia",RS88,57.842,38.514,,,76.0
4,"Otradnoe, Kaliningradskaya Oblast', Russia",RS23,54.3788,21.8934,,,39.0
4,"Enoura, Sakhalinskaya Oblast', Russia",RS64,46.7333,142.633,,,65.0
4,"Vaya, Permskiy Kray, Russia",RS90,60.5901,58.3807,,,59.0
4,"Ploshchad, Tul'skaya Oblast', Russia",RS76,53.86,36.6359,,,71.0
4,"Repino, Tverskaya Oblast', Russia",RS77,56.3915,35.2357,,,69.0
4,"Chingis, Novosibirskaya Oblast', Russia",RS53,54.1254,81.62,,,54.0
4,"Archangelsk, Arkhangel'skaya Oblast', Russia",RS06,64.5401,40.5433,,,29.0
4,"Mudyug, Arkhangel'skaya Oblast', Russia",RS06,64.8608,40.2854,,,29.0
4,"Pavlovskoye, Arkhangel'skaya Oblast', Russia",RS06,61.5881,42.5628,,,29.0
4,"Shorna, Vladimirskaya Oblast', Russia",RS83,56.3171,39.0397,,,33.0
4,"Belizna, Bryanskaya Oblast', Russia",RS10,53.5646,33.6031,,,32.0
4,"Oskol, Russia (General), Russia",RS00,50.0006,37.8949,,,91.0
4,"Zveroboy, Sakha (Yakutiya), Russia",RS63,56.5142,125.313,,,14.0
4,"Yerba, Khakasiya, Russia",RS31,54.3733,91.1128,,,19.0
4,"Svetlogorsk, Kaliningradskaya Oblast', Russia",RS23,54.9399,20.1548,1190.0,0.20709777207403582,39.0
4,"Nizhnekamsk, Tatarstan, Russia",RS73,55.6366,51.8245,385.0,0.7441655682732092,16.0
4,"Omutninsk, Kirovskaya Oblast', Russia",RS33,58.67,52.1932,1285.0,0.9980124693441037,43.0
4,"Dvurechnaya, Krasnoyarskiy Kray, Russia",RS39,55.7108,94.77,,,24.0
4,"Dolgiye Borody, Novgorodskaya Oblast', Russia",RS52,58.0244,33.3086,,,53.0
4,"Vozdvizhenka, Altayskiy Kray, Russia",RS04,52.75,79.0667,,,22.0
4,"Sultan-Saly, Rostovskaya Oblast', Russia",RS61,47.3544,39.5808,,,61.0
4,"Bibirevo, Tverskaya Oblast', Russia",RS77,56.379,32.3043,,,69.0
4,"Ulanga, Amurskaya Oblast', Russia",RS05,53.3833,126.533,,,28.0
4,"Alyabino, Vologodskaya Oblast', Russia",RS85,59.7866,38.1763,,,35.0
4,"Chertanovo Yuzhnoye, Moskva, Russia",RS48,55.5907,37.5952,,,50.0
4,"Mitino, Smolenskaya Oblast', Russia",RS69,55.2669,33.8783,,,67.0
4,"Pargolovo, Sankt-Peterburg, Russia",RS66,60.0869,30.2718,,,47.0
4,"Voskhod, Rostovskaya Oblast', Russia",RS61,47.4406,41.6994,,,61.0
4,"Khondey, Tyva, Russia",RS79,50.1991,95.5693,,,17.0
4,"Zaborskaya, Kurganskaya Oblast', Russia",RS40,55.175,65.2361,,,45.0
4,"Fialka, Tverskaya Oblast', Russia",RS77,56.7008,32.8453,,,69.0
4,"Arsenyevo, Tul'skaya Oblast', Russia",RS76,53.1594,37.6911,,,71.0
4,"Pekhorka, Chuvashiya, Russia",RS16,55.0308,46.1716,,,21.0
4,"Kadyrova, Bashkortostan, Russia",RS08,55.3825,58.2825,,,2.0
4,"Nevelskoy, Khabarovskiy Kray, Russia",RS30,48.1128,134.674,,,27.0
4,"Kulishki, Tul'skaya Oblast', Russia",RS76,53.877,38.2954,,,71.0
4,"Barma, Tul'skaya Oblast', Russia",RS76,53.9491,38.6825,,,71.0
4,"Olgino, Lipetskaya Oblast', Russia",RS43,53.2566,38.7545,,,48.0
4,"Labytnangi, Yamalo-Nenetskiy Avtonomnyy Okrug, Russia",RS87,66.6572,66.4183,2240.0,3.596429134983742,89.0
4,"Muravlenko, Yamalo-Nenetskiy Avtonomnyy Okrug, Russia",RS87,63.7833,73.5,,,89.0
4,"Noyabrsk, Yamalo-Nenetskiy Avtonomnyy Okrug, Russia",RS87,63.1667,75.6167,2243.0,14.558485340135404,89.0
4,"Vlasy, Permskiy Kray, Russia",RS90,58.088,55.5485,,,59.0
4,"Aydan, Sakha (Yakutiya), Russia",RS63,64.3247,122.349,,,14.0
4,"Nuuchcha, Sakha (Yakutiya), Russia",RS63,70.9833,137.2,,,14.0
4,"Mityanino, Moskovskaya Oblast', Russia",RS47,55.8988,38.1883,,,50.0
4,"Shchelkovo, Yaroslavskaya Oblast', Russia",RS88,57.4545,37.8358,,,76.0
4,"Turma, Irkutskaya Oblast', Russia",RS20,56.1911,100.887,,,38.0
4,"Svirsk, Irkutskaya Oblast', Russia",RS20,52.9833,103.398,1143.0,9.948670878883869,38.0
4,"Mironova, Ryazanskaya Oblast', Russia",RS62,54.5398,40.6521,,,62.0
4,"Sadovod, Kurganskaya Oblast', Russia",RS40,55.1786,67.2556,,,45.0
4,"Znamenskaya, Lipetskaya Oblast', Russia",RS43,52.8241,38.737,,,48.0
4,"Semenovskaya, Kaluzhskaya Oblast', Russia",RS25,54.8469,35.2014,,,40.0
4,"Kolpashevo, Tomskaya Oblast', Russia",RS75,58.3131,82.9089,2155.0,0.3183772518021701,70.0
4,"Bakchar, Tomskaya Oblast', Russia",RS75,57.0186,82.0711,2150.0,0.33456279557730007,70.0
4,"Bronka, Leningradskaya Oblast', Russia",RS42,59.9281,29.6564,,,47.0
4,"Snezhinsk, Chelyabinskaya Oblast', Russia",RS13,56.085,60.7314,2284.0,0.2369614227875039,74.0
4,"Danilchenko, Volgogradskaya Oblast', Russia",RS84,49.3667,45.6833,,,34.0
4,"Kiryanova, Permskiy Kray, Russia",RS90,59.9584,56.2738,,,59.0
4,"Barbashev, Krasnodarskiy Kray, Russia",RS38,44.795,39.6256,,,23.0
4,"Ko Ni, Komi, Russia",RS34,62.8998,50.6845,,,11.0
4,"Fryanovo, Moskovskaya Oblast', Russia",RS47,56.1333,38.45,,,50.0
4,"Kirovka, Rostovskaya Oblast', Russia",RS61,48.713,41.4658,,,61.0
4,"Nurta, Buryatiya, Russia",RS11,50.3893,103.132,,,3.0
4,"Komsomolskoye, Saratovskaya Oblast', Russia",RS67,50.7825,47.0425,,,64.0
4,"Sarova, Nizhegorodskaya Oblast', Russia",RS51,54.9358,43.3235,1531.0,0.8391394644224509,52.0
4,"Pereyaslavka, Khabarovskiy Kray, Russia",RS30,47.9663,135.06,851.0,0.45716217781715074,27.0
4,"Kashirka, Lipetskaya Oblast', Russia",RS43,52.5958,39.2492,,,48.0
4,"Ulma, Khabarovskiy Kray, Russia",RS30,48.6,139.85,,,27.0
4,"Pizhanka, Kirovskaya Oblast', Russia",RS33,57.4604,48.542,1289.0,0.4889193983130938,43.0
4,"Zvyagintsev, Stavropol'skiy Kray, Russia",RS70,45.7331,41.9331,,,26.0
4,"Sankt Petersburg, Sankt-Peterburg, Russia",RS66,59.8944,30.2642,,,47.0
4,"Ilyusha, Kirovskaya Oblast', Russia",RS33,58.95,53.3,,,43.0
4,"Retno, Novgorodskaya Oblast', Russia",RS52,57.991,30.2076,,,53.0
4,"Pervomayskiy, Belgorodskaya Oblast', Russia",RS09,50.5794,36.5675,,,31.0
4,"Pokrovskoye-Streshnevo, Moskva, Russia",RS48,55.808,37.4581,,,50.0
4,"Minskaya, Krasnoyarskiy Kray, Russia",RS39,57.0976,93.3377,,,24.0
4,"Tossi, Sakhalinskaya Oblast', Russia",RS64,53.2833,143.1,,,65.0
4,"Selyatino, Tverskaya Oblast', Russia",RS77,57.6738,36.6252,,,69.0
4,"Malino, Tverskaya Oblast', Russia",RS77,57.4596,37.0533,,,69.0
4,"Darka, Khabarovskiy Kray, Russia",RS30,47.7637,135.247,,,27.0
4,"Moshkin, Rsja, Russia",RSJA,45.3083,148.358,,,65.0
4,"Lamor, Khabarovskiy Kray, Russia",RS30,50.9931,136.96,,,27.0
4,"Udinsk, Buryatiya, Russia",RS11,52.138,109.214,,,3.0
4,"Khuchni, Dagestan, Russia",RS17,41.9499,47.9485,148.0,0.2752797598560898,5.0
4,"Luchik, Udmurtiya, Russia",RS80,57.5962,53.026,,,18.0
4,"Khatanga, Taymyrskiy (Dolgano-Nenetskiy) Avtonomnyy Okrug, Russia",RS74,71.9667,102.5,,,24.0
4,"Fokina, Bryanskaya Oblast', Russia",RS10,53.2128,34.4186,957.0,26.67230872074236,32.0
4,"Serdtse, Leningradskaya Oblast', Russia",RS42,59.385,30.7481,,,47.0
4,"Zadaniye, Sverdlovskaya Oblast', Russia",RS71,57.9115,61.4004,,,66.0
4,"Kirovgrad, Sverdlovskaya Oblast', Russia",RS71,57.4297,60.0597,1991.0,0.539370456708444,66.0
4,"Bannikovo, Chelyabinskaya Oblast', Russia",RS13,54.6783,63.0817,,,74.0
4,"Karakal, Orenburgskaya Oblast', Russia",RS55,51.3082,57.669,,,56.0
4,"Kuzomen, Arkhangel'skaya Oblast', Russia",RS06,64.2744,42.9451,,,29.0
4,"Kakh, Dagestan, Russia",RS17,42.557,46.7914,,,5.0
4,"Orlovsk, Mariy-El, Russia",RS45,56.5977,49.945,,,12.0
4,"Nekrasovskaya, Kirovskaya Oblast', Russia",RS33,58.1534,46.9176,,,43.0
4,"Butovskaya, Yaroslavskaya Oblast', Russia",RS88,57.9552,37.8784,,,76.0
4,"Mamony, Permskiy Kray, Russia",RS90,57.7167,57.9,,,59.0
4,"Stanovaya, Lipetskaya Oblast', Russia",RS43,52.7347,38.3264,1425.0,4.06006987701834,48.0
4,"Kevie, Sakhalinskaya Oblast', Russia",RS64,51.2667,143.467,,,65.0
4,"Vyatskoye, Omskaya Oblast', Russia",RS54,57.6961,71.7392,,,55.0
4,"Staroselye, Kaluzhskaya Oblast', Russia",RS25,54.0167,35.65,,,40.0
4,"Parasha, Nizhegorodskaya Oblast', Russia",RS51,56.3433,43.8519,,,52.0
4,"Krym, Permskiy Kray, Russia",RS90,58.0292,55.8443,,,59.0
4,"Mezhnitsa, Kirovskaya Oblast', Russia",RS33,57.4707,47.7076,,,43.0
4,"Malaya Nevka, Sankt-Peterburg, Russia",RS66,59.9664,30.2356,,,47.0
4,"Lake Seliger, Tverskaya Oblast', Russia",RS77,57.192,33.0722,,,69.0
4,"Evenkia, Russia (General), Russia",RS00,65.0,98.0,,,91.0
4,"Syama, Arkhangel'skaya Oblast', Russia",RS06,63.1787,45.5479,,,29.0
4,"Strugov, Chelyabinskaya Oblast', Russia",RS13,54.7667,60.1,,,74.0
4,"Tashtyp, Khakasiya, Russia",RS31,52.7939,89.8983,458.0,20.374109421109814,19.0
4,"Kharasavey, Yamalo-Nenetskiy Avtonomnyy Okrug, Russia",RS87,71.0706,66.9219,,,89.0
4,"Kansk, Krasnoyarskiy Kray, Russia",RS39,56.2017,95.7175,674.0,0.8169146522012615,24.0
4,"Tynda, Amurskaya Oblast', Russia",RS05,55.1667,124.717,888.0,2.299231293133422,28.0
4,"Chapayevskiy, Saratovskaya Oblast', Russia",RS67,51.9667,50.2,,,64.0
4,"Ashkol, Khakasiya, Russia",RS31,54.75,89.3,,,19.0
4,"Kerensk, Penzenskaya Oblast', Russia",RS57,53.6916,43.0574,,,58.0
4,"Kolontay, Kaluzhskaya Oblast', Russia",RS25,55.0305,36.5296,,,40.0
4,"Siya, Arkhangel'skaya Oblast', Russia",RS06,63.6333,41.65,,,29.0
4,"Obolensk, Moskovskaya Oblast', Russia",RS47,54.9774,37.2245,,,50.0
5,"Tambov Oblast, Tambovskaya Oblast', Russia",RS72,52.75,41.5,,,68.0
4,"Kabakova, Sverdlovskaya Oblast', Russia",RS71,57.9405,61.9236,,,66.0
4,"Zalesje, Pskovskaya Oblast', Russia",RS60,57.7478,27.62,,,60.0
4,"Atal, Astrakhanskaya Oblast', Russia",RS07,46.1929,48.0225,,,30.0
4,"Shantar Islands, Khabarovskiy Kray, Russia",RS30,55.0,137.6,,,27.0
4,"Shantar, Khabarovskiy Kray, Russia",RS30,54.8667,137.5,,,27.0
4,"Kollektiv, Krasnodarskiy Kray, Russia",RS38,45.2047,39.7689,,,23.0
4,"Turgay, Astrakhanskaya Oblast', Russia",RS07,48.3203,46.9262,,,30.0
4,"Podmoskovye, Russia (General), Russia",RS00,55.5,37.0,,,91.0
4,"Yakina, Permskiy Kray, Russia",RS90,58.7416,54.8248,,,59.0
4,"Vodeno, Volgogradskaya Oblast', Russia",RS84,48.0227,43.9783,,,34.0
4,"Gromova, Astrakhanskaya Oblast', Russia",RS07,48.3549,45.906,,,30.0
4,"Buru, Dagestan, Russia",RS17,43.713,46.7971,,,5.0
4,"Markova, Krasnoyarskiy Kray, Russia",RS39,64.0333,87.5667,,,24.0
4,"Skorobogatova, Kurganskaya Oblast', Russia",RS40,55.7653,64.2031,,,45.0
4,"Chapaevsk, Samarskaya Oblast', Russia",RS65,52.9771,49.7086,1883.0,0.4966786556231051,63.0
4,"Turny, Tverskaya Oblast', Russia",RS77,58.0661,33.6,,,69.0
4,"Borodki, Nizhegorodskaya Oblast', Russia",RS51,56.5333,44.5,,,52.0
4,"Prechistenskaya, Orenburgskaya Oblast', Russia",RS55,51.9455,55.8113,,,56.0
4,"Novinki, Yaroslavskaya Oblast', Russia",RS88,57.7968,37.9138,,,76.0
4,"Suribachi, Sakhalinskaya Oblast', Russia",RS64,50.1969,155.747,,,65.0
4,"Dragunskiy, Omskaya Oblast', Russia",RS54,55.3266,71.9544,,,55.0
4,"Belava, Tverskaya Oblast', Russia",RS77,56.6209,36.0619,,,69.0
4,"Kopeysk, Chelyabinskaya Oblast', Russia",RS13,55.131,61.6792,2279.0,4.161476785466142,74.0
4,"Chuguyev, Stavropol'skiy Kray, Russia",RS70,44.0228,44.6411,,,26.0
4,"Khudyaki, Tverskaya Oblast', Russia",RS77,56.9333,30.8833,,,69.0
4,"Bogatyri, Permskiy Kray, Russia",RS90,59.4833,53.9167,,,59.0
4,"Klimenkov, Belgorodskaya Oblast', Russia",RS09,50.5537,36.2366,,,31.0
4,"Alok, Buryatiya, Russia",RS11,52.552,109.295,,,3.0
4,"Pavlikhin, Orenburgskaya Oblast', Russia",RS55,51.8667,51.0,,,56.0
4,"Minusinsk, Krasnoyarskiy Kray, Russia",RS39,53.7103,91.6875,676.0,3.3569543274937046,24.0
4,"Girino, Rostovskaya Oblast', Russia",RS61,48.687,41.1413,,,61.0
4,"Tsaritsa, Volgogradskaya Oblast', Russia",RS84,48.6988,44.5141,,,34.0
4,"Shemakha, Chelyabinskaya Oblast', Russia",RS13,56.235,59.2631,,,74.0
4,"Kavya, Arkhangel'skaya Oblast', Russia",RS06,63.2194,45.8297,,,29.0
4,"Alyabyeva, Kurskaya Oblast', Russia",RS41,51.8333,35.8238,,,46.0
4,"Bakina, Omskaya Oblast', Russia",RS54,56.8289,75.6687,,,55.0
4,"Galushka, Krasnoyarskiy Kray, Russia",RS39,55.564,95.6696,,,24.0
4,"Sretenka, Amurskaya Oblast', Russia",RS05,51.0756,127.897,,,28.0
4,"Remezenki, Mordoviya, Russia",RS46,54.3715,45.5544,,,13.0
4,"Lev Tolstoy, Lipetskaya Oblast', Russia",RS43,53.2134,39.446,1423.0,0.15102392286704683,48.0
4,"Kangla, Khanty-Mansiyskiy Avtonomnyy Okrug, Russia",RS32,61.9,62.4667,,,86.0
4,"Novaya Tavolzhanka, Belgorodskaya Oblast', Russia",RS09,50.3512,36.8298,,,31.0
4,"Kazinka, Pskovskaya Oblast', Russia",RS60,56.1406,28.3056,,,60.0
4,"Sara Pan, Chechnya And Ingushetiya, Russia",RSCI,43.508,46.3402,,,20.0
4,"Aleshina, Sverdlovskaya Oblast', Russia",RS71,56.6698,62.3148,,,66.0
4,"Krasnokutskaya, Rostovskaya Oblast', Russia",RS61,49.1534,41.9532,,,61.0
4,"Shamshur, Udmurtiya, Russia",RS80,56.5333,52.6833,,,18.0
4,"Otty, Chechnya And Ingushetiya, Russia",RSCI,42.8008,45.3917,,,20.0
4,"Elagin Island, Sankt-Peterburg, Russia",RS66,59.9792,30.2564,,,47.0
4,"Black Earth Region, Russia (General), Russia",RS00,51.0,39.0,,,91.0
4,"Mundar, Sakha (Yakutiya), Russia",RS63,66.9667,145.4,,,14.0
4,"Baraki, Permskiy Kray, Russia",RS90,57.7333,58.4333,,,59.0
4,"Ulanok, Kurskaya Oblast', Russia",RS41,51.1385,35.4064,,,46.0
4,"Kalmykov, Rostovskaya Oblast', Russia",RS61,49.6135,41.0097,,,61.0
4,"Tuloy, Altay, Russia",RS03,52.0062,87.1222,,,4.0
4,"Tulpan, Permskiy Kray, Russia",RS90,61.358,57.4141,,,59.0
4,"Starykh, Voronezhskaya Oblast', Russia",RS86,51.6644,38.5907,,,36.0
4,"Posev, Permskiy Kray, Russia",RS90,58.5618,55.5424,,,59.0
4,"Podlesnoe, Checheno-Ingushskaya Avtonomnaya Sovetskaya Sotsialistichesk, Russia",RS12,43.1227,45.9858,,,20.0
4,"Krasnoi, Kareliya, Russia",RS28,66.4211,33.7642,,,10.0
4,"Kolocha, Moskovskaya Oblast', Russia",RS47,55.55,35.8597,,,50.0
4,"Maloyaroslavets, Kaluzhskaya Oblast', Russia",RS25,55.0146,36.4719,1212.0,0.8638476642876945,40.0
4,"Zabolotskiy, Arkhangel'skaya Oblast', Russia",RS06,61.2515,45.3081,,,29.0
4,"Ivanteyevka, Saratovskaya Oblast', Russia",RS67,52.2667,49.1055,1928.0,0.33153765670624624,64.0
4,"Koroli, Amurskaya Oblast', Russia",RS05,50.4758,129.022,,,28.0
4,"Divnogorye, Voronezhskaya Oblast', Russia",RS86,50.9544,39.2973,,,36.0
4,"Tikhaya Sosna, Voronezhskaya Oblast', Russia",RS86,50.9829,39.3061,,,36.0
4,"Uglegorsk, Amurskaya Oblast', Russia",RS05,51.7669,128.115,,,28.0
4,"Udarnoye, Moskovskaya Oblast', Russia",RS47,56.6,37.4167,,,50.0
4,"Cherkessk, Karachayevo-Cherkesiya, Russia",RS27,44.2233,42.0578,194.0,0.9568149636088119,9.0
4,"Asbest, Sverdlovskaya Oblast', Russia",RS71,56.4746,60.5226,,,66.0
4,"Berezhok, Novgorodskaya Oblast', Russia",RS52,58.8053,35.4529,,,53.0
4,"Revna, Russia (General), Russia",RS00,52.9722,34.0244,,,91.0
4,"Meshalkin, Kaluzhskaya Oblast', Russia",RS25,53.7808,35.8331,,,40.0
4,"Vinka, Novgorodskaya Oblast', Russia",RS52,58.377,32.27,,,53.0
4,"Kayna, Altay, Russia",RS03,52.1119,87.6683,,,4.0
4,"Vorobyevskaya, Arkhangel'skaya Oblast', Russia",RS06,61.7117,38.7512,,,29.0
4,"Arkhangelskoe, Stavropol'skiy Kray, Russia",RS70,44.6139,44.0894,,,26.0
4,"Pervy, Nenetskiy Avtonomnyy Okrug, Russia",RS50,68.9861,54.6241,,,83.0
4,"Korben, Kaliningradskaya Oblast', Russia",RS23,54.8808,20.5159,,,39.0
4,"Filatova, Rsja, Russia",RSJA,44.1833,146.025,,,65.0
4,"Pchela, Bryanskaya Oblast', Russia",RS10,52.5297,34.4759,,,32.0
4,"Urozhaynoye, Altayskiy Kray, Russia",RS04,52.3056,85.6494,,,22.0
4,"Nikulin, Rostovskaya Oblast', Russia",RS61,49.1639,41.4714,,,61.0
4,"Sakharova, Permskiy Kray, Russia",RS90,58.6456,54.7853,,,59.0
4,"Or Kino, Saratovskaya Oblast', Russia",RS67,52.0461,45.5725,,,64.0
4,"Petropavlovskaya, Krasnodarskiy Kray, Russia",RS38,45.0819,40.4513,,,23.0
4,"Komary, Pskovskaya Oblast', Russia",RS60,56.1696,28.3608,,,60.0
4,"Zelenin, Bryanskaya Oblast', Russia",RS10,52.2739,34.4058,,,32.0
4,"Tomarovka, Belgorodskaya Oblast', Russia",RS09,50.6834,36.2331,,,31.0
4,"Soloti, Belgorodskaya Oblast', Russia",RS09,50.2805,38.0489,,,31.0
4,"Galaktionovskaya, Arkhangel'skaya Oblast', Russia",RS06,61.4914,38.6178,,,29.0
4,"Kuzka, Ivanovskaya Oblast', Russia",RS21,57.2,40.1333,,,37.0
4,"Lakomka, Leningradskaya Oblast', Russia",RS42,59.1309,28.8615,,,47.0
4,"Presnyakova, Krasnoyarskiy Kray, Russia",RS39,56.0986,90.0638,,,24.0
4,"Marinskaya, Vologodskaya Oblast', Russia",RS85,59.3298,37.9098,,,35.0
4,"Velikan, Khabarovskiy Kray, Russia",RS30,51.6827,135.625,,,27.0
4,"Razumnoye, Belgorodskaya Oblast', Russia",RS09,50.5344,36.6846,,,31.0
4,"Frolovo, Permskiy Kray, Russia",RS90,58.4767,55.1725,,,59.0
4,"Medvedkovo, Moskovskaya Oblast', Russia",RS47,56.25,37.5167,,,50.0
4,"Pascha, Leningradskaya Oblast', Russia",RS42,60.3977,33.0678,,,47.0
4,"Ksha, Mordoviya, Russia",RS46,54.1686,46.0126,,,13.0
4,"Badan, Irkutskaya Oblast', Russia",RS20,52.1,104.933,,,38.0
4,"Baratayevka, Ul'yanovskaya Oblast', Russia",RS81,54.2928,48.2119,,,73.0
4,"Seven Islands, Murmanskaya Oblast', Russia",RS49,68.742,37.6047,,,51.0
4,"Alekhovshchina, Leningradskaya Oblast', Russia",RS42,60.4053,33.8582,,,47.0
4,"Semenow, Nizhegorodskaya Oblast', Russia",RS51,56.7875,44.493,1532.0,0.12870558379501537,52.0
4,"Babochka, Khabarovskiy Kray, Russia",RS30,59.7653,145.549,,,27.0
4,"Shora, Mariy-El, Russia",RS45,56.5249,49.8126,,,12.0
4,"Kasyanova, Krasnoyarskiy Kray, Russia",RS39,56.0562,96.3534,,,24.0
4,"Ozera, Bashkortostan, Russia",RS08,55.5036,58.1111,,,2.0
4,"Khabarovskaya, Irkutskaya Oblast', Russia",RS20,53.1011,105.005,,,38.0
4,"Alimov, Rostovskaya Oblast', Russia",RS61,49.7368,41.8392,,,61.0
4,"Tolstaya, Arkhangel'skaya Oblast', Russia",RS06,60.8744,40.5781,,,29.0
4,"Korsa, Tatarstan, Russia",RS73,56.1053,50.0342,,,16.0
4,"Belaya Luzha, Bryanskaya Oblast', Russia",RS10,52.7953,33.7419,,,32.0
4,"Rusakov, 92, Russia",RS92,58.2897,162.084,,,41.0
4,"Kirzhach, Vladimirskaya Oblast', Russia",RS83,56.1527,38.8551,996.0,1.2797473945646736,33.0
4,"Vakhchilka, Vladimirskaya Oblast', Russia",RS83,56.1514,38.881,,,33.0
4,"Arkay, Khabarovskiy Kray, Russia",RS30,56.8833,137.017,,,27.0
4,"Zhuravleva, Kemerovskaya Oblast', Russia",RS29,54.7845,85.0625,,,42.0
4,"Moskau, Moskva, Russia",RS48,55.7522,37.6156,,,50.0
4,"Tarnopol, Irkutskaya Oblast', Russia",RS20,54.046,102.769,,,38.0
4,"Dagmara, Amurskaya Oblast', Russia",RS05,52.3,129.667,,,28.0
4,"Ilka, Buryatiya, Russia",RS11,51.7201,108.516,,,3.0
4,"Zhirnovsk, Volgogradskaya Oblast', Russia",RS84,50.9845,44.7735,1019.0,0.740276830961216,34.0
4,"Gorbunova, Tomskaya Oblast', Russia",RS75,56.8306,84.4961,,,70.0
4,"Papakha, Bryanskaya Oblast', Russia",RS10,52.1,32.1008,,,32.0
4,"Inch In, Sakhalinskaya Oblast', Russia",RS64,51.8167,143.15,,,65.0
4,"Chernushki, Tverskaya Oblast', Russia",RS77,56.3244,32.7856,,,69.0
4,"Chernushka, Irkutskaya Oblast', Russia",RS20,52.9661,101.884,,,38.0
4,"Loknya, Bryanskaya Oblast', Russia",RS10,52.9742,33.8028,,,32.0
4,"Kunakbaeva, Saratovskaya Oblast', Russia",RS67,51.6928,49.8615,,,64.0
4,"Staraya Russa, Novgorodskaya Oblast', Russia",RS52,57.9944,31.3608,1592.0,0.5257181350423035,53.0
4,"Sofiyka, Ryazanskaya Oblast', Russia",RS62,54.462,41.7517,,,62.0
4,"Praskoveyevka, Krasnodarskiy Kray, Russia",RS38,44.474,38.2217,,,23.0
4,"Verkhokamye, Kirovskaya Oblast', Russia",RS33,59.2757,49.0135,,,43.0
4,"Grishata, Kirovskaya Oblast', Russia",RS33,59.1203,47.8567,,,43.0
4,"Sukhoverkhov, Bryanskaya Oblast', Russia",RS10,52.634,32.893,,,32.0
4,"Marichka, Rsja, Russia",RSJA,45.4444,148.781,,,65.0
4,"Ogorodnik, Samarskaya Oblast', Russia",RS65,52.8833,50.3167,,,63.0
4,"Yurya, Kirovskaya Oblast', Russia",RS33,58.6717,50.1447,,,43.0
4,"Razgulyay, Nizhegorodskaya Oblast', Russia",RS51,56.9857,45.158,,,52.0
4,"Arshanovo, Khakasiya, Russia",RS31,53.4075,91.06,,,19.0
4,"Tuimazy, Bashkortostan, Russia",RS08,54.6067,53.7097,,,2.0
4,"Martynka, Yaroslavskaya Oblast', Russia",RS88,56.7167,38.5333,,,76.0
4,"Lobnya, Moskovskaya Oblast', Russia",RS47,56.0097,37.4819,1461.0,2.9696067411147213,50.0
4,"Novoselki, Ivanovskaya Oblast', Russia",RS21,57.2667,40.45,,,37.0
4,"Kievskaya, Krasnodarskiy Kray, Russia",RS38,45.0383,37.8883,,,23.0
4,"Saransk, Mordoviya, Russia",RS46,54.1838,45.1749,286.0,0.6650751054911341,13.0
4,"Kosenko, Rostovskaya Oblast', Russia",RS61,46.5168,40.3528,,,61.0
4,"Soyana, Arkhangel'skaya Oblast', Russia",RS06,65.764,43.4744,,,29.0
4,"Serga, Permskiy Kray, Russia",RS90,57.7832,56.8902,,,59.0
4,"Kirpichny Zavod, Sakha (Yakutiya), Russia",RS63,57.4667,125.067,,,14.0
4,"Mitrofanov, Chelyabinskaya Oblast', Russia",RS13,54.4,61.3833,,,74.0
4,"So Loyal, Kirovskaya Oblast', Russia",RS33,57.4036,48.2685,,,43.0
4,"Trubetskaya, Kurskaya Oblast', Russia",RS41,52.0236,35.4958,,,46.0
4,"Pervaya Kazanka, Kurskaya Oblast', Russia",RS41,52.1363,36.6457,,,46.0
4,"Rylsk, Kurskaya Oblast', Russia",RS41,51.5655,34.6822,1383.0,0.5674259486462713,46.0
4,"Sukhaya, Irkutskaya Oblast', Russia",RS20,53.9833,102.633,,,38.0
4,"Mikhailovskaya, Leningradskaya Oblast', Russia",RS42,59.7286,29.8539,,,47.0
4,"Medet, Omskaya Oblast', Russia",RS54,54.1859,75.541,,,55.0
4,"Zagorodnaya, Novgorodskaya Oblast', Russia",RS52,57.9853,31.3196,,,53.0
4,"Soldatov, Irkutskaya Oblast', Russia",RS20,56.358,102.164,,,38.0
4,"Bystroye, Nizhegorodskaya Oblast', Russia",RS51,56.8286,43.9098,,,52.0
4,"Kani-Kurgan, Amurskaya Oblast', Russia",RS05,50.2167,127.633,,,28.0
4,"Yaro, Yamalo-Nenetskiy Avtonomnyy Okrug, Russia",RS87,68.1333,69.3667,,,89.0
4,"Trukhin, Rostovskaya Oblast', Russia",RS61,48.7731,42.6675,,,61.0
4,"Chelny, Tatarstan, Russia",RS73,55.8596,52.2221,,,16.0
4,"Kholui, Vologodskaya Oblast', Russia",RS85,60.4272,40.2088,,,35.0
4,"Akishino, Yaroslavskaya Oblast', Russia",RS88,57.463,40.0454,,,76.0
4,"Lutsenko, Stavropol'skiy Kray, Russia",RS70,44.6331,42.95,,,26.0
4,"Darinka, Tul'skaya Oblast', Russia",RS76,53.7667,36.9297,,,71.0
4,"Drozdov, Primorskiy Kray, Russia",RS59,44.7705,132.986,,,25.0
4,"Yastreb, Omskaya Oblast', Russia",RS54,55.8881,71.147,,,55.0
4,"Toropets, Tverskaya Oblast', Russia",RS77,56.4978,31.6353,2142.0,0.38379749813168484,69.0
4,"Keramik, Stavropol'skiy Kray, Russia",RS70,45.351,41.0305,,,26.0
4,"Podoly, Tverskaya Oblast', Russia",RS77,56.7425,34.7435,,,69.0
4,"Yuliya, Khakasiya, Russia",RS31,54.2414,90.4517,,,19.0
4,"Lesnoy, Omskaya Oblast', Russia",RS54,55.8667,72.2,,,55.0
4,"Ubykh, Krasnodarskiy Kray, Russia",RS38,44.8157,37.6344,,,23.0
4,"Lepel, Sakhalinskaya Oblast', Russia",RS64,46.8172,142.853,,,65.0
4,"Zerno, Bryanskaya Oblast', Russia",RS10,53.4181,32.9092,,,32.0
4,"Karla Marksa, Tverskaya Oblast', Russia",RS77,56.6,36.6167,,,69.0
4,"Kyren, Buryatiya, Russia",RS11,51.6828,102.141,105.0,0.5593450927743214,3.0
4,"Molodi, Leningradskaya Oblast', Russia",RS42,59.3667,31.45,,,47.0
4,"Vypolzovo, Tverskaya Oblast', Russia",RS77,57.8767,33.6986,,,69.0
4,"Vlasikha, Novgorodskaya Oblast', Russia",RS52,58.4433,33.9856,,,53.0
4,"Zhukovka, Pskovskaya Oblast', Russia",RS60,55.9572,30.1175,,,60.0
4,"Kopilka, Sakhalinskaya Oblast', Russia",RS64,46.4834,142.362,,,65.0
4,"Danilovtsy, Kirovskaya Oblast', Russia",RS33,59.5007,50.8771,,,43.0
4,"Chudskoye, Leningradskaya Oblast', Russia",RS42,59.7931,34.2803,,,47.0
4,"Nenya, Altayskiy Kray, Russia",RS04,52.6122,85.9669,,,22.0
4,"Kozhim, Komi, Russia",RS34,65.734,59.5244,,,11.0
4,"Balbanyu, Komi, Russia",RS34,65.4167,60.8333,,,11.0
4,"Moldavanka, Krasnodarskiy Kray, Russia",RS38,44.5506,38.3681,,,23.0
4,"Kureika, Krasnoyarskiy Kray, Russia",RS39,66.9,88.35,,,24.0
4,"Chuguyevka, Primorskiy Kray, Russia",RS59,44.1652,133.863,806.0,0.8835691233513265,25.0
4,"Nikola-Lenivets, Kaluzhskaya Oblast', Russia",RS25,54.7494,35.6013,,,40.0
4,"Rakitny, Rostovskaya Oblast', Russia",RS61,46.8968,40.3102,,,61.0
4,"Mozhaysk, Moskovskaya Oblast', Russia",RS47,55.5019,36.0272,1495.0,2.6772470800857353,50.0
4,"Kurumoch, Samarskaya Oblast', Russia",RS65,53.4896,50.0375,,,63.0
4,"Kuusiniemi, Kareliya, Russia",RS28,65.1757,31.467,,,10.0
4,"Vyksa, Nizhegorodskaya Oblast', Russia",RS51,55.3175,42.1744,1526.0,0.3839913994546313,52.0
4,"Kostina, Tverskaya Oblast', Russia",RS77,56.2033,34.5831,,,69.0
4,"Yagodna, Pskovskaya Oblast', Russia",RS60,58.1595,29.3269,,,60.0
4,"Mushin, Zabaykal'skiy Kray, Russia",RS93,53.3936,114.264,,,75.0
4,"Khay, Chechnya And Ingushetiya, Russia",RSCI,42.8758,45.0864,,,20.0
4,"Subbota, Bryanskaya Oblast', Russia",RS10,52.9842,32.2463,,,32.0
4,"Verkhnyaya Salda, Sverdlovskaya Oblast', Russia",RS71,58.0487,60.5595,1981.0,0.6303256298165085,66.0
4,"Chokurdakh, Sakha (Yakutiya), Russia",RS63,62.6333,124.65,,,14.0
4,"Gorchinskaya, Arkhangel'skaya Oblast', Russia",RS06,61.525,46.0507,,,29.0
4,"Kurush, Dagestan, Russia",RS17,41.2841,47.8345,,,5.0
4,"Kandalaksha, Murmanskaya Oblast', Russia",RS49,67.162,32.4123,1518.0,1.25855574342012,51.0
4,"Chapurino, Orenburgskaya Oblast', Russia",RS55,51.9383,52.195,,,56.0
4,"Kozlovichi, Pskovskaya Oblast', Russia",RS60,57.4251,28.6747,,,60.0
4,"Losha, Ryazanskaya Oblast', Russia",RS62,54.05,40.0,,,62.0
4,"Kirgiz-Miyaki, Bashkortostan, Russia",RS08,53.6324,54.7979,69.0,0.3989238761734565,2.0
4,"Novaya Chara, Zabaykal'skiy Kray, Russia",RS93,56.8164,118.299,582.0,2.5838325980129344,75.0
4,"Metsa, Russia (General), Russia",RS00,47.2331,135.603,,,91.0
4,"Orlok, Irkutskaya Oblast', Russia",RS20,53.4763,103.728,,,38.0
4,"Satra, Bashkortostan, Russia",RS08,53.9308,58.0581,,,2.0
4,"Ayaks, Primorskiy Kray, Russia",RS59,43.0388,131.888,,,25.0
4,"Orlenok, Volgogradskaya Oblast', Russia",RS84,50.7655,41.2159,,,34.0
4,"Dorogomilovo, Moskovskaya Oblast', Russia",RS47,55.75,37.5667,,,50.0
4,"Yakimanka, Ivanovskaya Oblast', Russia",RS21,56.8,41.2667,,,37.0
4,"Vasy, Khabarovskiy Kray, Russia",RS30,52.1167,140.217,,,27.0
4,"Babina, Permskiy Kray, Russia",RS90,58.5634,54.2632,,,59.0
4,"Gutai, Zabaykal'skiy Kray, Russia",RS93,49.9954,108.197,,,75.0
4,"Jiro, Leningradskaya Oblast', Russia",RS42,60.6833,28.7167,,,47.0
4,"Yanga, Tatarstan, Russia",RS73,55.1894,50.6485,,,16.0
4,"Itchi, Udmurtiya, Russia",RS80,57.42,53.1385,,,18.0
4,"Aksenov, Volgogradskaya Oblast', Russia",RS84,51.1058,42.7392,,,34.0
4,"Solikamsk, Permskiy Kray, Russia",RS90,59.7005,56.6893,759.0,7.611668161679174,59.0
4,"Selmash, Kirovskaya Oblast', Russia",RS33,58.5728,49.5978,,,43.0
4,"Benoi, Chechnya And Ingushetiya, Russia",RSCI,42.9807,46.3101,,,20.0
4,"Stanovoy Range, Russia (General), Russia",RS00,56.3333,126.0,,,91.0
4,"Sitnikov, Volgogradskaya Oblast', Russia",RS84,50.6027,42.783,,,34.0
4,"Durov, Kurskaya Oblast', Russia",RS41,51.4757,35.3479,,,46.0
4,"Vitka, Novgorodskaya Oblast', Russia",RS52,58.6242,31.3259,,,53.0
4,"Mishchenko, Krasnodarskiy Kray, Russia",RS38,45.0167,38.2,,,23.0
4,"Petropavlovsk-Kamchatskiy, 92, Russia",RS92,53.0452,158.648,608.0,2.8045092107177845,41.0
4,"Yukino, Ryazanskaya Oblast', Russia",RS62,54.8667,40.3167,,,62.0
4,"Frolova, Permskiy Kray, Russia",RS90,58.4767,55.1725,,,59.0
4,"Dudinskaya, Leningradskaya Oblast', Russia",RS42,59.1806,34.0667,,,47.0
4,"Oreshkin, Rostovskaya Oblast', Russia",RS61,48.3787,40.555,,,61.0
4,"Dobryanka, Ryazanskaya Oblast', Russia",RS62,54.6827,40.8698,,,62.0
4,"Balashov, Saratovskaya Oblast', Russia",RS67,51.5502,43.1667,1920.0,1.7075737284994372,64.0
4,"Bagra, Krasnoyarskiy Kray, Russia",RS39,53.7126,94.437,,,24.0
4,"Teya, Krasnoyarskiy Kray, Russia",RS39,60.3778,92.6267,,,24.0
4,"Kubay, Sverdlovskaya Oblast', Russia",RS71,57.7985,63.0328,,,66.0
4,"Sokur, Novosibirskaya Oblast', Russia",RS53,55.2092,83.2223,,,54.0
4,"Molodezhnaya, Samarskaya Oblast', Russia",RS65,53.12,49.931,,,63.0
4,"Sharipova, Bashkortostan, Russia",RS08,54.6956,59.6229,,,2.0
4,"Roman Shor, Permskiy Kray, Russia",RS90,58.9731,55.6284,,,59.0
4,"Chelyaba, Irkutskaya Oblast', Russia",RS20,53.9555,101.993,,,38.0
4,"Komarovo, Yaroslavskaya Oblast', Russia",RS88,57.7862,37.8957,,,76.0
4,"Sigachi, Chuvashiya, Russia",RS16,55.0143,47.2768,,,21.0
4,"Vyritsa, Leningradskaya Oblast', Russia",RS42,59.4078,30.3481,,,47.0
4,"Staritsa, Astrakhanskaya Oblast', Russia",RS07,48.2195,45.947,,,30.0
4,"Novomarkovo, Orlovskaya Oblast', Russia",RS56,53.0768,35.5866,,,57.0
4,"Dobropolye, Belgorodskaya Oblast', Russia",RS09,50.435,35.7946,,,31.0
4,"Grebenshchikov, Chelyabinskaya Oblast', Russia",RS13,54.75,60.3,,,74.0
4,"Ishchenko, Krasnodarskiy Kray, Russia",RS38,45.5833,38.0833,,,23.0
4,"Golubovka, Lipetskaya Oblast', Russia",RS43,52.5353,38.598,,,48.0
4,"Kulikovskiy, Orlovskaya Oblast', Russia",RS56,52.9419,36.1397,,,57.0
4,"Gelli, Dagestan, Russia",RS17,42.7295,47.4018,,,5.0
4,"Shakhtersk, Sakhalinskaya Oblast', Russia",RS64,49.1667,142.133,,,65.0
4,"Okhota, Khabarovskiy Kray, Russia",RS30,59.3333,143.067,854.0,8.957889559564086,27.0
4,"Neklinovka, Rostovskaya Oblast', Russia",RS61,47.4055,38.9203,1827.0,2.0226970775618187,61.0
4,"Platonov, Rostovskaya Oblast', Russia",RS61,47.9319,41.2599,,,61.0
4,"Sibiryak, Kurganskaya Oblast', Russia",RS40,55.2667,65.5333,,,45.0
4,"Terekhov, Belgorodskaya Oblast', Russia",RS09,50.8081,38.0276,,,31.0
4,"Chulman, Sakha (Yakutiya), Russia",RS63,56.8479,124.91,,,14.0
4,"Shelkovskoy, Dagestan, Russia",RS17,43.835,46.7897,,,5.0
4,"Uzhur, Krasnoyarskiy Kray, Russia",RS39,55.3036,89.8339,722.0,1.872014262273479,24.0
4,"Novostroy, Chelyabinskaya Oblast', Russia",RS13,54.8634,57.1973,,,74.0
4,"Dmitriyevskoye, Permskiy Kray, Russia",RS90,58.622,55.733,,,59.0
4,"Arshty, Chechnya And Ingushetiya, Russia",RSCI,43.1403,45.1308,,,20.0
4,"Apollonovka, Orenburgskaya Oblast', Russia",RS55,51.85,56.5833,,,56.0
4,"Polva, Permskiy Kray, Russia",RS90,58.6709,54.4623,,,59.0
4,"Franz Josef Archipelago, Arkhangel'skaya Oblast', Russia",RS06,81.0,55.0,,,29.0
4,"Kyiy, Sakha (Yakutiya), Russia",RS63,62.1439,133.022,,,14.0
4,"Radio Nova, Smolenskaya Oblast', Russia",RS69,55.3744,35.1069,,,67.0
4,"Uvarova, Permskiy Kray, Russia",RS90,57.8952,54.5552,,,59.0
4,"Cheliabinsk, Chelyabinskaya Oblast', Russia",RS13,55.1544,61.4297,,,74.0
4,"Michurin, Voronezhskaya Oblast', Russia",RS86,51.9268,39.1814,,,36.0
4,"Aviatsionnaya, Moskovskaya Oblast', Russia",RS47,55.4202,37.8317,,,50.0
4,"Rezhik, Sverdlovskaya Oblast', Russia",RS71,57.7222,60.3274,,,66.0
4,"Setpoint, Murmanskaya Oblast', Russia",RS49,69.3981,33.4978,,,51.0
4,"Nordost, Orlovskaya Oblast', Russia",RS56,43.8894,135.518,,,57.0
4,"Shelkovskaya, Chechnya And Ingushetiya, Russia",RSCI,43.508,46.3402,476.0,0.5808307903362896,20.0
4,"Shilovo, Vologodskaya Oblast', Russia",RS85,58.8925,38.2486,,,35.0
4,"Cherbi, Tyva, Russia",RS79,51.9,94.6,,,17.0
4,"Nogliki, Sakhalinskaya Oblast', Russia",RS64,51.8333,143.167,1961.0,4.710602719856948,65.0
4,"Donova, Krasnoyarskiy Kray, Russia",RS39,57.5288,92.2224,,,24.0
4,"Pionerskaya, Primorskiy Kray, Russia",RS59,43.2127,131.957,,,25.0
4,"Gubastovo, Moskovskaya Oblast', Russia",RS47,55.2244,38.794,,,50.0
4,"Bima, Tatarstan, Russia",RS73,55.6175,49.4978,,,16.0
4,"Pribrezhnoye, Krasnoyarskiy Kray, Russia",RS39,58.4988,92.1037,,,24.0
4,"Bogomolov, Stavropol'skiy Kray, Russia",RS70,45.8781,41.356,,,26.0
4,"Kontro, Kareliya, Russia",RS28,62.15,31.6833,,,10.0
4,"Uzma, Russia (General), Russia",RS00,61.0818,46.2637,,,91.0
4,"Tuchkovo, Moskovskaya Oblast', Russia",RS47,55.6011,36.4681,,,50.0
4,"Pankin, Volgogradskaya Oblast', Russia",RS84,50.2602,41.8039,,,34.0
4,"Aysa, Irkutskaya Oblast', Russia",RS20,54.553,99.2555,,,38.0
4,"Dikson, Taymyrskiy (Dolgano-Nenetskiy) Avtonomnyy Okrug, Russia",RS74,73.5069,80.5464,,,24.0
4,"Okulovka, Krasnoyarskiy Kray, Russia",RS39,53.8257,93.5168,,,24.0
4,"Sevsk, Bryanskaya Oblast', Russia",RS10,52.1491,34.4926,980.0,0.7812518012929612,32.0
4,"Nerchinsk, Zabaykal'skiy Kray, Russia",RS93,51.3088,119.61,590.0,0.4341481968566419,75.0
4,"Kingisepp, Leningradskaya Oblast', Russia",RS42,59.3733,28.6134,1398.0,0.8719370160023174,47.0
4,"Gladkiy, Bashkortostan, Russia",RS08,56.0172,57.8953,,,2.0
4,"Khimik, Kirovskaya Oblast', Russia",RS33,59.0252,52.6942,,,43.0
4,"Voronovskoye, Arkhangel'skaya Oblast', Russia",RS06,64.0205,41.7255,,,29.0
4,"Shaytan, Permskiy Kray, Russia",RS90,58.2667,58.0833,,,59.0
4,"Mikhailovka, Leningradskaya Oblast', Russia",RS42,59.4,29.9167,,,47.0
4,"Kryukovo, Vologodskaya Oblast', Russia",RS85,59.2167,37.1,,,35.0
4,"Silino, Nizhegorodskaya Oblast', Russia",RS51,55.101,44.3396,,,52.0
4,"Aleksandrovka, Altayskiy Kray, Russia",RS04,51.1361,81.6961,,,22.0
4,"Skhodnya, Moskovskaya Oblast', Russia",RS47,55.9481,37.2978,,,50.0
4,"Yashu, Primorskiy Kray, Russia",RS59,45.6742,137.488,,,25.0
4,"Yurov, Rostovskaya Oblast', Russia",RS61,48.519,40.7293,,,61.0
4,"Shcherbinka, Moskovskaya Oblast', Russia",RS47,55.4356,37.6478,,,50.0
4,"Nekrasovka, Moskovskaya Oblast', Russia",RS47,55.35,38.2833,,,50.0
4,"Kanten, Kaliningradskaya Oblast', Russia",RS23,54.8447,20.5503,,,39.0
4,"Central Russian Upland, Russia (General), Russia",RS00,52.0,38.0,,,91.0
4,"Orus, Krasnoyarskiy Kray, Russia",RS39,55.1333,95.0667,,,24.0
4,"Ozinki, Saratovskaya Oblast', Russia",RS67,52.2,48.4333,,,64.0
4,"Ulala, Altay, Russia",RS03,51.9561,85.955,,,4.0
4,"Burgali, Amurskaya Oblast', Russia",RS05,53.3667,124.617,,,28.0
4,"Sitno, Novgorodskaya Oblast', Russia",RS52,58.7451,31.5388,,,53.0
4,"Svobody, Stavropol'skiy Kray, Russia",RS70,44.0256,43.0503,,,26.0
4,"Chekarda, Permskiy Kray, Russia",RS90,57.0175,57.7471,,,59.0
4,"Kurni, Volgogradskaya Oblast', Russia",RS84,50.0282,46.3243,,,34.0
4,"Belsu, Kemerovskaya Oblast', Russia",RS29,53.6744,88.3461,,,42.0
4,"Pletnev, Rostovskaya Oblast', Russia",RS61,47.3607,43.0365,,,61.0
4,"Tekstilshchiki, Moskovskaya Oblast', Russia",RS47,55.9408,37.8447,,,50.0
4,"Park Pobedy, Tatarstan, Russia",RS73,55.829,49.1094,,,16.0
4,"Kashirskaya, Astrakhanskaya Oblast', Russia",RS07,46.2821,48.8151,,,30.0
4,"Shumilino, Leningradskaya Oblast', Russia",RS42,60.8667,35.2333,,,47.0
4,"Tomba, Murmanskaya Oblast', Russia",RS49,67.1167,40.4667,,,51.0
4,"Nagatinskiy Zaton, Moskva, Russia",RS48,55.6833,37.6833,,,50.0
4,"Sidelkino, Mariy-El, Russia",RS45,56.1668,47.6356,,,12.0
4,"Illarionov, Rostovskaya Oblast', Russia",RS61,49.1369,42.0005,,,61.0
4,"Zapadnoye, Tul'skaya Oblast', Russia",RS76,54.1249,36.2985,,,71.0
4,"Kornilovskaya, Moskovskaya Oblast', Russia",RS47,55.4035,39.02,,,50.0
4,"Pykhtino, Kurskaya Oblast', Russia",RS41,51.6753,35.6167,,,46.0
4,"Moskvorechye, Moskva, Russia",RS48,55.6333,37.7,,,50.0
4,"Kuryanovo, Tverskaya Oblast', Russia",RS77,57.2636,37.6974,,,69.0
4,"Yagan, Permskiy Kray, Russia",RS90,57.3732,54.9793,,,59.0
4,"Sernovodsk, Rsja, Russia",RSJA,43.9028,145.636,,,65.0
4,"Shramko, Rostovskaya Oblast', Russia",RS61,47.6141,38.4027,,,61.0
4,"Narimanov, Rostovskaya Oblast', Russia",RS61,47.0449,42.4699,,,61.0
4,"Budenovsk, Stavropol'skiy Kray, Russia",RS70,44.7839,44.1658,830.0,0.4211264543061577,26.0
4,"Bogdanovka, Saratovskaya Oblast', Russia",RS67,51.6064,50.7521,,,64.0
4,"Tmaka, Tverskaya Oblast', Russia",RS77,56.864,35.8954,,,69.0
4,"Krutoy, Ryazanskaya Oblast', Russia",RS62,54.15,40.3333,,,62.0
4,"Elektrozavodskaya, Moskva, Russia",RS48,55.7811,37.7044,,,50.0
4,"Nizhegorodskaya, Bashkortostan, Russia",RS08,54.6129,55.8511,,,2.0
4,"Gukovo, Rostovskaya Oblast', Russia",RS61,48.0531,39.9311,1794.0,1.5249450244223457,61.0
4,"Lyubechane, Bryanskaya Oblast', Russia",RS10,52.3352,32.3558,,,32.0
4,"Mashuk, Stavropol'skiy Kray, Russia",RS70,44.0814,43.0819,,,26.0
4,"Karjalainen, Leningradskaya Oblast', Russia",RS42,60.2739,29.0004,,,47.0
4,"Sushany, Bryanskaya Oblast', Russia",RS10,52.1957,32.3063,,,32.0
4,"Lakina, Krasnoyarskiy Kray, Russia",RS39,56.7958,93.0098,,,24.0
4,"Gurzuf, Magadanskaya Oblast', Russia",RS44,63.9833,155.55,,,49.0
4,"Kuntsevo, Kaliningradskaya Oblast', Russia",RS23,54.5262,20.0916,,,39.0
4,"Tokarevo, Kirovskaya Oblast', Russia",RS33,57.2667,48.05,,,43.0
4,"Ryabov, Rostovskaya Oblast', Russia",RS61,48.5322,42.4395,,,61.0
4,"Kharitonova, Buryatiya, Russia",RS11,51.25,107.0,,,3.0
4,"Raksha, Tambovskaya Oblast', Russia",RS72,53.5542,41.6204,,,68.0
4,"Kushlev, Voronezhskaya Oblast', Russia",RS86,51.39,40.5056,,,36.0
4,"Dacha, Lipetskaya Oblast', Russia",RS43,52.2,38.5333,,,48.0
4,"Klimovskiy, Rostovskaya Oblast', Russia",RS61,49.3448,41.5391,,,61.0
4,"Anosino, Vladimirskaya Oblast', Russia",RS83,56.1827,41.6002,,,33.0
4,"Kisma, Yaroslavskaya Oblast', Russia",RS88,57.0393,38.2927,,,76.0
4,"Kostenki, Krasnoyarskiy Kray, Russia",RS39,56.0762,90.4743,,,24.0
4,"Udomlya, Tverskaya Oblast', Russia",RS77,57.8794,34.9925,2109.0,0.7090979765660224,69.0
4,"Alagir, Severnaya Osetiya-Alaniya, Russia",RS68,43.0422,44.2222,346.0,2.6413808257712073,15.0
4,"Novoropsk, Bryanskaya Oblast', Russia",RS10,52.2838,32.263,,,32.0
4,"Nazarova, Permskiy Kray, Russia",RS90,58.6226,55.9144,,,59.0
4,"Tyurikova, Kurganskaya Oblast', Russia",RS40,56.0745,63.5181,,,45.0
4,"Cape Serdze-Kamen, Chukotskiy Avtonomnyy Okrug, Russia",RS15,66.95,-171.633,,,87.0
4,"Nevskiy, Kemerovskaya Oblast', Russia",RS29,55.85,86.2167,,,42.0
4,"Syurkum, Khabarovskiy Kray, Russia",RS30,50.1333,140.517,,,27.0
4,"Yamnaya, Arkhangel'skaya Oblast', Russia",RS06,61.3689,43.8939,,,29.0
4,"Belokurikha, Altayskiy Kray, Russia",RS04,51.9959,84.9896,506.0,0.4656557821528746,22.0
4,"Sofya, Rsja, Russia",RSJA,45.3903,148.478,,,65.0
4,"Novy Ropsk, Bryanskaya Oblast', Russia",RS10,52.2978,32.3121,,,32.0
4,"Brakhlov, Bryanskaya Oblast', Russia",RS10,52.3619,32.4662,,,32.0
4,"Khana, Zabaykal'skiy Kray, Russia",RS93,51.284,118.529,,,75.0
4,"Zyryanov, Krasnoyarskiy Kray, Russia",RS39,58.4561,92.1801,,,24.0
4,"Keres, Komi, Russia",RS34,61.2156,50.1882,,,11.0
4,"Mushkin, Krasnodarskiy Kray, Russia",RS38,45.1219,39.8758,,,23.0
4,"Proletari, Kaluzhskaya Oblast', Russia",RS25,53.5098,34.6936,,,40.0
4,"Vata, Khanty-Mansiyskiy Avtonomnyy Okrug, Russia",RS32,61.1,75.7833,,,86.0
4,"Teys, Omskaya Oblast', Russia",RS54,56.7667,73.7333,,,55.0
4,"Lyubimova, Novosibirskaya Oblast', Russia",RS53,56.7167,76.5667,,,54.0
4,"Nogin, Belgorodskaya Oblast', Russia",RS09,50.2377,38.7184,,,31.0
4,"Valda, Arkhangel'skaya Oblast', Russia",RS06,65.4256,45.4058,,,29.0
4,"Krasnoyarsk, Krasnoyarskiy Kray, Russia",RS39,56.0091,92.8628,666.0,0.608347362107958,24.0
4,"Uzlova, Tyumenskaya Oblast', Russia",RS78,56.1773,70.3783,,,72.0
5,"Ivanovo Oblast, Ivanovskaya Oblast', Russia",RS21,57.0,41.75,,,37.0
4,"Ryta, Kirovskaya Oblast', Russia",RS33,59.5723,52.6515,,,43.0
4,"Rogova, Tverskaya Oblast', Russia",RS77,56.64,32.2842,,,69.0
4,"Holy Sea, Russia (General), Russia",RS00,54.0,109.0,,,91.0
4,"Svishchev, Krasnoyarskiy Kray, Russia",RS39,54.8998,94.3116,,,24.0
4,"Racha, Bryanskaya Oblast', Russia",RS10,53.4462,33.8102,,,32.0
4,"Azau, Kabardino-Balkariya, Russia",RS22,43.2511,42.5431,,,7.0
4,"Dubno, Tverskaya Oblast', Russia",RS77,56.6513,32.2664,,,69.0
4,"Yuras, Arkhangel'skaya Oblast', Russia",RS06,64.5167,40.7167,,,29.0
4,"Profintern, Bryanskaya Oblast', Russia",RS10,52.5431,33.5747,,,32.0
4,"Lesosibirsk, Krasnoyarskiy Kray, Russia",RS39,58.2938,92.3823,675.0,11.3034142523857,24.0
4,"Kultuk, 92, Russia",RS92,56.44,162.912,,,41.0
4,"Slyudyanka, Murmanskaya Oblast', Russia",RS49,66.7034,38.0521,,,51.0
4,"Kivach, Kareliya, Russia",RS28,62.2833,33.9833,,,10.0
4,"Akulova, Permskiy Kray, Russia",RS90,58.0435,56.1172,,,59.0
4,"Boyets, Voronezhskaya Oblast', Russia",RS86,51.3736,42.6789,,,36.0
4,"Mulyana, Kirovskaya Oblast', Russia",RS33,57.8917,51.5971,,,43.0
4,"Tunguska, Krasnoyarskiy Kray, Russia",RS39,56.4883,97.4405,,,24.0
4,"Koshelev, Adygeya, Russia",RS01,44.8117,40.2422,4.0,22.142842152675644,1.0
4,"Shuvalov, Tverskaya Oblast', Russia",RS77,56.9428,34.4404,,,69.0
4,"Kimchu, Evenkiyskiy Avtonomnyy Okrug, Russia",RS18,61.3628,100.905,,,
4,"Kalinovka, Amurskaya Oblast', Russia",RS05,50.6781,129.378,,,28.0
4,"Filimonov, Arkhangel'skaya Oblast', Russia",RS06,62.9798,37.9332,,,29.0
4,"Tareyev, Arkhangel'skaya Oblast', Russia",RS06,65.3515,45.431,,,29.0
4,"Panteleymonovka, Primorskiy Kray, Russia",RS59,45.6361,133.603,,,25.0
4,"Novozhilov, Komi, Russia",RS34,64.8545,51.4702,,,11.0
4,"Olimpiyskiy, Kirovskaya Oblast', Russia",RS33,58.2686,49.8317,,,43.0
4,"Si-Lan, Primorskiy Kray, Russia",RS59,46.3378,134.394,,,25.0
4,"Muli, Khabarovskiy Kray, Russia",RS30,50.1167,139.15,,,27.0
4,"Vidnoye, Khabarovskiy Kray, Russia",RS30,47.2398,134.171,,,27.0
4,"Stolyarov, Krasnodarskiy Kray, Russia",RS38,44.228,41.5562,,,23.0
4,"Bozhkov, Belgorodskaya Oblast', Russia",RS09,50.5322,38.9256,,,31.0
4,"Stroganov, Bryanskaya Oblast', Russia",RS10,52.734,32.6709,,,32.0
4,"Shchukino, Irkutskaya Oblast', Russia",RS20,52.2,104.433,,,38.0
4,"Teply Stan, Samarskaya Oblast', Russia",RS65,53.9768,50.1717,,,63.0
4,"Maryino, Zabaykal'skiy Kray, Russia",RS93,52.3705,120.639,,,75.0
4,"Vavilon, Komi, Russia",RS34,65.8914,57.9281,,,11.0
4,"Partizansk, Krasnoyarskiy Kray, Russia",RS39,58.6831,94.245,,,24.0
4,"Pyatikhatki, Krasnodarskiy Kray, Russia",RS38,44.9756,37.3069,,,23.0
4,"Lesnoye, Kaliningradskaya Oblast', Russia",RS23,55.0197,22.1392,,,39.0
4,"Ivanovskoye, Novgorodskaya Oblast', Russia",RS52,56.9543,31.1949,,,53.0
4,"Universalnaya, Omskaya Oblast', Russia",RS54,54.9856,73.4415,,,55.0
4,"Naumkin, Bashkortostan, Russia",RS08,54.2227,57.4668,,,2.0
4,"Uklon, Buryatiya, Russia",RS11,56.4,112.333,,,3.0
4,"Prokopyevsk, Kemerovskaya Oblast', Russia",RS29,53.9059,86.719,1248.0,2.81389883971815,42.0
4,"Pavlenkov, Rostovskaya Oblast', Russia",RS61,47.6431,39.6783,,,61.0
4,"Karavanskiy, Krasnodarskiy Kray, Russia",RS38,44.4506,39.6158,,,23.0
4,"Sofronov, Mariy-El, Russia",RS45,56.8825,48.6303,,,12.0
4,"Gladko, Udmurtiya, Russia",RS80,57.9608,54.0257,,,18.0
4,"Vereya, Moskovskaya Oblast', Russia",RS47,55.3447,36.1719,,,50.0
4,"Bronevik, Leningradskaya Oblast', Russia",RS42,59.5737,33.6802,,,47.0
4,"Ostrovok, Lipetskaya Oblast', Russia",RS43,52.1027,38.5984,,,48.0
4,"Kadrov, Novosibirskaya Oblast', Russia",RS53,53.9833,78.05,,,54.0
4,"Khoroshevo, Novgorodskaya Oblast', Russia",RS52,57.8072,31.2119,,,53.0
4,"Sayakha, Nenetskiy Avtonomnyy Okrug, Russia",RS50,69.2883,64.6464,,,83.0
4,"Irbit, Sverdlovskaya Oblast', Russia",RS71,57.6705,63.071,2023.0,0.5826992666294689,66.0
4,"Volzhskiy, Volgogradskaya Oblast', Russia",RS84,48.7858,44.7797,1008.0,2.0338869079805026,34.0
4,"Kshenskiy, Orlovskaya Oblast', Russia",RS56,52.0256,37.7446,1384.0,19.688881155015743,57.0
4,"Otradinskiy, Orlovskaya Oblast', Russia",RS56,53.25,36.4,,,57.0
4,"Dachnoye, Severnaya Osetiya-Alaniya, Russia",RS68,43.0847,44.7358,,,15.0
4,"Kacha, Komi, Russia",RS34,66.947,55.7303,,,11.0
4,"Cherkassk, Penzenskaya Oblast', Russia",RS57,52.7526,44.4235,,,58.0
4,"Uvat, Irkutskaya Oblast', Russia",RS20,54.8655,98.9454,,,38.0
4,"Zhigalov, Arkhangel'skaya Oblast', Russia",RS06,63.5455,44.5751,,,29.0
4,"Sopot, Tverskaya Oblast', Russia",RS77,55.8723,32.7026,,,69.0
4,"Kostenets, Vladimirskaya Oblast', Russia",RS83,55.8042,41.4237,,,33.0
4,"Amoor, Russia (General), Russia",RS00,52.9333,141.167,,,91.0
4,"Yubileynaya, 92, Russia",RS92,55.4917,161.228,,,41.0
4,"Artas, Khakasiya, Russia",RS31,52.5167,90.1667,,,19.0
4,"-Salym, Permskiy Kray, Russia",RS90,60.1256,55.1461,,,59.0
4,"Solyanoye, Chuvashiya, Russia",RS16,56.1392,47.3069,,,21.0
4,"Guryev, Rostovskaya Oblast', Russia",RS61,48.9367,40.4099,,,61.0
4,"Balchik, Orlovskaya Oblast', Russia",RS56,52.6522,37.0233,,,57.0
4,"Nikolaevka, Saratovskaya Oblast', Russia",RS67,50.5303,48.6411,,,64.0
4,"Martyukhova, Tverskaya Oblast', Russia",RS77,56.5526,31.5955,,,69.0
4,"Kartel, Khabarovskiy Kray, Russia",RS30,50.3833,137.377,,,27.0
4,"Lefa, Primorskiy Kray, Russia",RS59,44.5497,132.494,,,25.0
4,"Tayga, Bashkortostan, Russia",RS08,55.7668,56.3172,,,2.0
4,"Sabry, Leningradskaya Oblast', Russia",RS42,59.5744,30.2842,,,47.0
4,"Zevra, Bryanskaya Oblast', Russia",RS10,52.526,34.6375,,,32.0
4,"Belaya Tserkov, Altayskiy Kray, Russia",RS04,52.7333,79.2667,,,22.0
4,"Panasyuk, Kirovskaya Oblast', Russia",RS33,60.4028,47.534,,,43.0
4,"Murman Coast, Murmanskaya Oblast', Russia",RS49,68.6667,37.5,,,51.0
4,"Ko La Peninsula, Murmanskaya Oblast', Russia",RS49,67.2995,37.5509,,,51.0
4,"Krymsk, Krasnodarskiy Kray, Russia",RS38,44.9316,37.9927,644.0,0.431130241586776,23.0
4,"Pryamoy, Buryatiya, Russia",RS11,52.392,109.639,,,3.0
4,"Lomakin, Voronezhskaya Oblast', Russia",RS86,51.4283,39.4742,,,36.0
4,"Rubikon, Chukotskiy Avtonomnyy Okrug, Russia",RS15,61.95,174.75,,,87.0
4,"Slutsk, Sankt-Peterburg, Russia",RS66,59.6833,30.4347,,,47.0
4,"Khaka, Khabarovskiy Kray, Russia",RS30,47.8535,134.942,,,27.0
4,"Ulba, Altayskiy Kray, Russia",RS04,52.7333,86.9333,,,22.0
4,"Cape Elizabeth, Sakhalinskaya Oblast', Russia",RS64,54.4131,142.684,,,65.0
4,"Andreeva, Leningradskaya Oblast', Russia",RS42,60.5167,28.3,,,47.0
4,"Krasnogorskaya, Arkhangel'skaya Oblast', Russia",RS06,64.3048,41.0887,,,29.0
4,"Brateyevo, Moskva, Russia",RS48,55.6376,37.7644,,,50.0
4,"Farta, Amurskaya Oblast', Russia",RS05,54.9805,125.257,,,28.0
4,"Antun, Khabarovskiy Kray, Russia",RS30,47.6028,135.764,,,27.0
4,"Petrushevskaya, Kareliya, Russia",RS28,62.0283,35.8527,,,10.0
4,"Ulgen, Khabarovskiy Kray, Russia",RS30,61.5667,146.467,,,27.0
4,"Pegtymel, Chukotskiy Avtonomnyy Okrug, Russia",RS15,69.8333,174.033,,,87.0
4,"Sirva, Arkhangel'skaya Oblast', Russia",RS06,62.6442,41.3369,,,29.0
4,"Kartuli, Volgogradskaya Oblast', Russia",RS84,48.9453,43.7466,,,34.0
4,"Demchenkov, Voronezhskaya Oblast', Russia",RS86,50.8537,39.3526,,,36.0
4,"Sanaga, Buryatiya, Russia",RS11,50.7289,102.789,,,3.0
4,"Du-Ri, Khabarovskiy Kray, Russia",RS30,61.55,142.0,,,27.0
4,"Senina, Permskiy Kray, Russia",RS90,59.1365,54.5287,,,59.0
4,"Igat, Tatarstan, Russia",RS73,55.8194,52.911,,,16.0
4,"Michurinsk, Bashkortostan, Russia",RS08,54.95,54.1833,,,2.0
4,"Khava, Voronezhskaya Oblast', Russia",RS86,51.6113,39.519,,,36.0
4,"Davydovo, Novgorodskaya Oblast', Russia",RS52,56.9292,31.4106,,,53.0
4,"Ariadna, Primorskiy Kray, Russia",RS59,45.1281,134.402,,,25.0
4,"Onida, Irkutskaya Oblast', Russia",RS20,52.655,105.249,,,38.0
4,"For Post, Omskaya Oblast', Russia",RS54,56.7833,72.1636,,,55.0
4,"Yemelyanovo, Tverskaya Oblast', Russia",RS77,56.6026,35.3626,,,69.0
4,"Mayakan, Magadanskaya Oblast', Russia",RS44,60.0667,151.75,,,49.0
4,"Garazh, Tverskaya Oblast', Russia",RS77,55.9721,32.2865,,,69.0
4,"Zarkov, Krasnodarskiy Kray, Russia",RS38,45.115,40.7322,,,23.0
4,"Khmelnitskaya, Krasnodarskiy Kray, Russia",RS38,45.5,38.5167,,,23.0
4,"Chirpy, Tatarstan, Russia",RS73,55.4439,49.7127,,,16.0
4,"Zerma, Irkutskaya Oblast', Russia",RS20,55.7667,103.067,,,38.0
4,"Navlya, Bryanskaya Oblast', Russia",RS10,52.8254,34.4996,975.0,0.19316738511834441,32.0
4,"Korkino, Leningradskaya Oblast', Russia",RS42,59.9306,30.7175,,,47.0
4,"Voyna, Bryanskaya Oblast', Russia",RS10,52.35,34.43,,,32.0
4,"Shepsi, Krasnodarskiy Kray, Russia",RS38,44.0355,39.1474,,,23.0
4,"Garna, Arkhangel'skaya Oblast', Russia",RS06,62.4588,41.0436,,,29.0
4,"Marga, Irkutskaya Oblast', Russia",RS20,54.5973,99.8424,,,38.0
4,"Shosh, Khabarovskiy Kray, Russia",RS30,59.55,146.378,,,27.0
4,"Serki, Novgorodskaya Oblast', Russia",RS52,57.6992,32.2188,,,53.0
4,"Uniden, Amurskaya Oblast', Russia",RS05,55.6028,129.287,,,28.0
4,"Ulva, Permskiy Kray, Russia",RS90,59.9151,55.8658,,,59.0
4,"Lunga, Mordoviya, Russia",RS46,54.7874,45.9518,,,13.0
4,"Kinema, Arkhangel'skaya Oblast', Russia",RS06,61.2569,38.8837,,,29.0
4,"Yelina, Krasnodarskiy Kray, Russia",RS38,44.4428,38.9419,,,23.0
4,"Tomtor, Sakha (Yakutiya), Russia",RS63,62.7167,131.1,,,14.0
4,"Voma, Kirovskaya Oblast', Russia",RS33,57.7285,50.3053,,,43.0
4,"Dokuchayev, Voronezhskaya Oblast', Russia",RS86,51.0535,40.6624,,,36.0
4,"Kyzym, Russia (General), Russia",RS00,58.267,74.3552,,,91.0
4,"Antonova, Permskiy Kray, Russia",RS90,58.857,54.2891,,,59.0
4,"Turovo, Smolenskaya Oblast', Russia",RS69,55.2581,34.6591,,,67.0
4,"Dyadino, Tverskaya Oblast', Russia",RS77,56.9617,34.1973,,,69.0
4,"Tulun, Krasnoyarskiy Kray, Russia",RS39,57.3877,96.2693,,,24.0
4,"Buguldeika, Irkutskaya Oblast', Russia",RS20,52.5461,106.073,,,38.0
4,"Listvyanka, Novosibirskaya Oblast', Russia",RS53,54.7,84.35,,,54.0
4,"Tsenki, Kostromskaya Oblast', Russia",RS37,58.0159,42.7197,,,44.0
4,"Ashty, Dagestan, Russia",RS17,41.914,47.4928,,,5.0
4,"Kyshtym, Chelyabinskaya Oblast', Russia",RS13,55.714,60.5528,2280.0,0.4654529817637345,74.0
4,"Vysotskaya, Irkutskaya Oblast', Russia",RS20,53.278,102.189,,,38.0
4,"Zakharenko, Sakha (Yakutiya), Russia",RS63,64.85,143.5,,,14.0
4,"Ogneva, Tyumenskaya Oblast', Russia",RS78,55.7742,69.3126,,,72.0
4,"Tsarev, Volgogradskaya Oblast', Russia",RS84,48.6632,45.3714,,,34.0
4,"Moskaleva, Irkutskaya Oblast', Russia",RS20,54.45,103.217,,,38.0
4,"Deshevaya, Tverskaya Oblast', Russia",RS77,58.2459,35.8624,,,69.0
4,"Ottos, Sakha (Yakutiya), Russia",RS63,62.5833,135.417,,,14.0
4,"Dorna, Smolenskaya Oblast', Russia",RS69,55.2865,34.9022,,,67.0
4,"Kolyubakino, Moskovskaya Oblast', Russia",RS47,55.668,36.5323,,,50.0
4,"Zuyevo, Novgorodskaya Oblast', Russia",RS52,58.4558,33.3161,,,53.0
4,"Massala, Sakha (Yakutiya), Russia",RS63,67.8628,129.753,,,14.0
4,"Malevo, Ryazanskaya Oblast', Russia",RS62,54.5792,40.7296,,,62.0
4,"Chimet, Krasnoyarskiy Kray, Russia",RS39,58.3942,88.8367,,,24.0
4,"Irkutsk, Irkutskaya Oblast', Russia",RS20,52.2978,104.296,1134.0,1.4630492519013574,38.0
4,"Kyuryag, Dagestan, Russia",RS17,41.9071,47.8552,,,5.0
4,"Khustil, Dagestan, Russia",RS17,42.0034,47.9349,,,5.0
4,"Chokh, Dagestan, Russia",RS17,42.3208,47.0309,,,5.0
4,"Darvag, Dagestan, Russia",RS17,42.0165,48.0698,,,5.0
4,"Kubachi, Dagestan, Russia",RS17,42.086,47.6034,,,5.0
4,"Gunib, Dagestan, Russia",RS17,42.3876,46.9651,126.0,0.07359505723093726,5.0
4,"Gimeydi, Dagestan, Russia",RS17,42.0211,48.1047,,,5.0
4,"Okraina, Primorskiy Kray, Russia",RS59,44.7,134.7,,,25.0
5,"Moskovskaya Oblast, Moskovskaya Oblast', Russia",RS47,55.75,37.5,,,50.0
4,"Studencheskaya, Ul'yanovskaya Oblast', Russia",RS81,54.2544,48.2732,,,73.0
4,"Almukhametovo, Bashkortostan, Russia",RS08,53.0206,58.6897,,,2.0
4,"Sibay, Bashkortostan, Russia",RS08,52.7181,58.6658,28.0,0.25950510500572654,2.0
4,"Bystraya, Tyumenskaya Oblast', Russia",RS78,56.3243,68.317,,,72.0
4,"Krasnogvardeysk, Leningradskaya Oblast', Russia",RS42,59.5764,30.1283,,,47.0
4,"Kushum, Saratovskaya Oblast', Russia",RS67,51.2833,47.4833,,,64.0
4,"Igarka, Krasnoyarskiy Kray, Russia",RS39,67.4655,86.6027,,,24.0
4,"Dombra, Sakha (Yakutiya), Russia",RS63,59.9,137.7,,,14.0
4,"Kalashev, Altayskiy Kray, Russia",RS04,52.8915,86.2845,,,22.0
4,"Salali, Chechnya And Ingushetiya, Russia",RSCI,43.1147,45.1986,,,20.0
4,"Oselya, Kaluzhskaya Oblast', Russia",RS25,54.4777,33.7148,,,40.0
4,"Titovka, Tul'skaya Oblast', Russia",RS76,53.2983,37.9217,,,71.0
4,"Degunino, Moskva, Russia",RS48,55.8667,37.5333,,,50.0
4,"Metrogorodok, Moskva, Russia",RS48,55.8096,37.7874,,,50.0
4,"Otradnoye, Voronezhskaya Oblast', Russia",RS86,51.6652,39.3448,,,36.0
4,"Nagatino-Sadovniki, Moskva, Russia",RS48,55.6667,37.65,,,50.0
4,"Lyublino, Primorskiy Kray, Russia",RS59,44.3373,131.658,,,25.0
4,"Oseredok, Arkhangel'skaya Oblast', Russia",RS06,63.32,41.3917,,,29.0
4,"Kolonist, Rostovskaya Oblast', Russia",RS61,46.0333,41.4333,,,61.0
4,"Korobkov, Volgogradskaya Oblast', Russia",RS84,50.9333,44.25,,,34.0
4,"Yurak, Chelyabinskaya Oblast', Russia",RS13,54.75,59.3333,,,74.0
4,"Teza, Ivanovskaya Oblast', Russia",RS21,56.5207,41.9107,,,37.0
4,"Syrskiy, Lipetskaya Oblast', Russia",RS43,52.5815,39.475,,,48.0
4,"Svetogorsk, Leningradskaya Oblast', Russia",RS42,61.1121,28.8632,,,47.0
4,"Belovodskoye, Tomskaya Oblast', Russia",RS75,56.5933,87.0561,,,70.0
4,"Grusha, Krasnodarskiy Kray, Russia",RS38,44.8833,38.85,,,23.0
4,"-Palatka, Magadanskaya Oblast', Russia",RS44,60.1,150.9,1437.0,2.065662055891311,49.0
4,"Nazran, Chechnya And Ingushetiya, Russia",RSCI,43.226,44.7732,160.0,1.6950608387880113,20.0
4,"Shinery, Chuvashiya, Russia",RS16,55.8422,47.1948,,,21.0
4,"Lukko, Pskovskaya Oblast', Russia",RS60,58.9724,28.0446,,,60.0
4,"Anyl, Permskiy Kray, Russia",RS90,61.4228,57.4322,,,59.0
4,"Silan, Primorskiy Kray, Russia",RS59,46.3378,134.394,,,25.0
4,"Oktyabr, Kurganskaya Oblast', Russia",RS40,55.945,63.3372,,,45.0
4,"Khoros, Tyva, Russia",RS79,52.6167,95.45,,,17.0
4,"Veduchi, Checheno-Ingushskaya Avtonomnaya Sovetskaya Sotsialistichesk, Russia",RS12,42.6926,45.5605,,,20.0
4,"Bobrov, Voronezhskaya Oblast', Russia",RS86,51.4382,38.5314,,,36.0
4,"Bliny, Nizhegorodskaya Oblast', Russia",RS51,56.2307,44.3613,,,52.0
4,"Azovka, Kurskaya Oblast', Russia",RS41,51.8583,37.4429,,,46.0
4,"Mezha, Chelyabinskaya Oblast', Russia",RS13,54.85,57.65,,,74.0
4,"Selka, Leningradskaya Oblast', Russia",RS42,60.2113,34.7524,,,47.0
4,"Begishevo, Tatarstan, Russia",RS73,55.4878,52.0338,,,16.0
4,"Irelyakh, Sakha (Yakutiya), Russia",RS63,62.4542,114.346,,,14.0
4,"Krasnovishersk, Permskiy Kray, Russia",RS90,60.4078,57.082,747.0,0.7294554685780833,59.0
4,"Urmi, Yevreyskaya Avtonomnaya Oblast', Russia",RS89,48.5961,133.974,,,79.0
4,"Nali, Yevreyskaya Avtonomnaya Oblast', Russia",RS89,48.8414,131.783,,,79.0
4,"Tatary, Tomskaya Oblast', Russia",RS75,57.0009,85.8564,,,70.0
4,"Grozni, Chechnya And Ingushetiya, Russia",RSCI,43.3119,45.6889,461.0,0.9419169725778268,20.0
4,"Slavo, Sakhalinskaya Oblast', Russia",RS64,51.0333,142.633,,,65.0
4,"Ulei, Zabaykal'skiy Kray, Russia",RS93,52.6535,117.148,,,75.0
4,"Snezhnoye, Primorskiy Kray, Russia",RS59,45.8667,134.733,,,25.0
4,"Solnechnoye, Primorskiy Kray, Russia",RS59,45.85,133.71,,,25.0
4,"Kaly, Khakasiya, Russia",RS31,53.0736,91.2814,,,19.0
4,"Ulike, Khabarovskiy Kray, Russia",RS30,48.7591,134.226,,,27.0
4,"Klinovskoye, Moskovskaya Oblast', Russia",RS47,54.3713,38.7267,,,50.0
4,"Dalneye, Tverskaya Oblast', Russia",RS77,56.1822,35.1204,,,69.0
4,"Krasnoarmeisk, Volgogradskaya Oblast', Russia",RS84,48.5156,44.6037,,,34.0
4,"Kushchevskaya, Krasnodarskiy Kray, Russia",RS38,46.5599,39.6321,646.0,0.6733220424056715,23.0
4,"Malinov, Kurskaya Oblast', Russia",RS41,52.0582,36.0607,,,46.0
4,"Khubar, Dagestan, Russia",RS17,43.0504,46.7548,,,5.0
4,"Musin, Chelyabinskaya Oblast', Russia",RS13,52.3989,59.0467,,,74.0
4,"Kresty, Orlovskaya Oblast', Russia",RS56,52.6833,36.05,,,57.0
4,"Dubinskiy, Novosibirskaya Oblast', Russia",RS53,54.8336,83.5499,,,54.0
4,"Moyno, Udmurtiya, Russia",RS80,58.11,52.0852,,,18.0
4,"Svechnikov, Rostovskaya Oblast', Russia",RS61,49.0214,41.5667,,,61.0
4,"Armeyskiy, Omskaya Oblast', Russia",RS54,54.89,73.3917,,,55.0
4,"Zyuzino, Moskovskaya Oblast', Russia",RS47,55.6788,38.1214,,,50.0
4,"Rogovo, Moskovskaya Oblast', Russia",RS47,54.7579,37.5659,,,50.0
4,"Kapotnya, Moskva, Russia",RS48,55.6381,37.7931,,,50.0
4,"Purt, Kirovskaya Oblast', Russia",RS33,57.2426,48.5537,,,43.0
4,"Khorinsk, Buryatiya, Russia",RS11,52.1657,109.773,106.0,0.8308286926834261,3.0
4,"Nikolaevskoe, Tomskaya Oblast', Russia",RS75,57.195,84.3644,,,70.0
4,"Lozovskaya, Volgogradskaya Oblast', Russia",RS84,50.2019,43.8842,,,34.0
4,"Bulum, Buryatiya, Russia",RS11,52.2837,110.113,,,3.0
4,"Archa, Tomskaya Oblast', Russia",RS75,57.5172,78.422,,,70.0
4,"Konstantinovo, Tverskaya Oblast', Russia",RS77,57.7433,37.2589,,,69.0
4,"Volodarskaya, Leningradskaya Oblast', Russia",RS42,61.1667,35.6,,,47.0
4,"Zach In, Kostromskaya Oblast', Russia",RS37,58.125,43.0868,,,44.0
4,"Baranka, Tverskaya Oblast', Russia",RS77,56.5368,32.6972,,,69.0
4,"Dedovsk, Moskovskaya Oblast', Russia",RS47,55.8686,37.1222,,,50.0
4,"Burtsev, Rostovskaya Oblast', Russia",RS61,48.9042,40.9213,,,61.0
4,"Antoniy, Vologodskaya Oblast', Russia",RS85,59.7985,39.1038,,,35.0
4,"Poddubny, Voronezhskaya Oblast', Russia",RS86,50.0517,39.8456,,,36.0
4,"Lubny, Kaluzhskaya Oblast', Russia",RS25,54.0686,35.7645,,,40.0
4,"Svyatoi Nos, Murmanskaya Oblast', Russia",RS49,68.1565,39.7422,,,51.0
4,"Krasnovo, Yaroslavskaya Oblast', Russia",RS88,58.5733,40.1325,,,76.0
4,"Lukov, Arkhangel'skaya Oblast', Russia",RS06,65.4843,43.179,,,29.0
4,"Kommuna, Saratovskaya Oblast', Russia",RS67,51.8647,46.3697,,,64.0
4,"Don-Don, Khabarovskiy Kray, Russia",RS30,49.3,136.4,,,27.0
4,"Taksimo, Buryatiya, Russia",RS11,56.3444,114.879,98.0,2.8133494746455425,3.0
4,"Kuranakh, Sakha (Yakutiya), Russia",RS63,58.7667,125.517,,,14.0
4,"-Reshetnev, Khabarovskiy Kray, Russia",RS30,47.1892,134.721,,,27.0
4,"Nizhneudinsk, Irkutskaya Oblast', Russia",RS20,54.9076,99.0276,1158.0,0.19808598687661305,38.0
4,"Topki, Tul'skaya Oblast', Russia",RS76,53.9073,38.2422,,,71.0
4,"Tomioka, Sakhalinskaya Oblast', Russia",RS64,47.1167,142.75,,,65.0
4,"Strelnikov, Samarskaya Oblast', Russia",RS65,52.5229,49.6553,,,63.0
4,"Fominok, Bryanskaya Oblast', Russia",RS10,52.5933,35.0062,,,32.0
4,"Kushnarev, Rostovskaya Oblast', Russia",RS61,49.0133,40.4302,,,61.0
4,"Nevelsk, Sakhalinskaya Oblast', Russia",RS64,46.6733,141.863,1960.0,1.6251032810347732,65.0
4,"Kvasha, Arkhangel'skaya Oblast', Russia",RS06,61.8778,47.1481,,,29.0
4,"Porkhov, Pskovskaya Oblast', Russia",RS60,57.765,29.5561,1782.0,0.44878209500582056,60.0
4,"Temernik, Rostovskaya Oblast', Russia",RS61,47.2121,39.6997,,,61.0
4,"Chiko, Buryatiya, Russia",RS11,56.85,110.283,,,3.0
4,"Krasnaya Pakhra, Moskovskaya Oblast', Russia",RS47,55.4416,37.2847,1460.0,23.184387884346496,50.0
4,"Simola, Leningradskaya Oblast', Russia",RS42,60.55,30.65,,,47.0
4,"Sorma, Chuvashiya, Russia",RS16,55.6955,47.0914,,,21.0
4,"Starkov, Primorskiy Kray, Russia",RS59,44.3748,133.948,,,25.0
4,"Shokhin, Volgogradskaya Oblast', Russia",RS84,49.2738,43.5602,,,34.0
4,"Ilen, Bashkortostan, Russia",RS08,54.1493,54.3465,,,2.0
4,"Potemkino, Kostromskaya Oblast', Russia",RS37,58.9062,46.8839,,,44.0
4,"Udom, Russia (General), Russia",RS00,57.1275,131.401,,,91.0
4,"Pregel, Kaliningradskaya Oblast', Russia",RS23,54.689,20.3745,,,39.0
4,"Kushchevka, Kalmykiya, Russia",RS24,46.4853,45.135,,,8.0
4,"Nimda, Evenkiyskiy Avtonomnyy Okrug, Russia",RS18,64.7833,90.65,,,
4,"Tavrika, Bryanskaya Oblast', Russia",RS10,52.4498,32.8336,,,32.0
4,"Bolshaya Dmitrovka, Voronezhskaya Oblast', Russia",RS86,50.4878,39.6471,,,36.0
4,"Samur, Dagestan, Russia",RS17,41.8253,48.486,,,5.0
4,"Selen, Khabarovskiy Kray, Russia",RS30,58.6833,134.133,,,27.0
4,"Vassy, Khabarovskiy Kray, Russia",RS30,52.1167,140.217,,,27.0
4,"Khit, Tomskaya Oblast', Russia",RS75,57.6574,78.6928,,,70.0
4,"Mirnoye, Stavropol'skiy Kray, Russia",RS70,45.2778,43.6878,,,26.0
4,"Imis, Omskaya Oblast', Russia",RS54,57.4136,72.8094,,,55.0
4,"Kent In, Sakha (Yakutiya), Russia",RS63,62.3417,124.444,,,14.0
4,"Yastrebov, Volgogradskaya Oblast', Russia",RS84,50.6357,42.4053,,,34.0
4,"Borovkov, Volgogradskaya Oblast', Russia",RS84,49.4012,44.0315,,,34.0
4,"Valgus, Tverskaya Oblast', Russia",RS77,58.0994,37.6329,,,69.0
4,"Poperechny, Murmanskaya Oblast', Russia",RS49,67.3333,40.0,,,51.0
4,"Lvova, Tul'skaya Oblast', Russia",RS76,53.955,38.7031,,,71.0
4,"Kuvat, Ul'yanovskaya Oblast', Russia",RS81,54.4402,47.0372,,,73.0
4,"Zhuravka, Bryanskaya Oblast', Russia",RS10,52.4764,31.7697,,,32.0
4,"Baikovo, Sakhalinskaya Oblast', Russia",RS64,47.4833,141.967,,,65.0
4,"Staroye Aktashevo, Chuvashiya, Russia",RS16,55.8933,47.7031,,,21.0
4,"Balai, Krasnoyarskiy Kray, Russia",RS39,55.8977,94.027,,,24.0
4,"Mzas, Kemerovskaya Oblast', Russia",RS29,53.5025,87.7818,,,42.0
4,"Irya, Khanty-Mansiyskiy Avtonomnyy Okrug, Russia",RS32,59.888,64.74,,,86.0
4,"Massava, Sverdlovskaya Oblast', Russia",RS71,60.6711,62.0961,,,66.0
4,"Krasnoselkup, Yamalo-Nenetskiy Avtonomnyy Okrug, Russia",RS87,65.7,82.4667,2244.0,0.5924668620899001,89.0
4,"Malovel, Tul'skaya Oblast', Russia",RS76,53.9215,36.6005,,,71.0
4,"Odoyev, Tul'skaya Oblast', Russia",RS76,53.9393,36.6864,,,71.0
4,"Kuprina, Bryanskaya Oblast', Russia",RS10,52.9193,34.85,,,32.0
4,"Bering Island, 92, Russia",RS92,55.0008,166.273,,,41.0
4,"Notara, Sakha (Yakutiya), Russia",RS63,60.5403,116.107,,,14.0
4,"Makkaveyevo, Zabaykal'skiy Kray, Russia",RS93,51.7533,113.945,,,75.0
4,"Artemevka, Smolenskaya Oblast', Russia",RS69,53.6694,32.8944,,,67.0
4,"Sudogda, Vladimirskaya Oblast', Russia",RS83,55.9539,40.8629,1004.0,0.8832959797503399,33.0
4,"Voinka, Kaluzhskaya Oblast', Russia",RS25,54.5633,36.5641,,,40.0
4,"Svetlovo, Pskovskaya Oblast', Russia",RS60,56.62,29.7438,,,60.0
4,"Chumak, Voronezhskaya Oblast', Russia",RS86,51.1381,40.9389,,,36.0
4,"Kireyev, Rostovskaya Oblast', Russia",RS61,48.6263,42.2645,,,61.0
4,"Nech, Permskiy Kray, Russia",RS90,60.9446,56.9767,,,59.0
4,"Kocho, Amurskaya Oblast', Russia",RS05,54.4412,130.617,,,28.0
4,"Shandon, Russia (General), Russia",RS00,42.7844,44.7937,,,91.0
4,"Volma, Novgorodskaya Oblast', Russia",RS52,58.4487,32.7205,,,53.0
4,"Pechi, Nizhegorodskaya Oblast', Russia",RS51,54.8036,44.3232,,,52.0
4,"Parem, Pskovskaya Oblast', Russia",RS60,58.9532,28.0011,,,60.0
4,"Muravey, Krasnodarskiy Kray, Russia",RS38,44.4782,41.7334,,,23.0
4,"Baltiyskiy, Stavropol'skiy Kray, Russia",RS70,43.8669,44.3251,,,26.0
4,"Kosaya Gora, Tul'skaya Oblast', Russia",RS76,54.119,37.5446,,,71.0
4,"Kosogor, Permskiy Kray, Russia",RS90,59.2149,54.3659,,,59.0
4,"Mukunda, Amurskaya Oblast', Russia",RS05,55.5131,129.585,,,28.0
4,"Krasnoe, Belgorodskaya Oblast', Russia",RS09,50.9297,38.6817,943.0,0.2899483462002524,31.0
4,"Divnomorskoye, Krasnodarskiy Kray, Russia",RS38,44.5017,38.1342,,,23.0
4,"Dernova, Kurganskaya Oblast', Russia",RS40,56.3522,64.4946,,,45.0
4,"Aprelevka, Kaliningradskaya Oblast', Russia",RS23,54.7264,20.7379,,,39.0
4,"Nelma, Khabarovskiy Kray, Russia",RS30,47.6469,139.179,,,27.0
4,"Krugloye Pole, Tatarstan, Russia",RS73,55.6545,52.1771,,,16.0
4,"Latushka, Sverdlovskaya Oblast', Russia",RS71,59.1684,60.2202,,,66.0
4,"Samokat, Nizhegorodskaya Oblast', Russia",RS51,54.886,44.8352,,,52.0
4,"-Alfa, Tatarstan, Russia",RS73,55.309,50.6118,,,16.0
4,"Kirva, Russia (General), Russia",RS00,58.7412,35.9135,,,91.0
4,"Nulka, Vladimirskaya Oblast', Russia",RS83,55.8525,42.1351,,,33.0
4,"Arbuzov, Rostovskaya Oblast', Russia",RS61,49.1951,40.3175,,,61.0
4,"Gvardeyskoye, Chechnya And Ingushetiya, Russia",RSCI,43.6731,44.9589,,,20.0
4,"Denki, Kirovskaya Oblast', Russia",RS33,58.6819,50.7708,,,43.0
4,"Kyma, Arkhangel'skaya Oblast', Russia",RS06,64.8367,47.5151,,,29.0
4,"Valiyeva, Bashkortostan, Russia",RS08,52.3833,57.8667,,,2.0
4,"Serebryanko, Sverdlovskaya Oblast', Russia",RS71,58.4667,60.4667,,,66.0
4,"Kryuchkov, Volgogradskaya Oblast', Russia",RS84,49.2346,46.9311,,,34.0
4,"Ebike, Sakhalinskaya Oblast', Russia",RS64,48.8667,142.95,,,65.0
4,"Snovskoye, Bryanskaya Oblast', Russia",RS10,52.4868,32.0618,,,32.0
4,"Trostan, Bryanskaya Oblast', Russia",RS10,52.5258,32.0153,,,32.0
4,"Lopino, Leningradskaya Oblast', Russia",RS42,59.9911,32.3105,,,47.0
4,"Vezha, Arkhangel'skaya Oblast', Russia",RS06,61.2036,43.5441,,,29.0
4,"Voronov, Stavropol'skiy Kray, Russia",RS70,44.1775,43.0311,,,26.0
4,"Petrunin, Volgogradskaya Oblast', Russia",RS84,49.35,45.8333,,,34.0
4,"Yankina, Tverskaya Oblast', Russia",RS77,57.9919,37.1431,,,69.0
4,"Grodekovo, Primorskiy Kray, Russia",RS59,44.4097,131.378,,,25.0
4,"Lensk, Permskiy Kray, Russia",RS90,57.3003,56.657,,,59.0
4,"Groznyj, Chechnya And Ingushetiya, Russia",RSCI,43.3119,45.6889,461.0,0.9419169725778268,20.0
4,"Petsamo, Murmanskaya Oblast', Russia",RS49,69.561,31.2202,,,51.0
4,"Voloshino, Rostovskaya Oblast', Russia",RS61,48.9222,39.9348,,,61.0
4,"Tagay, Ul'yanovskaya Oblast', Russia",RS81,54.3057,47.6339,,,73.0
4,"Znamensk, Kaliningradskaya Oblast', Russia",RS23,54.6095,21.208,,,39.0
4,"Bezymyannaya, Vologodskaya Oblast', Russia",RS85,60.7282,42.3076,,,35.0
4,"Listopad, Sakha (Yakutiya), Russia",RS63,55.6137,126.386,,,14.0
4,"Gagarina, Chelyabinskaya Oblast', Russia",RS13,55.1431,59.6733,,,74.0
4,"Rubashkin, Rostovskaya Oblast', Russia",RS61,47.3134,41.7231,,,61.0
4,"Bamburovo, Primorskiy Kray, Russia",RS59,42.9401,131.315,,,25.0
4,"Zirgan, Bashkortostan, Russia",RS08,53.2222,55.9185,,,2.0
4,"Idra, Krasnoyarskiy Kray, Russia",RS39,54.3667,92.1333,,,24.0
4,"Piragi, Pskovskaya Oblast', Russia",RS60,57.1042,28.0285,,,60.0
4,"Reka, Pskovskaya Oblast', Russia",RS60,58.3789,28.707,,,60.0
4,"Znamenka, Amurskaya Oblast', Russia",RS05,50.6236,129.06,,,28.0
4,"Basly, Omskaya Oblast', Russia",RS54,57.0091,72.7825,,,55.0
4,"Prosveshcheniye, Leningradskaya Oblast', Russia",RS42,59.8976,29.8605,,,47.0
4,"Petseri, Pskovskaya Oblast', Russia",RS60,57.815,27.6076,,,60.0
4,"Zimina, Kurganskaya Oblast', Russia",RS40,56.0103,65.1267,,,45.0
4,"Udina, Novgorodskaya Oblast', Russia",RS52,58.6734,34.4396,,,53.0
4,"Dubki, Primorskiy Kray, Russia",RS59,44.0605,131.958,,,25.0
4,"Piramida, Voronezhskaya Oblast', Russia",RS86,50.8597,40.3032,,,36.0
4,"Tariel, Chukotskiy Avtonomnyy Okrug, Russia",RS15,67.83,-179.638,,,87.0
4,"Novskoye, Vladimirskaya Oblast', Russia",RS83,56.1743,40.7287,,,33.0
4,"Babchenko, Krasnodarskiy Kray, Russia",RS38,46.0,39.2997,,,23.0
4,"Shingal, Penzenskaya Oblast', Russia",RS57,52.4738,44.815,,,58.0
4,"Karagas, Dagestan, Russia",RS17,44.2514,45.3853,,,5.0
4,"Yegoryevsk, Novosibirskaya Oblast', Russia",RS53,54.4986,84.5973,,,54.0
4,"Serebryany Bor, Moskva, Russia",RS48,55.8,37.5,,,50.0
4,"Vyry, Ul'yanovskaya Oblast', Russia",RS81,54.1937,47.7993,,,73.0
4,"Zenki, Permskiy Kray, Russia",RS90,58.2832,55.2388,,,59.0
4,"Mazai, Udmurtiya, Russia",RS80,58.1915,53.8312,,,18.0
4,"Ayda, Sakha (Yakutiya), Russia",RS63,63.4719,116.884,,,14.0
4,"Stanovoy, Belgorodskaya Oblast', Russia",RS09,50.5724,36.1363,,,31.0
4,"Ryam, Khabarovskiy Kray, Russia",RS30,59.73,146.967,,,27.0
4,"Ulanov, Adygeya, Russia",RS01,44.9331,39.9831,,,1.0
4,"Bolotova, Tomskaya Oblast', Russia",RS75,57.4,81.8,,,70.0
4,"Pidma, Leningradskaya Oblast', Russia",RS42,60.9771,34.6758,,,47.0
4,"Zimnik, Arkhangel'skaya Oblast', Russia",RS06,64.1348,41.7404,,,29.0
4,"Kopylov, Saratovskaya Oblast', Russia",RS67,50.0625,48.3928,,,64.0
4,"Korolevskaya, Komi, Russia",RS34,59.4372,49.5848,,,11.0
4,"Shangino, Tyumenskaya Oblast', Russia",RS78,56.2677,67.7226,,,72.0
4,"Totma, Vologodskaya Oblast', Russia",RS85,59.9737,42.7649,1066.0,0.34321494073847747,35.0
4,"Slobodina, Kirovskaya Oblast', Russia",RS33,58.7492,49.5588,,,43.0
4,"Kochkin, Adygeya, Russia",RS01,44.8317,39.3722,,,1.0
4,"Nyuksenitsa, Vologodskaya Oblast', Russia",RS85,60.4116,44.2331,1062.0,1.4890647177173904,35.0
4,"Poplavskiy, Voronezhskaya Oblast', Russia",RS86,50.4914,40.9831,,,36.0
4,"Stepnoe, Chechnya And Ingushetiya, Russia",RSCI,43.4132,46.2373,,,20.0
4,"Lugovskoye, Tomskaya Oblast', Russia",RS75,58.9019,81.6417,,,70.0
4,"Sukhoy Liman, Krasnodarskiy Kray, Russia",RS38,44.7585,37.4549,,,23.0
4,"Azoz, Rostovskaya Oblast', Russia",RS61,47.1039,39.2978,,,61.0
4,"Taisa, Tyumenskaya Oblast', Russia",RS78,58.1516,73.002,,,72.0
4,"Zinki, Permskiy Kray, Russia",RS90,58.6598,55.6001,,,59.0
4,"Kirka, Dagestan, Russia",RS17,41.5345,48.1874,,,5.0
4,"Plotnikova, Tomskaya Oblast', Russia",RS75,56.8606,83.0872,,,70.0
4,"Biisk, Altayskiy Kray, Russia",RS04,52.5364,85.2072,,,22.0
4,"Lapko, Sakha (Yakutiya), Russia",RS63,57.5,129.667,,,14.0
4,"Chesnokov, Orenburgskaya Oblast', Russia",RS55,51.6833,51.6667,,,56.0
4,"Morozovsk, Rostovskaya Oblast', Russia",RS61,48.355,41.8263,1825.0,0.3435613524612377,61.0
4,"Novo Selo, Vologodskaya Oblast', Russia",RS85,60.4427,37.3857,,,35.0
4,"Syran, Khabarovskiy Kray, Russia",RS30,53.5856,137.208,,,27.0
4,"Matyushkin, Krasnoyarskiy Kray, Russia",RS39,55.2388,92.3564,,,24.0
4,"Yelnya, Smolenskaya Oblast', Russia",RS69,55.763,34.6749,,,67.0
4,"Razvyazka, Omskaya Oblast', Russia",RS54,54.982,73.7944,,,55.0
4,"Oborona, Kirovskaya Oblast', Russia",RS33,58.2083,46.7711,,,43.0
4,"Sergiyevskoye, Ryazanskaya Oblast', Russia",RS62,53.6314,39.3026,,,62.0
4,"Gilya, Evenkiyskiy Avtonomnyy Okrug, Russia",RS18,64.1833,97.5333,,,
4,"Mosolov, Rostovskaya Oblast', Russia",RS61,48.4037,40.2606,,,61.0
4,"Tarma, Irkutskaya Oblast', Russia",RS20,55.9858,101.286,,,38.0
4,"Tobol, Kaluzhskaya Oblast', Russia",RS25,54.3899,34.6718,,,40.0
4,"Pashkovo, Lipetskaya Oblast', Russia",RS43,52.0145,39.9807,,,48.0
4,"Veseloe, Kaliningradskaya Oblast', Russia",RS23,54.5467,19.97,,,39.0
4,"Nevelskoe, Sakhalinskaya Oblast', Russia",RS64,53.5,142.133,,,65.0
4,"Podolskaya, Kostromskaya Oblast', Russia",RS37,58.4491,41.965,,,44.0
4,"Druzhina, Orenburgskaya Oblast', Russia",RS55,53.7998,52.9598,,,56.0
4,"Kargasok, Tomskaya Oblast', Russia",RS75,59.0556,80.8572,2153.0,0.9108611444703469,70.0
4,"Shikhany, Saratovskaya Oblast', Russia",RS67,52.1178,47.1986,1912.0,0.3294699432228996,64.0
4,"Turov, Zabaykal'skiy Kray, Russia",RS93,51.672,117.781,,,75.0
4,"Cheba, Altay, Russia",RS03,51.1322,86.1744,,,4.0
4,"Miyuki, Sakhalinskaya Oblast', Russia",RS64,47.1833,142.75,,,65.0
4,"Lengas, Russia (General), Russia",RS00,53.7082,42.1165,,,91.0
4,"Iren, Permskiy Kray, Russia",RS90,57.4524,56.9333,,,59.0
4,"Krylova, Kemerovskaya Oblast', Russia",RS29,55.6587,85.2683,,,42.0
4,"Fabrik, Kirovskaya Oblast', Russia",RS33,59.2711,48.4631,,,43.0
4,"Maryanov, Rostovskaya Oblast', Russia",RS61,47.3418,43.1648,,,61.0
4,"Rayevskoye, Tverskaya Oblast', Russia",RS77,57.8781,35.5808,,,69.0
4,"Usatovo, Saratovskaya Oblast', Russia",RS67,50.7853,46.903,,,64.0
4,"Mikhaylova, Lipetskaya Oblast', Russia",RS43,52.3612,38.5437,,,48.0
4,"Churkin, Astrakhanskaya Oblast', Russia",RS07,46.3049,48.7209,,,30.0
4,"Lukyanovka, Belgorodskaya Oblast', Russia",RS09,51.3572,37.5219,,,31.0
4,"Lisey, Tverskaya Oblast', Russia",RS77,57.5791,34.4383,,,69.0
4,"Sinevo, Tverskaya Oblast', Russia",RS77,57.7497,34.0056,,,69.0
4,"Amelkin, Bryanskaya Oblast', Russia",RS10,52.784,32.9673,,,32.0
4,"Korolenko, Irkutskaya Oblast', Russia",RS20,56.1096,98.4596,,,38.0
4,"Tsygan, Volgogradskaya Oblast', Russia",RS84,47.7111,43.0633,,,34.0
4,"Zolotoye, Saratovskaya Oblast', Russia",RS67,50.8266,45.8956,,,64.0
4,"Gorskoye, Tomskaya Oblast', Russia",RS75,57.153,85.6208,,,70.0
4,"British Channel, Arkhangel'skaya Oblast', Russia",RS06,80.8136,52.3036,,,29.0
4,"Korel, Permskiy Kray, Russia",RS90,59.8002,56.7849,,,59.0
4,"Teka, Tomskaya Oblast', Russia",RS75,56.1842,83.7617,,,70.0
4,"Klesk, Leningradskaya Oblast', Russia",RS42,59.2,34.8,,,47.0
4,"Timonovo, Yaroslavskaya Oblast', Russia",RS88,57.9715,40.5451,,,76.0
4,"Yunost, Sverdlovskaya Oblast', Russia",RS71,57.9139,60.1022,,,66.0
4,"Kamchatka, Krasnoyarskiy Kray, Russia",RS39,55.1203,90.8628,,,24.0
4,"Kara Strait, Nenetskiy Avtonomnyy Okrug, Russia",RS50,70.4333,57.9167,,,83.0
4,"Cherkasov, Volgogradskaya Oblast', Russia",RS84,48.6625,43.5678,,,34.0
4,"Alpatov, Chechnya And Ingushetiya, Russia",RSCI,43.7589,45.2517,,,20.0
4,"Krasnoobsk, Novosibirskaya Oblast', Russia",RS53,54.9198,82.9909,,,54.0
4,"Stepnoy, Kalmykiya, Russia",RS24,46.3078,44.2558,,,8.0
4,"Radost, Irkutskaya Oblast', Russia",RS20,57.75,115.15,,,38.0
4,"Zayeltsovskiy Bor, Novosibirskaya Oblast', Russia",RS53,55.0766,82.8048,,,54.0
4,"Sovetskaya, Rostovskaya Oblast', Russia",RS61,47.4225,43.3209,,,61.0
4,"Berezovets, Tverskaya Oblast', Russia",RS77,57.5688,37.4357,,,69.0
4,"Viktorov, Voronezhskaya Oblast', Russia",RS86,50.2036,40.8477,,,36.0
4,"Kemsk, Leningradskaya Oblast', Russia",RS42,59.1561,29.8525,,,47.0
4,"Krivtsova, Bryanskaya Oblast', Russia",RS10,52.1752,34.5665,,,32.0
4,"Abramenko, Rostovskaya Oblast', Russia",RS61,47.1661,43.8053,,,61.0
4,"Rechkovo, Yaroslavskaya Oblast', Russia",RS88,57.8462,38.2595,,,76.0
4,"Simiyu, Yamalo-Nenetskiy Avtonomnyy Okrug, Russia",RS87,64.0333,72.8333,,,89.0
4,"Kireyevsk, Tul'skaya Oblast', Russia",RS76,53.9336,37.9279,,,71.0
4,"Kompakt, Sakha (Yakutiya), Russia",RS63,63.75,117.917,,,14.0
4,"Fedosova, Krasnoyarskiy Kray, Russia",RS39,55.3167,91.5167,,,24.0
4,"Dabat, Irkutskaya Oblast', Russia",RS20,51.9747,104.347,,,38.0
4,"Yasina, Khabarovskiy Kray, Russia",RS30,51.4333,135.167,,,27.0
4,"Organizator, Kaluzhskaya Oblast', Russia",RS25,54.5764,36.2644,,,40.0
4,"Lyubavichi, Smolenskaya Oblast', Russia",RS69,54.1884,31.7067,,,67.0
4,"Akhunovo, Bashkortostan, Russia",RS08,54.2667,54.7333,,,2.0
4,"Umai, Nizhegorodskaya Oblast', Russia",RS51,55.4565,44.3373,,,52.0
4,"Shakhovskaya, Irkutskaya Oblast', Russia",RS20,53.5256,102.806,,,38.0
4,"Urgun, Bashkortostan, Russia",RS08,54.3993,59.3924,,,2.0
4,"Bykovskaya, Arkhangel'skaya Oblast', Russia",RS06,63.5167,41.85,,,29.0
4,"Sobachevka, Kurskaya Oblast', Russia",RS41,51.5684,36.7094,,,46.0
4,"Bogoroditsk, Smolenskaya Oblast', Russia",RS69,55.3107,34.0749,,,67.0
4,"Yarra, Yamalo-Nenetskiy Avtonomnyy Okrug, Russia",RS87,70.3228,72.4925,,,89.0
4,"Yakovlevich, Irkutskaya Oblast', Russia",RS20,56.9933,105.321,,,38.0
4,"Fomichev, Volgogradskaya Oblast', Russia",RS84,48.1894,45.0161,,,34.0
4,"Ismaylovo, Bashkortostan, Russia",RS08,55.5595,54.6289,,,2.0
4,"Petropavlovka, Orenburgskaya Oblast', Russia",RS55,51.8167,53.2333,,,56.0
4,"Kudrovo, Novgorodskaya Oblast', Russia",RS52,57.8353,31.4603,,,53.0
4,"Badai, Irkutskaya Oblast', Russia",RS20,52.8775,103.609,,,38.0
4,"Cuco, Checheno-Ingushskaya Avtonomnaya Sovetskaya Sotsialistichesk, Russia",RS12,43.086,45.2885,,,20.0
4,"Kartun, Tverskaya Oblast', Russia",RS77,57.2996,32.8672,,,69.0
4,"Polesye, Chelyabinskaya Oblast', Russia",RS13,54.2481,61.0042,,,74.0
4,"Merya, Moskovskaya Oblast', Russia",RS47,55.7393,38.5588,,,50.0
4,"Pota-Pova, Krasnoyarskiy Kray, Russia",RS39,58.4342,92.3091,,,24.0
4,"Kovrig, Novgorodskaya Oblast', Russia",RS52,58.8408,33.1659,,,53.0
4,"Oana, 92, Russia",RS92,61.6333,163.167,,,41.0
4,"Zolotaya Dolina, Primorskiy Kray, Russia",RS59,42.9333,133.117,,,25.0
4,"Snigirevka, Smolenskaya Oblast', Russia",RS69,53.9312,32.3785,,,67.0
4,"Podol, Novgorodskaya Oblast', Russia",RS52,58.5689,33.9158,,,53.0
4,"Gavri, Pskovskaya Oblast', Russia",RS60,56.9155,27.8742,,,60.0
4,"Nishma, Vologodskaya Oblast', Russia",RS85,59.9789,41.4677,,,35.0
4,"Kinova, Kurskaya Oblast', Russia",RS41,51.7247,35.5136,,,46.0
4,"Kozyrev, Rostovskaya Oblast', Russia",RS61,49.1388,40.3819,,,61.0
4,"Murma, Krasnoyarskiy Kray, Russia",RS39,57.2678,94.5439,,,24.0
4,"Loka, Amurskaya Oblast', Russia",RS05,54.1342,126.667,,,28.0
4,"-- Loka, Amurskaya Oblast', Russia",RS05,54.1342,126.667,,,28.0
4,"Cherepanov, Irkutskaya Oblast', Russia",RS20,54.9903,104.965,,,38.0
4,"Ansan, Primorskiy Kray, Russia",RS59,43.2833,131.717,,,25.0
4,"Chernyakhovsk, Kaliningradskaya Oblast', Russia",RS23,54.6334,21.8156,1197.0,0.4324058856665139,39.0
4,"Polugar, Omskaya Oblast', Russia",RS54,57.6495,75.3504,,,55.0
4,"Snezhinka, Bryanskaya Oblast', Russia",RS10,52.7431,32.6373,,,32.0
4,"Gigant, Vladimirskaya Oblast', Russia",RS83,56.3667,41.3167,,,33.0
4,"Beyuk, Russia (General), Russia",RS00,43.8799,39.8187,,,91.0
4,"Markovo, Pskovskaya Oblast', Russia",RS60,56.2833,30.4167,,,60.0
4,"Krugloye, Kurganskaya Oblast', Russia",RS40,54.5011,64.8911,,,45.0
4,"Novodanilovka, Bashkortostan, Russia",RS08,53.5601,54.6238,,,2.0
4,"Zelenaya, Tverskaya Oblast', Russia",RS77,56.5028,33.4839,,,69.0
4,"Chernaya Rechka, Kostromskaya Oblast', Russia",RS37,58.561,41.6965,,,44.0
4,"Barabinsk, Novosibirskaya Oblast', Russia",RS53,55.3571,78.357,1603.0,0.42215906226282457,54.0
4,"Bergul, Novosibirskaya Oblast', Russia",RS53,55.6074,78.3596,,,54.0
4,"Yurty-Konstantinovy, Kemerovskaya Oblast', Russia",RS29,56.0653,84.9603,,,42.0
4,"Zinovyev, Volgogradskaya Oblast', Russia",RS84,50.0035,42.9505,,,34.0
4,"Opali, Kirovskaya Oblast', Russia",RS33,57.0151,48.0833,,,43.0
4,"Alinka, Lipetskaya Oblast', Russia",RS43,52.532,38.6872,,,48.0
4,"Elpa, Zabaykal'skiy Kray, Russia",RS93,55.6462,120.09,,,75.0
4,"Kievskiy, Krasnodarskiy Kray, Russia",RS38,45.2599,41.0143,,,23.0
4,"Allenburg, Kaliningradskaya Oblast', Russia",RS23,54.493,21.1918,,,39.0
4,"Svitino, Tverskaya Oblast', Russia",RS77,57.2804,37.5529,,,69.0
4,"Storozhevaya, Lipetskaya Oblast', Russia",RS43,53.4487,39.6576,,,48.0
4,"Tsvetkova, Khabarovskiy Kray, Russia",RS30,50.9111,138.549,,,27.0
4,"Zali, Primorskiy Kray, Russia",RS59,47.8463,138.504,,,25.0
4,"Primorsko-Akhtarsk, Krasnodarskiy Kray, Russia",RS38,46.0497,38.1747,654.0,1.65097579105577,23.0
4,"Ratibor, Vologodskaya Oblast', Russia",RS85,59.8031,38.2622,,,35.0
4,"Chernyshov, Rostovskaya Oblast', Russia",RS61,47.0458,43.7819,,,61.0
4,"Sertolovo, Leningradskaya Oblast', Russia",RS42,60.1444,30.2016,,,47.0
4,"Svinets, Arkhangel'skaya Oblast', Russia",RS06,64.5568,40.2291,,,29.0
5,"Leningradskaya Oblast, Leningradskaya Oblast', Russia",RS42,60.0,32.0,,,47.0
4,"Vodino, Volgogradskaya Oblast', Russia",RS84,48.0227,43.9783,,,34.0
4,"Kuksha, Khabarovskiy Kray, Russia",RS30,48.15,139.083,,,27.0
4,"Svetino, Kaluzhskaya Oblast', Russia",RS25,54.9072,35.8078,,,40.0
4,"Lahnalampi, Kareliya, Russia",RS28,66.1066,31.4229,,,10.0
4,"Pavloka, Vladimirskaya Oblast', Russia",RS83,56.1994,39.6694,,,33.0
4,"Grishin, Volgogradskaya Oblast', Russia",RS84,50.4911,43.4193,,,34.0
4,"Grid New, Adygeya, Russia",RS01,44.8308,39.1149,,,1.0
4,"Yeruda, Krasnoyarskiy Kray, Russia",RS39,59.8708,92.8822,,,24.0
4,"Tsentralnaya, Ryazanskaya Oblast', Russia",RS62,53.5364,41.0744,,,62.0
4,"Obor, Zabaykal'skiy Kray, Russia",RS93,50.9694,108.547,,,75.0
4,"Nikolsk, Irkutskaya Oblast', Russia",RS20,52.7525,104.456,,,38.0
4,"Yelet, Kareliya, Russia",RS28,66.158,32.675,,,10.0
4,"Bondarenkov, Orenburgskaya Oblast', Russia",RS55,51.3628,53.8811,,,56.0
4,"Fedulov, Rostovskaya Oblast', Russia",RS61,47.259,40.4677,,,61.0
4,"Petrushenko, Omskaya Oblast', Russia",RS54,55.0367,73.0168,,,55.0
4,"Kamtschatka, 92, Russia",RS92,56.0,160.0,,,41.0
4,"Verkhoyansk Mountains, Russia (General), Russia",RS00,67.0,129.0,,,91.0
4,"Novosibirskiye Ostrova, Sakha (Yakutiya), Russia",RS63,75.0,142.0,,,14.0
4,"Novaya Moskva, Irkutskaya Oblast', Russia",RS20,53.9536,101.092,,,38.0
4,"Lacha, Komi, Russia",RS34,63.3041,54.4576,,,11.0
4,"Konus, Orenburgskaya Oblast', Russia",RS55,51.7,59.2833,,,56.0
4,"Iska, Tyumenskaya Oblast', Russia",RS78,57.5733,65.791,,,72.0
4,"Grafovka, Belgorodskaya Oblast', Russia",RS09,50.4029,36.7392,,,31.0
4,"Avdeyevka, Orenburgskaya Oblast', Russia",RS55,53.4833,53.7667,,,56.0
4,"Nyasha, Krasnoyarskiy Kray, Russia",RS39,56.0867,93.1772,,,24.0
4,"Malgobek, Severnaya Osetiya-Alaniya, Russia",RS68,43.6167,44.4533,159.0,15.800532097357909,15.0
4,"Avati, Leningradskaya Oblast', Russia",RS42,59.4167,30.8197,,,47.0
4,"Karasu, Chechnya And Ingushetiya, Russia",RSCI,43.6781,45.9533,,,20.0
4,"Nilka, Yaroslavskaya Oblast', Russia",RS88,56.8269,39.0321,,,76.0
4,"Karabulak, Astrakhanskaya Oblast', Russia",RS07,46.0579,47.5704,,,30.0
4,"Fedorovka, Amurskaya Oblast', Russia",RS05,49.9181,129.274,,,28.0
4,"Vesoloye, Tambovskaya Oblast', Russia",RS72,53.481,41.4687,,,68.0
4,"Chigirinskiy, Altayskiy Kray, Russia",RS04,53.3333,79.8667,,,22.0
4,"Mius, Saratovskaya Oblast', Russia",RS67,51.4485,47.9292,,,64.0
4,"Bakhtemir, Astrakhanskaya Oblast', Russia",RS07,46.1581,47.816,,,30.0
4,"Umka, Udmurtiya, Russia",RS80,57.7397,52.929,,,18.0
4,"Proletarskoye, Bryanskaya Oblast', Russia",RS10,52.6038,32.9832,,,32.0
4,"Krasnopartizanskoye, Krasnodarskiy Kray, Russia",RS38,46.075,39.7711,,,23.0
4,"Izvilistaya, Omskaya Oblast', Russia",RS54,57.813,73.1249,,,55.0
4,"Tambovka, Krasnoyarskiy Kray, Russia",RS39,53.8165,93.1999,,,24.0
4,"Synk, Khanty-Mansiyskiy Avtonomnyy Okrug, Russia",RS32,62.2833,67.8667,,,86.0
4,"Peskova, Novgorodskaya Oblast', Russia",RS52,57.9759,30.906,,,53.0
4,"Budenovka, Dagestan, Russia",RS17,43.5219,46.5536,,,5.0
4,"Netis, Arkhangel'skaya Oblast', Russia",RS06,62.232,46.9943,,,29.0
4,"Peza, Arkhangel'skaya Oblast', Russia",RS06,65.5958,44.6138,,,29.0
4,"Zarnitsa, Tul'skaya Oblast', Russia",RS76,53.509,36.8512,,,71.0
4,"Sildi, Dagestan, Russia",RS17,42.4552,45.9272,,,5.0
4,"Rynok, Kurskaya Oblast', Russia",RS41,52.2893,35.4037,,,46.0
4,"Iragi, Dagestan, Russia",RS17,42.1189,47.7534,,,5.0
4,"Selezneva, Irkutskaya Oblast', Russia",RS20,56.4449,103.95,,,38.0
4,"Tsarevich, Smolenskaya Oblast', Russia",RS69,55.1106,32.767,,,67.0
4,"Raskol, Rostovskaya Oblast', Russia",RS61,50.0694,41.5217,,,61.0
4,"Novoandeyevka, Amurskaya Oblast', Russia",RS05,50.8833,127.883,,,28.0
4,"Gulyaypole, Voronezhskaya Oblast', Russia",RS86,51.0116,40.7568,,,36.0
4,"Burkov, Irkutskaya Oblast', Russia",RS20,53.0232,102.616,,,38.0
4,"Akkim, Murmanskaya Oblast', Russia",RS49,68.6833,30.25,,,51.0
4,"Katasonov, Volgogradskaya Oblast', Russia",RS84,50.0893,43.0046,,,34.0
4,"Shishma, Permskiy Kray, Russia",RS90,56.15,56.9,,,59.0
4,"Saraktash, Orenburgskaya Oblast', Russia",RS55,51.7866,51.7866,,,56.0
4,"Gavrilovka, Orenburgskaya Oblast', Russia",RS55,53.2224,52.3145,,,56.0
4,"Babai, Tverskaya Oblast', Russia",RS77,56.5386,33.5397,,,69.0
4,"Churchi, Magadanskaya Oblast', Russia",RS44,59.9389,148.322,,,49.0
4,"Iskitim, Novosibirskaya Oblast', Russia",RS53,54.6122,83.4006,1608.0,6.660799919761449,54.0
4,"Friedrichsburg, Kaliningradskaya Oblast', Russia",RS23,54.7646,21.1384,,,39.0
4,"Kartalay, Dagestan, Russia",RS17,42.0871,47.8583,,,5.0
4,"Aleysk, Altayskiy Kray, Russia",RS04,52.4926,82.7822,505.0,0.7822368090692134,22.0
4,"Tatishchevo, Saratovskaya Oblast', Russia",RS67,51.6703,45.5953,1948.0,0.26159865125569165,64.0
4,"Nerpichya, Murmanskaya Oblast', Russia",RS49,68.3333,38.4,,,51.0
4,"Yagelnaya, Nenetskiy Avtonomnyy Okrug, Russia",RS50,68.9556,49.6572,,,83.0
4,"Punkt, Sverdlovskaya Oblast', Russia",RS71,57.0778,63.9443,,,66.0
4,"Pulya, Khabarovskiy Kray, Russia",RS30,52.3167,140.467,,,27.0
4,"Nikolski, Orenburgskaya Oblast', Russia",RS55,51.6747,54.515,,,56.0
4,"Redkodub, Belgorodskaya Oblast', Russia",RS09,50.8762,36.8378,,,31.0
4,"Priluki, Krasnoyarskiy Kray, Russia",RS39,57.7521,95.7302,,,24.0
4,"Alango, Kareliya, Russia",RS28,61.1833,32.4833,,,10.0
4,"Rastov, Vladimirskaya Oblast', Russia",RS83,55.3209,40.5667,,,33.0
5,"Jewish Autonomous Oblast, Yevreyskaya Avtonomnaya Oblast', Russia",RS89,48.5,132.0,,,79.0
4,"Ilyana, Chukotskiy Avtonomnyy Okrug, Russia",RS15,65.5,171.65,,,87.0
4,"Kurkul, Tatarstan, Russia",RS73,55.1937,50.1115,,,16.0
4,"Amurskaya, Sakhalinskaya Oblast', Russia",RS64,46.6083,141.828,,,65.0
4,"Smidovich, Yevreyskaya Avtonomnaya Oblast', Russia",RS89,48.594,133.805,2343.0,0.675896260385448,79.0
4,"Adamova, Permskiy Kray, Russia",RS90,58.7359,56.7656,,,59.0
4,"Sinkova, Pskovskaya Oblast', Russia",RS60,56.966,28.4474,,,60.0
4,"Salyan, Dagestan, Russia",RS17,41.6301,48.199,,,5.0
4,"Honto, Sakhalinskaya Oblast', Russia",RS64,46.6733,141.863,,,65.0
4,"Zvorykin, Belgorodskaya Oblast', Russia",RS09,50.4469,38.5451,,,31.0
4,"Berestovo, Belgorodskaya Oblast', Russia",RS09,50.2522,39.0931,,,31.0
4,"Ikki, Murmanskaya Oblast', Russia",RS49,67.5167,30.9,,,51.0
4,"Samrat, Omskaya Oblast', Russia",RS54,54.7833,73.05,,,55.0
4,"Posha, Russia (General), Russia",RS00,56.3467,54.4455,,,91.0
4,"Bezhetsk, Tverskaya Oblast', Russia",RS77,57.7851,36.6965,2111.0,0.47798757651154966,69.0
4,"Nebolchi, Novgorodskaya Oblast', Russia",RS52,59.1239,33.3454,,,53.0
4,"Sotnik, Khanty-Mansiyskiy Avtonomnyy Okrug, Russia",RS32,59.4833,66.1333,,,86.0
4,"Myskin, Saratovskaya Oblast', Russia",RS67,51.8306,43.1819,,,64.0
4,"Urei, Russia (General), Russia",RS00,50.3749,112.888,,,91.0
4,"Uspenka, Astrakhanskaya Oblast', Russia",RS07,48.2025,46.2382,,,30.0
4,"Padma, Kareliya, Russia",RS28,62.4504,35.2265,,,10.0
4,"Gracheva, Kurganskaya Oblast', Russia",RS40,56.1863,64.7012,,,45.0
4,"Slavgorod, Voronezhskaya Oblast', Russia",RS86,51.1194,40.6444,,,36.0
4,"Sigi, Pskovskaya Oblast', Russia",RS60,57.5415,28.2271,,,60.0
4,"Izrail, Voronezhskaya Oblast', Russia",RS86,51.4044,40.4847,,,36.0
4,"Eura, Sakhalinskaya Oblast', Russia",RS64,46.7333,142.633,,,65.0
4,"Basim, Permskiy Kray, Russia",RS90,59.7592,55.6941,,,59.0
4,"Sushki, Ryazanskaya Oblast', Russia",RS62,54.2781,40.3774,,,62.0
4,"Chertan, Bashkortostan, Russia",RS08,55.7279,57.8992,,,2.0
4,"Mugen, Tyumenskaya Oblast', Russia",RS78,59.8053,70.7939,,,72.0
4,"Tanais, Rostovskaya Oblast', Russia",RS61,47.2668,39.335,,,61.0
4,"Yasnoye, Nizhegorodskaya Oblast', Russia",RS51,55.2555,45.9244,,,52.0
4,"Yelo, Altay, Russia",RS03,50.7693,85.5602,,,4.0
4,"Bolshiye Vyazemy, Moskovskaya Oblast', Russia",RS47,55.6218,36.9785,,,50.0
4,"Zakharovo, Altayskiy Kray, Russia",RS04,53.9706,84.4225,,,22.0
4,"Zverevo, Tverskaya Oblast', Russia",RS77,57.1845,37.9833,,,69.0
4,"Tatarskiy, Omskaya Oblast', Russia",RS54,53.9614,75.0581,,,55.0
4,"Kochi No, Chuvashiya, Russia",RS16,56.0332,47.6143,,,21.0
4,"Roumilet, Chukotskiy Avtonomnyy Okrug, Russia",RS15,64.5833,-172.917,,,87.0
4,"Pronina, Permskiy Kray, Russia",RS90,59.1364,54.6333,,,59.0
4,"Malaya Dmitrovka, Ryazanskaya Oblast', Russia",RS62,54.322,41.4511,,,62.0
4,"Pokrovskoye, Moskovskaya Oblast', Russia",RS47,55.3128,37.1842,,,50.0
4,"Snova, Kurskaya Oblast', Russia",RS41,52.3185,36.1823,,,46.0
4,"Yenovka, Tatarstan, Russia",RS73,54.5959,53.1629,,,16.0
4,"Balakirev, Kurskaya Oblast', Russia",RS41,51.3669,36.6628,,,46.0
4,"Burlyk, Kalmykiya, Russia",RS24,47.3472,45.2692,,,8.0
4,"Kuzbas, Russia (General), Russia",RS00,54.0,86.0,,,91.0
4,"Levashovo, Tverskaya Oblast', Russia",RS77,57.5379,37.4047,,,69.0
4,"Bogoslovka, Khakasiya, Russia",RS31,52.9667,91.2833,,,19.0
4,"Ajax Bay, Primorskiy Kray, Russia",RS59,43.0338,131.906,,,25.0
4,"Kazan Ak, Novosibirskaya Oblast', Russia",RS53,54.1854,79.1577,,,54.0
4,"Osadchiy, Volgogradskaya Oblast', Russia",RS84,49.3167,45.5,,,34.0
4,"Alat, Tatarstan, Russia",RS73,56.1939,49.2103,,,16.0
4,"Elizovo, 92, Russia",RS92,53.1873,158.38,612.0,0.26038711294560224,41.0
4,"Avacha Bay, 92, Russia",RS92,52.9333,158.6,,,41.0
4,"Vasilevka, Smolenskaya Oblast', Russia",RS69,55.6739,33.6475,,,67.0
4,"Vitino, Leningradskaya Oblast', Russia",RS42,59.6539,29.7146,,,47.0
4,"Mulki, Khabarovskiy Kray, Russia",RS30,51.85,140.417,,,27.0
4,"Kislyak, Arkhangel'skaya Oblast', Russia",RS06,65.2601,46.8174,,,29.0
4,"Chudovo, Tverskaya Oblast', Russia",RS77,56.4068,35.2063,,,69.0
4,"Shatta, Kalmykiya, Russia",RS24,45.9175,44.4092,,,8.0
4,"Tida, Evenkiyskiy Avtonomnyy Okrug, Russia",RS18,67.8,101.683,,,
4,"Shadova, Novosibirskaya Oblast', Russia",RS53,55.9333,76.8,,,54.0
4,"Tykovka, Kemerovskaya Oblast', Russia",RS29,55.4752,85.5208,,,42.0
4,"Korobushka, Tomskaya Oblast', Russia",RS75,57.1333,81.75,,,70.0
4,"Trusy, Smolenskaya Oblast', Russia",RS69,54.1625,33.2803,,,67.0
4,"Peredelkino, Moskva, Russia",RS48,55.6453,37.3358,,,50.0
4,"Seshcha, Bryanskaya Oblast', Russia",RS10,53.718,33.3933,,,32.0
4,"Zheleznodorozhny, Moskovskaya Oblast', Russia",RS47,55.744,38.0168,,,50.0
4,"Khankala, Checheno-Ingushskaya Avtonomnaya Sovetskaya Sotsialistichesk, Russia",RS12,43.3021,45.7556,,,20.0
4,"Veseli, Khabarovskiy Kray, Russia",RS30,49.0686,140.32,,,27.0
4,"Noskova, Permskiy Kray, Russia",RS90,59.304,54.2749,,,59.0
4,"Tyrnyauz, Kabardino-Balkariya, Russia",RS22,43.5125,43.1583,179.0,22.99162311866179,7.0
4,"Akatuy, Zabaykal'skiy Kray, Russia",RS93,51.0476,117.777,,,75.0
4,"Ryad, Tverskaya Oblast', Russia",RS77,57.455,34.8055,,,69.0
4,"Pyshnyy, Belgorodskaya Oblast', Russia",RS09,50.0317,39.2486,,,31.0
4,"Olov, Zabaykal'skiy Kray, Russia",RS93,52.3333,117.017,,,75.0
4,"Kryukov, Samarskaya Oblast', Russia",RS65,52.2835,50.2017,,,63.0
4,"Khaastaakh, Sakha (Yakutiya), Russia",RS63,61.0333,130.4,,,14.0
4,"Galchenko, Stavropol'skiy Kray, Russia",RS70,45.4017,44.7356,,,26.0
4,"- Lavra, Kirovskaya Oblast', Russia",RS33,57.9294,49.0199,,,43.0
4,"Achipse, Krasnodarskiy Kray, Russia",RS38,43.6812,40.2775,,,23.0
4,"Kamino, Tverskaya Oblast', Russia",RS77,55.8667,31.6833,,,69.0
4,"Antsiferovo, Yaroslavskaya Oblast', Russia",RS88,58.3929,40.6672,,,76.0
4,"Yeniseysk, Krasnoyarskiy Kray, Russia",RS39,58.4497,92.1703,,,24.0
4,"Nazimovo, Vologodskaya Oblast', Russia",RS85,58.8024,38.8871,,,35.0
4,"Velizh, Smolenskaya Oblast', Russia",RS69,55.6056,31.1967,2046.0,0.16060864963910168,67.0
4,"Malakhi, Smolenskaya Oblast', Russia",RS69,55.1706,31.5289,,,67.0
4,"Ganzi, Chechnya And Ingushetiya, Russia",RSCI,42.6778,45.6961,,,20.0
4,"East Cape, Chukotskiy Avtonomnyy Okrug, Russia",RS15,66.0833,-169.65,,,87.0
4,"Bulus, Sakha (Yakutiya), Russia",RS63,63.2883,129.46,,,14.0
4,"Tikhvinskaya, Kurskaya Oblast', Russia",RS41,51.4552,37.5531,,,46.0
4,"Nacha, Tverskaya Oblast', Russia",RS77,55.8123,32.9872,,,69.0
4,"Tikhomirov, Rostovskaya Oblast', Russia",RS61,49.2287,41.0299,,,61.0
4,"Chalaya, Amurskaya Oblast', Russia",RS05,53.8333,125.5,,,28.0
4,"Kolesov, Rostovskaya Oblast', Russia",RS61,46.8425,43.3658,,,61.0
4,"Kashtak, Irkutskaya Oblast', Russia",RS20,53.3923,102.8,,,38.0
4,"Pionerskoye, Nizhegorodskaya Oblast', Russia",RS51,56.2812,44.3975,,,52.0
4,"Timashevsk, Krasnodarskiy Kray, Russia",RS38,45.6169,38.9525,660.0,1.372385966255609,23.0
4,"Plavna, Bryanskaya Oblast', Russia",RS10,52.4546,32.4297,,,32.0
4,"Ishanovo, Orenburgskaya Oblast', Russia",RS55,51.6,58.0,,,56.0
4,"Nesterov, Kaliningradskaya Oblast', Russia",RS23,54.6306,22.5714,1192.0,0.2171908950157108,39.0
4,"Nekrasov, Krasnodarskiy Kray, Russia",RS38,45.7082,38.858,,,23.0
4,"Nikolaevskaya, Krasnodarskiy Kray, Russia",RS38,44.8626,41.5717,,,23.0
4,"Cheremshina, Pskovskaya Oblast', Russia",RS60,58.7472,28.0541,,,60.0
4,"Rodnoy, Orlovskaya Oblast', Russia",RS56,52.7493,35.7312,,,57.0
4,"Nyar, Permskiy Kray, Russia",RS90,58.9972,58.0526,,,59.0
4,"Kamora, Khabarovskiy Kray, Russia",RS30,53.1667,140.75,,,27.0
4,"Tepla, Khanty-Mansiyskiy Avtonomnyy Okrug, Russia",RS32,60.7097,72.2968,,,86.0
4,"Navina, Arkhangel'skaya Oblast', Russia",RS06,64.2855,41.8638,,,29.0
4,"Gordeyev, Astrakhanskaya Oblast', Russia",RS07,48.1667,45.65,,,30.0
4,"Bikin, Khabarovskiy Kray, Russia",RS30,46.8161,134.26,846.0,0.5356199740971835,27.0
4,"Khodal, Irkutskaya Oblast', Russia",RS20,53.6833,102.717,,,38.0
4,"Vargan, Arkhangel'skaya Oblast', Russia",RS06,65.3046,47.1611,,,29.0
4,"Volynka, Permskiy Kray, Russia",RS90,60.5,57.5333,,,59.0
4,"Solokhi, Belgorodskaya Oblast', Russia",RS09,50.5378,36.1559,,,31.0
4,"Karshan, Tomskaya Oblast', Russia",RS75,58.3,81.35,,,70.0
4,"Magdan, Irkutskaya Oblast', Russia",RS20,53.6094,105.308,,,38.0
4,"Birobidzan, Yevreyskaya Avtonomnaya Oblast', Russia",RS89,48.7916,132.925,2338.0,0.44830051494320133,79.0
4,"Zety, Volgogradskaya Oblast', Russia",RS84,48.3406,44.0289,,,34.0
4,"Carax, Chechnya And Ingushetiya, Russia",RSCI,43.1503,46.3783,,,20.0
4,"Zolotaya Kosa, Rostovskaya Oblast', Russia",RS61,47.1437,38.637,,,61.0
4,"Pushchino, Tambovskaya Oblast', Russia",RS72,52.1853,42.2934,,,68.0
4,"Iput, Bryanskaya Oblast', Russia",RS10,52.9016,32.0504,,,32.0
4,"Tuzov, Volgogradskaya Oblast', Russia",RS84,48.5917,43.1844,,,34.0
4,"Nikolaevsk-On-Amur, Khabarovskiy Kray, Russia",RS30,53.1406,140.73,853.0,0.3970497718348141,27.0
4,"Butovsk, Bryanskaya Oblast', Russia",RS10,52.5769,32.4138,,,32.0
4,"Yanki, Leningradskaya Oblast', Russia",RS42,59.4021,29.2922,,,47.0
4,"Khayan, Buryatiya, Russia",RS11,50.6122,107.303,,,3.0
4,"Norfin, Tverskaya Oblast', Russia",RS77,57.7937,34.5548,,,69.0
4,"Sarasa, Altayskiy Kray, Russia",RS04,51.8767,85.3564,,,22.0
4,"Omoroi, Zabaykal'skiy Kray, Russia",RS93,52.9667,118.967,,,75.0
4,"-Ugol, Arkhangel'skaya Oblast', Russia",RS06,60.7833,40.0,,,29.0
4,"Gusak, Pskovskaya Oblast', Russia",RS60,57.7251,28.7104,,,60.0
4,"Vlasova, Permskiy Kray, Russia",RS90,57.8167,58.25,,,59.0
4,"Tatal, Kalmykiya, Russia",RS24,47.2878,46.2689,,,8.0
4,"Dzhigit, Primorskiy Kray, Russia",RS59,44.8056,136.383,,,25.0
4,"Kurtat, Severnaya Osetiya-Alaniya, Russia",RS68,43.0974,44.7362,,,15.0
4,"Karmadon, Severnaya Osetiya-Alaniya, Russia",RS68,42.8361,44.5084,,,15.0
4,"Dargavs, Severnaya Osetiya-Alaniya, Russia",RS68,42.8351,44.4396,,,15.0
4,"Sazonov, Volgogradskaya Oblast', Russia",RS84,47.9804,43.2675,,,34.0
4,"Yeger, Sakha (Yakutiya), Russia",RS63,63.1833,132.817,,,14.0
4,"Kortik, Murmanskaya Oblast', Russia",RS49,69.0644,33.3379,,,51.0
4,"Anokhina, Vologodskaya Oblast', Russia",RS85,58.7978,40.7928,,,35.0
4,"Shurtan, Sverdlovskaya Oblast', Russia",RS71,56.8107,57.3979,,,66.0
4,"Shamordino, Kaluzhskaya Oblast', Russia",RS25,54.157,35.8794,,,40.0
4,"Taraki, Tverskaya Oblast', Russia",RS77,57.7667,35.0,,,69.0
4,"Korablik, Sverdlovskaya Oblast', Russia",RS71,58.0664,64.2306,,,66.0
4,"Neopol, Kirovskaya Oblast', Russia",RS33,58.9367,53.2225,,,43.0
4,"Mutina, Irkutskaya Oblast', Russia",RS20,58.6297,110.022,,,38.0
4,"Orsuk, Zabaykal'skiy Kray, Russia",RS93,50.957,108.812,,,75.0
4,"Ploshchad Tukaya, Tatarstan, Russia",RS73,55.7882,49.1234,,,16.0
4,"Svetl, Dagestan, Russia",RS17,42.3069,46.3261,,,5.0
4,"Selivanov, Volgogradskaya Oblast', Russia",RS84,49.1684,42.9828,,,34.0
4,"Zapesochye, Bryanskaya Oblast', Russia",RS10,52.3752,33.4088,,,32.0
4,"Sluchovsk, Bryanskaya Oblast', Russia",RS10,52.3691,33.2993,,,32.0
4,"Chur, Udmurtiya, Russia",RS80,57.1164,52.9695,,,18.0
4,"Moksha, Samarskaya Oblast', Russia",RS65,52.6721,50.4044,,,63.0
4,"Zhukova, Arkhangel'skaya Oblast', Russia",RS06,65.5339,44.7208,,,29.0
4,"Turya, Orlovskaya Oblast', Russia",RS56,53.4986,35.7678,,,57.0
4,"Mikhailovskoe, Tul'skaya Oblast', Russia",RS76,53.5579,38.4706,,,71.0
4,"Tsapovka, Belgorodskaya Oblast', Russia",RS09,50.4598,36.0042,,,31.0
4,"Fedina, Krasnoyarskiy Kray, Russia",RS39,57.3715,96.6385,,,24.0
4,"Emelin, Chukotskiy Avtonomnyy Okrug, Russia",RS15,66.9833,-172.283,,,87.0
4,"Fortanga, Checheno-Ingushskaya Avtonomnaya Sovetskaya Sotsialistichesk, Russia",RS12,43.243,45.3915,,,20.0
4,"Veterok, Sverdlovskaya Oblast', Russia",RS71,57.8105,63.0763,,,66.0
4,"Aviagorodok, Khabarovskiy Kray, Russia",RS30,48.5122,135.149,,,27.0
4,"Sergeyevka, Voronezhskaya Oblast', Russia",RS86,51.9989,39.2293,,,36.0
4,"Vityazevo, Krasnodarskiy Kray, Russia",RS38,45.0013,37.2821,,,23.0
4,"Belorussiya, Moskovskaya Oblast', Russia",RS47,55.7333,35.5667,,,50.0
4,"Kurily, Permskiy Kray, Russia",RS90,57.223,56.6453,,,59.0
4,"Tokha, Irkutskaya Oblast', Russia",RS20,53.0018,102.756,,,38.0
4,"Chasovo, Komi, Russia",RS34,62.0115,50.655,,,11.0
4,"Ust-Luga, Leningradskaya Oblast', Russia",RS42,59.6676,28.2871,,,47.0
4,"Vyshegor, Smolenskaya Oblast', Russia",RS69,55.1216,33.0484,,,67.0
4,"Malygin, Chelyabinskaya Oblast', Russia",RS13,54.3833,60.7333,,,74.0
4,"Baidukov, Khabarovskiy Kray, Russia",RS30,53.3319,141.395,,,27.0
4,"Buki, Kaluzhskaya Oblast', Russia",RS25,53.367,35.225,,,40.0
4,"Kamyshin, Volgogradskaya Oblast', Russia",RS84,49.8171,44.9604,,,34.0
4,"Lapar, Sakha (Yakutiya), Russia",RS63,71.7667,122.167,,,14.0
4,"Rezh, Sverdlovskaya Oblast', Russia",RS71,57.37,61.4043,2008.0,0.07194767072770478,66.0
4,"Arzamas, Nizhegorodskaya Oblast', Russia",RS51,55.3949,43.8399,1538.0,1.2638159306124206,52.0
4,"Pudost, Leningradskaya Oblast', Russia",RS42,59.6161,30.0519,,,47.0
4,"Kitan, Buryatiya, Russia",RS11,50.3253,106.859,,,3.0
4,"Amnunna, Khabarovskiy Kray, Russia",RS30,51.0089,133.851,,,27.0
4,"Ural Mash, Sverdlovskaya Oblast', Russia",RS71,56.8838,60.5567,,,66.0
4,"Padar, Dagestan, Russia",RS17,42.1994,48.0518,,,5.0
4,"Novopoltavka, Krasnoyarskiy Kray, Russia",RS39,53.3167,92.6167,,,24.0
5,"Nenetsia, Nenetskiy Avtonomnyy Okrug, Russia",RS50,67.5,54.0,,,83.0
4,"Kaskat, Omskaya Oblast', Russia",RS54,54.7982,71.1314,,,55.0
4,"Sambur, Mordoviya, Russia",RS46,54.0722,43.1439,,,13.0
4,"Vyun, Sakhalinskaya Oblast', Russia",RS64,55.3722,155.669,,,65.0
4,"Cape Dezhnev, Chukotskiy Avtonomnyy Okrug, Russia",RS15,66.0833,-169.65,,,87.0
4,"Sagol, Severnaya Osetiya-Alaniya, Russia",RS68,42.7036,44.0154,,,15.0
4,"Sluchevsk, Bryanskaya Oblast', Russia",RS10,52.3691,33.2993,,,32.0
4,"Zheleznovodsk, Stavropol'skiy Kray, Russia",RS70,44.1394,43.0197,813.0,0.9112359347574343,26.0
4,"Sevastyanov, Rostovskaya Oblast', Russia",RS61,48.0694,42.0187,,,61.0
4,"Cherta, Kemerovskaya Oblast', Russia",RS29,54.3228,86.3508,,,42.0
4,"Kara Kay, Novosibirskaya Oblast', Russia",RS53,54.5,82.4179,,,54.0
4,"Troyekurovo, Lipetskaya Oblast', Russia",RS43,53.4167,39.7165,,,48.0
4,"Shalo, Krasnoyarskiy Kray, Russia",RS39,55.7193,93.7796,,,24.0
4,"Batalova, Bashkortostan, Russia",RS08,53.8835,58.8734,,,2.0
4,"Yanka, Khabarovskiy Kray, Russia",RS30,52.0693,135.335,,,27.0
4,"Shebalin, Rostovskaya Oblast', Russia",RS61,47.3645,43.616,,,61.0
4,"Tatar In, Kirovskaya Oblast', Russia",RS33,58.6,50.7333,,,43.0
4,"Southern Gate, Arkhangel'skaya Oblast', Russia",RS06,65.0203,35.8793,,,29.0
4,"Voronya, Smolenskaya Oblast', Russia",RS69,54.7015,34.1874,,,67.0
4,"Leonovka, Kurskaya Oblast', Russia",RS41,52.0559,36.7026,,,46.0
4,"Arzak, Tyva, Russia",RS79,52.0667,93.9,,,17.0
4,"Shoya, Sakha (Yakutiya), Russia",RS63,62.8589,117.547,,,14.0
4,"Shchedrin, Bryanskaya Oblast', Russia",RS10,52.9966,31.516,,,32.0
4,"Yengida, Krasnoyarskiy Kray, Russia",RS39,60.95,94.0167,,,24.0
4,"Vanavara, Evenkiyskiy Avtonomnyy Okrug, Russia",RS18,60.34,102.28,,,
4,"Obskaya Guba, Yamalo-Nenetskiy Avtonomnyy Okrug, Russia",RS87,69.0,73.0,,,89.0
4,"Degali, Evenkiyskiy Avtonomnyy Okrug, Russia",RS18,64.1333,93.9167,,,
4,"Tas-Yuryakh, Sakha (Yakutiya), Russia",RS63,61.7892,113.021,,,14.0
4,"Vakh, Khanty-Mansiyskiy Avtonomnyy Okrug, Russia",RS32,60.8129,76.791,,,86.0
4,"Voyez, Sakhalinskaya Oblast', Russia",RS64,52.9833,141.9,,,65.0
4,"Khosa, Yamalo-Nenetskiy Avtonomnyy Okrug, Russia",RS87,72.5,72.7833,,,89.0
4,"To Mari, Rsja, Russia",RSJA,43.7361,145.519,,,65.0
4,"Tenino, Yaroslavskaya Oblast', Russia",RS88,57.7099,39.6841,,,76.0
4,"Turchaninov, Rostovskaya Oblast', Russia",RS61,47.505,39.0144,,,61.0
4,"Kuzminy, Smolenskaya Oblast', Russia",RS69,55.5989,33.0522,,,67.0
4,"Novomakarovo, Voronezhskaya Oblast', Russia",RS86,51.4633,41.2435,,,36.0
4,"Sintashta, Chelyabinskaya Oblast', Russia",RS13,52.3333,61.0167,,,74.0
4,"Morgunov, Krasnodarskiy Kray, Russia",RS38,46.1128,39.1614,,,23.0
4,"Dydymova, Stavropol'skiy Kray, Russia",RS70,43.9991,44.1391,,,26.0
4,"Voznesenovka, Chelyabinskaya Oblast', Russia",RS13,53.5667,61.25,,,74.0
4,"Perkhushkovo, Moskovskaya Oblast', Russia",RS47,55.6557,37.1357,,,50.0
4,"Nakas, Russia (General), Russia",RS00,52.5614,56.5153,,,91.0
4,"Khroma, Sakha (Yakutiya), Russia",RS63,71.6,144.817,,,14.0
4,"Zorya, Kurskaya Oblast', Russia",RS41,51.2832,34.3916,,,46.0
4,"Otar, Mariy-El, Russia",RS45,56.9753,48.3053,,,12.0
4,"Badis, Sakha (Yakutiya), Russia",RS63,55.8214,128.668,,,14.0
4,"Aksarka, Mariy-El, Russia",RS45,56.7661,47.9622,,,12.0
4,"Karauz, Zabaykal'skiy Kray, Russia",RS93,51.2468,108.476,,,75.0
4,"Mikli, Kareliya, Russia",RS28,61.5167,30.3667,,,10.0
4,"Kozyrevsk, 92, Russia",RS92,56.0667,159.867,,,41.0
4,"Sukhodol, Volgogradskaya Oblast', Russia",RS84,50.0,42.7833,,,34.0
4,"Rot Front, Saratovskaya Oblast', Russia",RS67,51.5883,47.5793,,,64.0
4,"Dubravina, Kostromskaya Oblast', Russia",RS37,58.7822,45.2477,,,44.0
4,"Chapayevsk, Samarskaya Oblast', Russia",RS65,52.9771,49.7086,1883.0,0.4966786556231051,63.0
4,"Visha, Ryazanskaya Oblast', Russia",RS62,54.0306,42.1031,,,62.0
4,"Zamyatin, Chelyabinskaya Oblast', Russia",RS13,54.6,61.3667,,,74.0
4,"Izhma, Komi, Russia",RS34,63.6023,53.8818,,,11.0
4,"Belyi, Yamalo-Nenetskiy Avtonomnyy Okrug, Russia",RS87,73.25,70.8333,,,89.0
4,"Agday, Sakha (Yakutiya), Russia",RS63,67.0019,131.91,,,14.0
4,"Yusha, Bashkortostan, Russia",RS08,54.0255,57.8096,,,2.0
4,"Sonel, Khabarovskiy Kray, Russia",RS30,54.4933,136.032,,,27.0
4,"Vydrin, Kurskaya Oblast', Russia",RS41,51.3161,35.6363,,,46.0
4,"Sarmin, Voronezhskaya Oblast', Russia",RS86,49.7072,40.5531,,,36.0
4,"Kamtchatka, 92, Russia",RS92,56.0,160.0,,,41.0
4,"Komoy, Irkutskaya Oblast', Russia",RS20,52.7125,104.887,,,38.0
4,"Katun, Buryatiya, Russia",RS11,53.6833,109.067,,,3.0
4,"Langara, Yevreyskaya Avtonomnaya Oblast', Russia",RS89,48.9207,132.621,,,79.0
4,"Persianovskiy, Rostovskaya Oblast', Russia",RS61,47.5297,39.4183,,,61.0
4,"Buzyn, Omskaya Oblast', Russia",RS54,57.6683,72.8318,,,55.0
4,"Bezymyanny, Belgorodskaya Oblast', Russia",RS09,50.39,35.7007,,,31.0
4,"Milkovo, Yaroslavskaya Oblast', Russia",RS88,58.5405,40.1006,,,76.0
4,"Tigil, 92, Russia",RS92,57.8,158.667,621.0,19.0343478256443,41.0
4,"Kumya, Mariy-El, Russia",RS45,56.6859,46.6501,,,12.0
4,"Kerki, Komi, Russia",RS34,63.7321,54.2023,,,11.0
4,"Kolchugino, Kemerovskaya Oblast', Russia",RS29,54.6567,86.1737,,,42.0
4,"Go-Shin, Saratovskaya Oblast', Russia",RS67,52.0684,50.0755,,,64.0
4,"Khovanshchina, Penzenskaya Oblast', Russia",RS57,53.6605,44.3619,,,58.0
4,"Shumilin, Chelyabinskaya Oblast', Russia",RS13,53.6,59.2,,,74.0
4,"Kasakov, Adygeya, Russia",RS01,44.9045,39.1747,,,1.0
4,"Akkan, Amurskaya Oblast', Russia",RS05,55.4343,127.044,,,28.0
4,"Valter, Volgogradskaya Oblast', Russia",RS84,51.1524,44.8042,,,34.0
4,"Semenovka, Amurskaya Oblast', Russia",RS05,50.0687,129.818,,,28.0
4,"Kolok, Belgorodskaya Oblast', Russia",RS09,50.9095,38.1749,,,31.0
4,"Sakko, Saratovskaya Oblast', Russia",RS67,51.4667,47.1,,,64.0
4,"Mirolyubovka, Lipetskaya Oblast', Russia",RS43,52.4323,38.829,,,48.0
4,"Budarki, Tambovskaya Oblast', Russia",RS72,52.5647,40.0499,,,68.0
4,"Kapan, Moskovskaya Oblast', Russia",RS47,55.5464,36.4139,,,50.0
4,"Talina, Altayskiy Kray, Russia",RS04,52.2021,82.7805,,,22.0
4,"Yermysh, Sverdlovskaya Oblast', Russia",RS71,56.8501,58.3728,,,66.0
4,"Redko, Belgorodskaya Oblast', Russia",RS09,50.9362,38.3332,,,31.0
4,"Roshchino, Tverskaya Oblast', Russia",RS77,58.3089,35.3475,,,69.0
4,"Sheka, Tatarstan, Russia",RS73,56.3996,49.8351,,,16.0
4,"Iban, Komi, Russia",RS34,60.3602,51.0722,,,11.0
4,"Sbornaya, Tambovskaya Oblast', Russia",RS72,52.3667,41.7833,,,68.0
4,"Lidovka, Nizhegorodskaya Oblast', Russia",RS51,55.4809,43.5276,,,52.0
4,"Vodnik, Astrakhanskaya Oblast', Russia",RS07,48.3391,46.7215,,,30.0
4,"Urak, Khabarovskiy Kray, Russia",RS30,59.8667,141.067,,,27.0
4,"Vonya, Tverskaya Oblast', Russia",RS77,55.8856,32.0684,,,69.0
4,"Maral, Irkutskaya Oblast', Russia",RS20,55.4354,102.269,,,38.0
4,"Naynay, Sakhalinskaya Oblast', Russia",RS64,50.3333,142.167,,,65.0
4,"Kazanskaya, Kirovskaya Oblast', Russia",RS33,57.0064,47.0846,,,43.0
4,"Shagala, Astrakhanskaya Oblast', Russia",RS07,46.648,48.4028,,,30.0
4,"Lavda, Arkhangel'skaya Oblast', Russia",RS06,62.4532,45.8273,,,29.0
4,"Pervyy, Sverdlovskaya Oblast', Russia",RS71,58.3407,60.8151,,,66.0
4,"Miteva, Permskiy Kray, Russia",RS90,59.107,54.3938,,,59.0
4,"Karly, Bashkortostan, Russia",RS08,53.8145,56.1946,,,2.0
4,"Zverovichi, Smolenskaya Oblast', Russia",RS69,54.5083,31.275,,,67.0
4,"Krinichki, Rostovskaya Oblast', Russia",RS61,48.9389,40.3528,,,61.0
4,"Karanga, Kareliya, Russia",RS28,64.4667,30.1167,,,10.0
4,"Karam El, Amurskaya Oblast', Russia",RS05,49.5614,131.142,,,28.0
4,"Kitay-Gorod, Primorskiy Kray, Russia",RS59,45.7094,134.123,,,25.0
4,"Belskaya, Tverskaya Oblast', Russia",RS77,57.0671,37.8296,,,69.0
4,"Singin, Rostovskaya Oblast', Russia",RS61,49.4829,41.8692,,,61.0
4,"Assab, Dagestan, Russia",RS17,42.4683,46.4997,,,5.0
4,"Novichi, Smolenskaya Oblast', Russia",RS69,55.3331,34.9497,,,67.0
4,"Kazgan, Astrakhanskaya Oblast', Russia",RS07,46.278,48.6102,,,30.0
4,"Nikishin, Rostovskaya Oblast', Russia",RS61,48.6151,40.1816,,,61.0
4,"Renevskaya, Kirovskaya Oblast', Russia",RS33,58.8167,52.4167,,,43.0
4,"Sudost, Bryanskaya Oblast', Russia",RS10,52.4466,33.3344,,,32.0
4,"Bezhanov, Checheno-Ingushskaya Avtonomnaya Sovetskaya Sotsialistichesk, Russia",RS12,43.6497,45.674,,,20.0
4,"Shabalin, Rostovskaya Oblast', Russia",RS61,47.3645,43.616,,,61.0
4,"Lyakh, Sakhalinskaya Oblast', Russia",RS64,51.9167,141.683,,,65.0
4,"Kombinat, Belgorodskaya Oblast', Russia",RS09,50.8322,37.8172,,,31.0
4,"Salda, Sverdlovskaya Oblast', Russia",RS71,58.3455,60.2794,,,66.0
4,"Waldau, Kaliningradskaya Oblast', Russia",RS23,54.7021,20.7376,,,39.0
4,"Chaus, Novosibirskaya Oblast', Russia",RS53,55.3444,82.7836,,,54.0
4,"Kolmogorovo, Kemerovskaya Oblast', Russia",RS29,55.6385,85.661,,,42.0
4,"Chemodanovka, Ryazanskaya Oblast', Russia",RS62,54.0923,40.178,,,62.0
4,"Beroy, Chechnya And Ingushetiya, Russia",RSCI,42.9807,46.3101,,,20.0
4,"Tezka, Magadanskaya Oblast', Russia",RS44,62.8333,149.8,,,49.0
4,"Makarena, Bryanskaya Oblast', Russia",RS10,52.5585,33.6587,,,32.0
4,"Petrovskaya Sloboda, Smolenskaya Oblast', Russia",RS69,55.5793,34.592,,,67.0
4,"Pustozersk, Nenetskiy Avtonomnyy Okrug, Russia",RS50,67.55,52.55,,,83.0
4,"Alag, Tyva, Russia",RS79,50.6667,94.1667,,,17.0
4,"Charba, Tomskaya Oblast', Russia",RS75,57.8333,80.1333,,,70.0
4,"Nosova, Pskovskaya Oblast', Russia",RS60,57.1095,27.8282,,,60.0
4,"Okinoshima, Sakhalinskaya Oblast', Russia",RS64,50.1444,155.561,,,65.0
4,"Koshari, Lipetskaya Oblast', Russia",RS43,52.4842,38.9591,,,48.0
4,"Liinakhamari, Murmanskaya Oblast', Russia",RS49,69.6398,31.3214,,,51.0
4,"Kalashnikova, Irkutskaya Oblast', Russia",RS20,53.0775,103.401,,,38.0
4,"Bashev, Altayskiy Kray, Russia",RS04,52.6833,82.6,,,22.0
4,"Ugolek, Kurskaya Oblast', Russia",RS41,52.3001,35.2951,,,46.0
4,"Polyany, Tatarstan, Russia",RS73,55.65,49.8333,,,16.0
4,"Kasatkin, Amurskaya Oblast', Russia",RS05,48.9833,130.067,,,28.0
4,"Kruzhilin, Rostovskaya Oblast', Russia",RS61,49.4359,41.7734,,,61.0
4,"Ananyeva, Permskiy Kray, Russia",RS90,59.1319,54.4686,,,59.0
4,"Amka, Khabarovskiy Kray, Russia",RS30,59.0333,140.883,,,27.0
4,"Glush, Komi, Russia",RS34,64.4808,55.2973,,,11.0
4,"Sudno, Kareliya, Russia",RS28,65.0325,30.173,,,10.0
4,"Kosykh, Belgorodskaya Oblast', Russia",RS09,50.7507,38.0091,,,31.0
4,"Ozeri, Moskovskaya Oblast', Russia",RS47,54.86,38.5506,,,50.0
4,"Shevardino, Yaroslavskaya Oblast', Russia",RS88,57.6333,38.4,,,76.0
4,"Lenin Hills, Moskva, Russia",RS48,55.7,37.5167,1493.0,19.93998837494465,50.0
4,"Mitka, Ivanovskaya Oblast', Russia",RS21,56.6641,42.6237,,,37.0
4,"Odan, Permskiy Kray, Russia",RS90,60.077,55.1182,,,59.0
4,"Grigorovka, Lipetskaya Oblast', Russia",RS43,52.8262,38.3665,,,48.0
4,"Bogoyavlenka, Bashkortostan, Russia",RS08,53.7333,54.2833,,,2.0
4,"Ancha, Khabarovskiy Kray, Russia",RS30,61.0167,138.65,,,27.0
4,"Voronina, Kurganskaya Oblast', Russia",RS40,56.3,62.3,,,45.0
4,"Zolski, Stavropol'skiy Kray, Russia",RS70,44.0253,43.5786,,,26.0
4,"Petrishchevo, Moskovskaya Oblast', Russia",RS47,55.4947,36.3042,,,50.0
4,"Snezhnaya, Vologodskaya Oblast', Russia",RS85,59.4333,42.3333,,,35.0
4,"Zemlya I Volya, Saratovskaya Oblast', Russia",RS67,52.2167,48.7667,,,64.0
4,"White Lake, Vologodskaya Oblast', Russia",RS85,60.2025,37.6598,,,35.0
4,"Kuchum, Sverdlovskaya Oblast', Russia",RS71,58.7958,59.3503,,,66.0
4,"Maoka, Sakhalinskaya Oblast', Russia",RS64,47.0511,142.057,,,65.0
4,"Kholmsk, Sakhalinskaya Oblast', Russia",RS64,47.0511,142.057,1969.0,0.7379630137917128,65.0
4,"Grumant, Tul'skaya Oblast', Russia",RS76,54.0711,37.4853,,,71.0
4,"Turukhan, Krasnoyarskiy Kray, Russia",RS39,65.9333,87.7,720.0,19.506766092996997,24.0
4,"Trakt, Komi, Russia",RS34,62.699,51.2879,,,11.0
4,"Vankarem, Chukotskiy Avtonomnyy Okrug, Russia",RS15,67.8411,-175.833,,,87.0
4,"Agrokultura, Tatarstan, Russia",RS73,55.3083,50.5724,,,16.0
4,"Godunov, Volgogradskaya Oblast', Russia",RS84,48.1988,45.0886,,,34.0
4,"Igumenka, Tverskaya Oblast', Russia",RS77,56.589,35.1739,,,69.0
4,"Penina, Novgorodskaya Oblast', Russia",RS52,58.0667,30.1667,,,53.0
4,"Vylya, Sverdlovskaya Oblast', Russia",RS71,59.8999,63.491,,,66.0
4,"Tenga, Altay, Russia",RS03,50.8389,85.6575,,,4.0
4,"Zagornoye, Primorskiy Kray, Russia",RS59,44.655,133.741,,,25.0
4,"Krasnaya Gorka, Vologodskaya Oblast', Russia",RS85,58.8808,35.3156,,,35.0
4,"Oranienbaum, Sankt-Peterburg, Russia",RS66,59.9061,29.7725,,,47.0
4,"Tengi, Sakhalinskaya Oblast', Russia",RS64,52.7167,141.833,,,65.0
4,"Baranova, Novgorodskaya Oblast', Russia",RS52,57.1167,31.8333,,,53.0
5,"Chechnya, Checheno-Ingushskaya Avtonomnaya Sovetskaya Sotsialistichesk, Russia",RS12,43.3,45.7,,,20.0
4,"Rezvan, Kaluzhskaya Oblast', Russia",RS25,54.5287,36.1044,,,40.0
4,"Utena, Khabarovskiy Kray, Russia",RS30,57.9167,133.517,,,27.0
4,"Privoz, Magadanskaya Oblast', Russia",RS44,63.3642,146.128,,,49.0
4,"Kolarovo, Tomskaya Oblast', Russia",RS75,56.3347,84.9419,,,70.0
4,"Muratova, Irkutskaya Oblast', Russia",RS20,53.214,102.989,,,38.0
4,"Chup, Kareliya, Russia",RS28,66.27,33.0549,,,10.0
4,"Bukhta, Krasnodarskiy Kray, Russia",RS38,43.4167,39.9699,,,23.0
4,"Donok, Tul'skaya Oblast', Russia",RS76,53.3694,36.9411,,,71.0
4,"Shambay, Astrakhanskaya Oblast', Russia",RS07,46.9685,47.5519,,,30.0
4,"Namak, Buryatiya, Russia",RS11,50.6624,105.324,,,3.0
4,"Krachi, Novgorodskaya Oblast', Russia",RS52,58.4612,34.5272,,,53.0
4,"Rumyantsev, Tul'skaya Oblast', Russia",RS76,54.0105,38.6551,,,71.0
4,"Pashkov, Lipetskaya Oblast', Russia",RS43,52.6474,39.2737,,,48.0
4,"Kizan, Astrakhanskaya Oblast', Russia",RS07,46.2284,48.0075,,,30.0
4,"Dezhnev, Chukotskiy Avtonomnyy Okrug, Russia",RS15,66.05,169.95,,,87.0
4,"Olom, Sakha (Yakutiya), Russia",RS63,60.7397,119.466,,,14.0
4,"Kanat, Tverskaya Oblast', Russia",RS77,55.9286,31.9313,,,69.0
4,"Naviny, Smolenskaya Oblast', Russia",RS69,53.7753,32.4572,,,67.0
4,"Pechory, Pskovskaya Oblast', Russia",RS60,57.815,27.6076,1780.0,0.19163393153500521,60.0
4,"Pushkinskiye Gory, Pskovskaya Oblast', Russia",RS60,57.0209,28.9103,1785.0,0.517306549273146,60.0
4,"Tureya, Kaluzhskaya Oblast', Russia",RS25,54.35,35.4,,,40.0
4,"Baysha, Irkutskaya Oblast', Russia",RS20,53.3714,105.621,,,38.0
4,"Melken, Tatarstan, Russia",RS73,55.6833,53.3167,,,16.0
4,"Wisztyniec, Russia (General), Russia",RS00,54.4225,22.7314,,,91.0
4,"Urazovo, Bashkortostan, Russia",RS08,54.2673,59.1312,,,2.0
4,"Logachevka, Belgorodskaya Oblast', Russia",RS09,50.0118,37.9557,,,31.0
4,"Silk In, Zabaykal'skiy Kray, Russia",RS93,54.0032,118.041,,,75.0
4,"Medvezhye, Udmurtiya, Russia",RS80,56.3333,53.3167,,,18.0
4,"Vuktyl, Komi, Russia",RS34,63.8567,57.3094,226.0,1.447188799595586,11.0
4,"Ionu, Kareliya, Russia",RS28,61.7833,34.0667,,,10.0
4,"Poselok, Saratovskaya Oblast', Russia",RS67,52.5079,47.5101,,,64.0
4,"Topoli, Krasnodarskiy Kray, Russia",RS38,45.5436,38.9643,,,23.0
4,"Keros, Komi, Russia",RS34,61.8699,52.6632,,,11.0
4,"Pionerskiy, Khanty-Mansiyskiy Avtonomnyy Okrug, Russia",RS32,61.1947,62.8689,,,86.0
4,"Red Cliff, Primorskiy Kray, Russia",RS59,43.2403,134.611,,,25.0
4,"Stoyanova, Kurskaya Oblast', Russia",RS41,51.8136,35.7328,,,46.0
4,"Loktev, Rostovskaya Oblast', Russia",RS61,48.9651,40.4425,,,61.0
4,"Boboli, Kaluzhskaya Oblast', Russia",RS25,55.0632,36.0979,,,40.0
4,"Kaurin, Altay, Russia",RS03,50.65,86.5333,,,4.0
4,"Zloy, Krasnodarskiy Kray, Russia",RS38,44.7,39.2167,,,23.0
4,"Minakov, Bryanskaya Oblast', Russia",RS10,53.6597,33.4674,,,32.0
4,"Surkova, Irkutskaya Oblast', Russia",RS20,52.9333,103.867,,,38.0
4,"Tirekhtyakh, Sakha (Yakutiya), Russia",RS63,68.9,136.7,,,14.0
4,"Mitina, Komi, Russia",RS34,65.75,49.6333,,,11.0
4,"Nozhkina, Saratovskaya Oblast', Russia",RS67,52.3785,45.6183,,,64.0
4,"Novoangarsk, Krasnoyarskiy Kray, Russia",RS39,58.1247,93.4894,,,24.0
4,"Uchaly, Bashkortostan, Russia",RS08,54.2996,59.4521,77.0,4.767305908667525,2.0
4,"Mazyar, Tatarstan, Russia",RS73,56.0411,49.0036,,,16.0
4,"Vladimirskiy, Bryanskaya Oblast', Russia",RS10,52.5934,34.5061,,,32.0
4,"Trostenets, Belgorodskaya Oblast', Russia",RS09,50.8394,37.6455,,,31.0
4,"Kaban, Novgorodskaya Oblast', Russia",RS52,57.4413,32.1374,,,53.0
4,"Susat, Rostovskaya Oblast', Russia",RS61,47.4264,40.7486,,,61.0
4,"Okolnaya Bay, Murmanskaya Oblast', Russia",RS49,69.1,33.4667,,,51.0
4,"Yesipovo, Ivanovskaya Oblast', Russia",RS21,56.734,40.3989,,,37.0
4,"Vitemlya, Bryanskaya Oblast', Russia",RS10,52.3911,33.4167,,,32.0
4,"Yevdokolye, Bryanskaya Oblast', Russia",RS10,52.3992,33.3727,,,32.0
4,"Balakhany, Dagestan, Russia",RS17,42.6325,46.8899,,,5.0
4,"Slegina, Yaroslavskaya Oblast', Russia",RS88,58.3088,39.9328,,,76.0
4,"Nepryadva, Tul'skaya Oblast', Russia",RS76,53.3204,38.0949,,,71.0
4,"Komela, Vologodskaya Oblast', Russia",RS85,59.1461,40.2665,,,35.0
4,"Balakhani, Dagestan, Russia",RS17,42.6325,46.8899,,,5.0
4,"Zapadny, Krasnodarskiy Kray, Russia",RS38,45.2997,39.1667,,,23.0
4,"Dvina, Russia (General), Russia",RS00,64.5333,40.5,,,91.0
4,"Vladimirskoye, Belgorodskaya Oblast', Russia",RS09,51.1087,38.3651,,,31.0
4,"Krasnoturinsk, Sverdlovskaya Oblast', Russia",RS71,59.7666,60.2086,1993.0,0.8672989357706848,66.0
4,"Okulovskaya, Vologodskaya Oblast', Russia",RS85,60.4883,40.3974,,,35.0
4,"Merov, Vologodskaya Oblast', Russia",RS85,60.6213,37.7134,,,35.0
4,"Vladimirski, Irkutskaya Oblast', Russia",RS20,58.8,118.2,,,38.0
4,"Altukhov, Volgogradskaya Oblast', Russia",RS84,49.6167,44.45,,,34.0
4,"Yoshkar Ola, Mariy-El, Russia",RS45,56.6369,47.8711,269.0,1.685651889022328,12.0
4,"Karpushkin, Krasnoyarskiy Kray, Russia",RS39,56.3443,90.9002,,,24.0
4,"Tatarin, Kirovskaya Oblast', Russia",RS33,58.6,50.7333,,,43.0
4,"Peremilovo, Ivanovskaya Oblast', Russia",RS21,57.2502,41.5114,,,37.0
4,"Shtefan, Volgogradskaya Oblast', Russia",RS84,50.5408,45.6394,,,34.0
4,"Kaleva, Arkhangel'skaya Oblast', Russia",RS06,63.836,45.7067,,,29.0
4,"Dyakova, Kostromskaya Oblast', Russia",RS37,58.1963,41.3165,,,44.0
4,"Venya, Khanty-Mansiyskiy Avtonomnyy Okrug, Russia",RS32,63.4833,61.35,,,86.0
4,"Energetik, Vladimirskaya Oblast', Russia",RS83,56.0978,40.1972,,,33.0
4,"Ummi, Khabarovskiy Kray, Russia",RS30,50.324,137.26,,,27.0
4,"Troitskoye, Amurskaya Oblast', Russia",RS05,50.5008,129.333,,,28.0
4,"Tsentralny, Voronezhskaya Oblast', Russia",RS86,51.0833,41.0333,,,36.0
4,"Truk, Khabarovskiy Kray, Russia",RS30,49.6179,133.273,,,27.0
4,"Orli, Tverskaya Oblast', Russia",RS77,58.2297,36.5182,,,69.0
4,"Silina, Permskiy Kray, Russia",RS90,59.1104,54.3697,,,59.0
4,"Tatka, Sverdlovskaya Oblast', Russia",RS71,59.078,62.8836,,,66.0
4,"Kurchenko, Astrakhanskaya Oblast', Russia",RS07,46.2342,47.532,,,30.0
4,"Yurga, Kemerovskaya Oblast', Russia",RS29,55.7231,84.8861,1255.0,3.2278522150337055,42.0
4,"Anzhero-Sudzhensk, Kemerovskaya Oblast', Russia",RS29,56.081,86.0285,1225.0,0.6692688888554446,42.0
4,"Kostomuksha, Kareliya, Russia",RS28,64.6865,30.8151,207.0,15.155078865433673,10.0
4,"Belaya Kholunitsa, Kirovskaya Oblast', Russia",RS33,58.84,50.8528,1266.0,0.3619292243960307,43.0
4,"Nytva, Permskiy Kray, Russia",RS90,57.9437,55.3396,751.0,0.47108585110799034,59.0
4,"Stolbovo, Pskovskaya Oblast', Russia",RS60,56.9164,28.0835,,,60.0
4,"Neskuchny, Voronezhskaya Oblast', Russia",RS86,51.1376,39.7801,,,36.0
4,"Trubacheva, Tomskaya Oblast', Russia",RS75,56.6742,84.2367,,,70.0
4,"Kaltan, Orenburgskaya Oblast', Russia",RS55,52.8,53.5333,,,56.0
4,"Kit Chan, Sakha (Yakutiya), Russia",RS63,64.3861,126.497,,,14.0
4,"Khanty- Mansiysk, Khanty-Mansiyskiy Avtonomnyy Okrug, Russia",RS32,61.0042,69.0019,2216.0,0.925571766873358,86.0
4,"Surovikino, Volgogradskaya Oblast', Russia",RS84,48.6073,42.8462,1041.0,0.2835820261128308,34.0
4,"Urup, Karachayevo-Cherkesiya, Russia",RS27,43.8536,41.1442,203.0,11.678855643411088,9.0
4,"Indola, Buryatiya, Russia",RS11,52.5981,111.438,,,3.0
4,"Senka, Komi, Russia",RS34,65.2667,49.8,,,11.0
4,"Borovik, Pskovskaya Oblast', Russia",RS60,58.2283,27.9921,,,60.0
4,"Prudnoye, Kaliningradskaya Oblast', Russia",RS23,54.4178,22.0997,,,39.0
4,"Vashkino, Nizhegorodskaya Oblast', Russia",RS51,56.7845,43.2301,,,52.0
4,"Lipatov, Checheno-Ingushskaya Avtonomnaya Sovetskaya Sotsialistichesk, Russia",RS12,43.7525,45.5736,,,20.0
4,"Strelnikovo, Omskaya Oblast', Russia",RS54,54.7494,74.9897,,,55.0
4,"Kobylino, Moskovskaya Oblast', Russia",RS47,56.2,38.2167,,,50.0
4,"Soligalich, Kostromskaya Oblast', Russia",RS37,59.0796,42.2853,1328.0,0.20972106330920323,44.0
4,"Mukhino, Pskovskaya Oblast', Russia",RS60,56.7906,28.2783,,,60.0
4,"Sobakino, Tverskaya Oblast', Russia",RS77,58.3089,35.3475,,,69.0
4,"Nerekhta, Kostromskaya Oblast', Russia",RS37,57.4588,40.5747,1321.0,0.21319004733717617,44.0
4,"Vezhi, Kaluzhskaya Oblast', Russia",RS25,54.2005,34.3698,,,40.0
4,"West Harbor, Moskva, Russia",RS48,55.75,37.5,,,50.0
4,"Pamyat Ilicha, Novosibirskaya Oblast', Russia",RS53,53.7887,79.4582,,,54.0
4,"Gvardeyskiy, Rostovskaya Oblast', Russia",RS61,47.6039,38.8181,,,61.0
4,"Ilda, Irkutskaya Oblast', Russia",RS20,54.336,104.752,,,38.0
4,"Panya, Permskiy Kray, Russia",RS90,58.8186,54.6233,,,59.0
4,"Yerokhina, Pskovskaya Oblast', Russia",RS60,56.1285,31.373,,,60.0
4,"Rosva, Kaluzhskaya Oblast', Russia",RS25,54.5149,36.0575,,,40.0
4,"Menya, Russia (General), Russia",RS00,55.2391,46.3226,,,91.0
4,"Kolna, Tul'skaya Oblast', Russia",RS76,53.4275,36.5999,,,71.0
4,"Kafe, Khabarovskiy Kray, Russia",RS30,47.5864,136.14,,,27.0
4,"Starushka, Kaliningradskaya Oblast', Russia",RS23,54.9206,21.5206,,,39.0
4,"Arbatskaya, Khakasiya, Russia",RS31,52.7011,90.2925,,,19.0
4,"Turno, Novgorodskaya Oblast', Russia",RS52,57.9457,31.81,,,53.0
4,"Goron Ki, Vladimirskaya Oblast', Russia",RS83,55.9395,39.144,,,33.0
4,"Tikhiy, Krasnodarskiy Kray, Russia",RS38,46.1991,39.2577,,,23.0
4,"Sukhar, Bryanskaya Oblast', Russia",RS10,53.9001,33.428,,,32.0
4,"Bibikov, Kurskaya Oblast', Russia",RS41,51.9817,34.6519,,,46.0
4,"Dachi, Moskovskaya Oblast', Russia",RS47,56.0,37.9167,,,50.0
4,"Solnechnaya, Yevreyskaya Avtonomnaya Oblast', Russia",RS89,49.2375,131.733,,,79.0
4,"Pakino, Vladimirskaya Oblast', Russia",RS83,56.3612,41.2359,,,33.0
4,"Bochkarev, Saratovskaya Oblast', Russia",RS67,51.6431,49.147,,,64.0
4,"Shkredov, Bryanskaya Oblast', Russia",RS10,52.6781,32.3618,,,32.0
4,"Molchanovo, Yaroslavskaya Oblast', Russia",RS88,58.1149,40.0073,,,76.0
4,"Ogurtsova, Novosibirskaya Oblast', Russia",RS53,54.8815,83.0072,,,54.0
4,"Gorodok, Nenetskiy Avtonomnyy Okrug, Russia",RS50,67.55,52.55,,,83.0
4,"Vels, Permskiy Kray, Russia",RS90,60.7357,58.7806,,,59.0
4,"Kopeyka, Krasnoyarskiy Kray, Russia",RS39,56.2932,96.3732,,,24.0
4,"Korshunov, Rostovskaya Oblast', Russia",RS61,49.0033,41.865,,,61.0
4,"Zolinka, Samarskaya Oblast', Russia",RS65,53.1833,50.5667,,,63.0
4,"Lokot, Bryanskaya Oblast', Russia",RS10,52.565,34.5776,959.0,0.8985783781838422,32.0
4,"Sergina, Permskiy Kray, Russia",RS90,58.1075,55.0966,,,59.0
4,"Vasin, Volgogradskaya Oblast', Russia",RS84,49.9,45.2833,,,34.0
4,"Firsov, Volgogradskaya Oblast', Russia",RS84,48.0996,42.2524,,,34.0
4,"Fryazino, Vologodskaya Oblast', Russia",RS85,58.9737,35.2637,,,35.0
4,"Ruzha, Nizhegorodskaya Oblast', Russia",RS51,55.9353,42.9749,,,52.0
4,"Savushkin, Saratovskaya Oblast', Russia",RS67,51.7776,49.0296,,,64.0
4,"Kopeisk, Chelyabinskaya Oblast', Russia",RS13,55.131,61.6792,,,74.0
5,"Mariy-El, Mariy-El, Russia",RS45,56.5,48.0,,,12.0
4,"Timon In, Saratovskaya Oblast', Russia",RS67,50.5432,48.4352,,,64.0
4,"Yuri-Ka, Nizhegorodskaya Oblast', Russia",RS51,57.9594,47.367,,,52.0
4,"Kirov, Kirovskaya Oblast', Russia",RS33,58.5967,49.6601,1258.0,0.8519102679323071,43.0
4,"Khamnei, Buryatiya, Russia",RS11,50.4282,103.769,,,3.0
4,"Podolye, Smolenskaya Oblast', Russia",RS69,55.3171,34.3131,,,67.0
4,"Svyato, Vladimirskaya Oblast', Russia",RS83,55.9161,42.2197,,,33.0
4,"Soya Strait, Russia (General), Russia",RS00,45.75,142.0,,,91.0
4,"Lystan, Kirovskaya Oblast', Russia",RS33,58.1198,50.2524,,,43.0
4,"Yakla, Ul'yanovskaya Oblast', Russia",RS81,54.5337,47.2527,,,73.0
4,"Shorokhova, Irkutskaya Oblast', Russia",RS20,57.6167,108.133,,,38.0
4,"Yuzhnoye, Voronezhskaya Oblast', Russia",RS86,51.7265,39.7143,,,36.0
4,"Taganskiy, Moskva, Russia",RS48,55.7333,37.6667,,,50.0
4,"Ivanovsk, Kaluzhskaya Oblast', Russia",RS25,54.0114,35.6581,,,40.0
4,"Saloniki, Kirovskaya Oblast', Russia",RS33,58.0895,49.1013,,,43.0
4,"Zaporozhets, Rostovskaya Oblast', Russia",RS61,46.8833,41.7667,,,61.0
4,"Valdai Hills, Russia (General), Russia",RS00,57.0,33.5,,,91.0
4,"Bogorodskoye, Tul'skaya Oblast', Russia",RS76,54.4944,37.4709,,,71.0
4,"Khel, Tyva, Russia",RS79,50.6,93.15,,,17.0
4,"Kodz, Permskiy Kray, Russia",RS90,59.5529,53.6882,,,59.0
4,"Nikolaevsk, Khabarovskiy Kray, Russia",RS30,53.1406,140.73,853.0,0.3970497718348141,27.0
4,"Veshki, Moskovskaya Oblast', Russia",RS47,55.5694,35.5267,,,50.0
4,"Pokrovka, Sakha (Yakutiya), Russia",RS63,60.7608,131.766,,,14.0
4,"Yerzovka, Permskiy Kray, Russia",RS90,57.34,54.967,,,59.0
4,"Talyen, Udmurtiya, Russia",RS80,57.9158,53.9665,,,18.0
4,"Palai, Permskiy Kray, Russia",RS90,58.1565,55.658,,,59.0
4,"Saryu, Komi, Russia",RS34,62.6645,57.7967,,,11.0
4,"Tasey, Zabaykal'skiy Kray, Russia",RS93,52.2173,112.957,,,75.0
4,"Choya, Altay, Russia",RS03,52.0108,86.5467,19.0,12.834456289622905,4.0
4,"Tuzik, Khabarovskiy Kray, Russia",RS30,49.5103,135.462,,,27.0
4,"Ebisu, Sakhalinskaya Oblast', Russia",RS64,48.1667,142.167,,,65.0
4,"Orekhovy, Kirovskaya Oblast', Russia",RS33,58.5138,49.9588,,,43.0
4,"Kommunalnaya, Zabaykal'skiy Kray, Russia",RS93,52.05,115.1,,,75.0
4,"Shiri, Vologodskaya Oblast', Russia",RS85,59.2857,45.5426,,,35.0
4,"Tsepel, Permskiy Kray, Russia",RS90,60.1269,57.3522,,,59.0
4,"Polet, 92, Russia",RS92,57.7819,162.332,,,41.0
4,"Neuhausen, Kaliningradskaya Oblast', Russia",RS23,54.7732,20.6052,,,39.0
4,"Zakhor, Khabarovskiy Kray, Russia",RS30,51.3667,131.933,,,27.0
4,"Lupan, Tul'skaya Oblast', Russia",RS76,53.4436,37.8822,,,71.0
4,"Zolotaya Gorka, Samarskaya Oblast', Russia",RS65,53.1199,48.9154,,,63.0
4,"Vinzavod, Permskiy Kray, Russia",RS90,58.0681,56.6868,,,59.0
4,"Malcha, Orenburgskaya Oblast', Russia",RS55,52.0484,52.0484,,,56.0
4,"Rizh-Guba, Murmanskaya Oblast', Russia",RS49,67.872,33.098,,,51.0
4,"Gubakha, Permskiy Kray, Russia",RS90,58.8738,57.6025,729.0,4.430374930430256,59.0
4,"Kiba, Novgorodskaya Oblast', Russia",RS52,58.3392,30.401,,,53.0
4,"Shurale, Bashkortostan, Russia",RS08,52.5346,58.4848,,,2.0
4,"Chucha, Tatarstan, Russia",RS73,55.8323,50.0133,,,16.0
4,"Durmin, Khabarovskiy Kray, Russia",RS30,48.0859,135.844,,,27.0
4,"Sosva, Sverdlovskaya Oblast', Russia",RS71,60.4048,59.903,,,66.0
4,"Saltykova, Irkutskaya Oblast', Russia",RS20,57.9333,108.483,,,38.0
4,"Sokhoi, Irkutskaya Oblast', Russia",RS20,53.5333,103.35,,,38.0
4,"Balyaga, Zabaykal'skiy Kray, Russia",RS93,51.1507,108.921,,,75.0
4,"Lesozavodsk, Primorskiy Kray, Russia",RS59,45.4794,133.424,781.0,2.1676115729529637,25.0
4,"Sherbinin, Astrakhanskaya Oblast', Russia",RS07,47.9518,46.8244,,,30.0
4,"Visim, Sverdlovskaya Oblast', Russia",RS71,57.6488,59.5014,,,66.0
4,"Baikalovo, Kirovskaya Oblast', Russia",RS33,60.338,47.1144,,,43.0
4,"Karpinsk, Sverdlovskaya Oblast', Russia",RS71,59.7703,59.9964,1988.0,0.46542244559835994,66.0
4,"Nibel, Komi, Russia",RS34,62.8392,55.2533,,,11.0
4,"Paykan, Amurskaya Oblast', Russia",RS05,50.1833,130.15,,,28.0
4,"Mayn, Chukotskiy Avtonomnyy Okrug, Russia",RS15,65.1667,172.3,,,87.0
4,"Sablya, Stavropol'skiy Kray, Russia",RS70,44.5181,43.2308,,,26.0
4,"Andura, Kirovskaya Oblast', Russia",RS33,57.9692,48.739,,,43.0
4,"Lomakina, Kaluzhskaya Oblast', Russia",RS25,54.3977,35.5508,,,40.0
4,"-Vostok, Tatarstan, Russia",RS73,55.0,50.8667,,,16.0
4,"Lebedyan, Lipetskaya Oblast', Russia",RS43,53.0194,39.1664,1422.0,2.7033776553129454,48.0
4,"Schadrinsk, Kurganskaya Oblast', Russia",RS40,56.0852,63.6335,,,45.0
4,"Spivakov, Adygeya, Russia",RS01,44.9331,39.9667,,,1.0
4,"Kinnar, Leningradskaya Oblast', Russia",RS42,60.4302,27.7021,,,47.0
4,"Yaksha, Komi, Russia",RS34,61.8158,56.8425,,,11.0
4,"Kele, Dagestan, Russia",RS17,41.6143,47.954,,,5.0
4,"Mazurenko, Primorskiy Kray, Russia",RS59,43.5667,134.967,,,25.0
4,"Yesim, Altay, Russia",RS03,50.7136,85.5459,,,4.0
4,"Pavlovo-Posad, Moskovskaya Oblast', Russia",RS47,55.7807,38.6545,1471.0,0.2428919241651195,50.0
4,"Bogorodsk, Permskiy Kray, Russia",RS90,56.6976,56.9374,,,59.0
4,"Ryabikin, Belgorodskaya Oblast', Russia",RS09,50.1919,37.7826,,,31.0
4,"Golyanovka, Orlovskaya Oblast', Russia",RS56,52.8589,36.8379,,,57.0
4,"Golyanovo, Tverskaya Oblast', Russia",RS77,56.3743,31.7735,,,69.0
4,"Molzhaninovo, Moskva, Russia",RS48,55.9283,37.3842,,,50.0
4,"Borovaya, Krasnoyarskiy Kray, Russia",RS39,56.0325,89.8114,,,24.0
4,"Bank In, Belgorodskaya Oblast', Russia",RS09,50.1113,38.7453,,,31.0
4,"Voronok, Bryanskaya Oblast', Russia",RS10,52.3622,32.667,,,32.0
4,"Rodniki, Novgorodskaya Oblast', Russia",RS52,58.7075,33.5064,,,53.0
4,"Anopino, Vladimirskaya Oblast', Russia",RS83,55.6981,40.6671,,,33.0
4,"Kunye, Kurskaya Oblast', Russia",RS41,51.4188,37.6704,,,46.0
4,"Darnitsa, Kurskaya Oblast', Russia",RS41,51.8575,35.6279,,,46.0
4,"Khaya, Krasnoyarskiy Kray, Russia",RS91,57.4968,97.0503,,,24.0
4,"To Chi Lo, Zabaykal'skiy Kray, Russia",RS93,54.4575,120.314,,,75.0
4,"Zarechnaya, Penzenskaya Oblast', Russia",RS57,53.4149,44.6034,,,58.0
4,"Ustar, Bryanskaya Oblast', Russia",RS10,52.31,34.2319,,,32.0
4,"Energiya, Smolenskaya Oblast', Russia",RS69,53.7547,32.7797,,,67.0
4,"Averinskaya, Vologodskaya Oblast', Russia",RS85,60.2056,41.6962,,,35.0
4,"Keremet, Samarskaya Oblast', Russia",RS65,54.5327,51.0931,,,63.0
4,"Olgovka, Tambovskaya Oblast', Russia",RS72,52.5833,40.6833,,,68.0
4,"Gvozdev, Stavropol'skiy Kray, Russia",RS70,45.5658,42.0633,,,26.0
4,"Korsunka, Rostovskaya Oblast', Russia",RS61,48.4353,40.9883,,,61.0
4,"Blinovskaya, Kirovskaya Oblast', Russia",RS33,58.2533,51.2845,,,43.0
4,"Vostra, Ivanovskaya Oblast', Russia",RS21,56.9157,40.9379,,,37.0
4,"Gnom, Magadanskaya Oblast', Russia",RS44,62.4161,157.936,,,49.0
4,"Nikonov, Astrakhanskaya Oblast', Russia",RS07,48.5167,45.7167,,,30.0
4,"Serebryan, Ryazanskaya Oblast', Russia",RS62,54.2459,38.8341,1478.0,25.733625692459537,62.0
4,"Dydymkin, Stavropol'skiy Kray, Russia",RS70,43.9395,44.8402,,,26.0
4,"Rosinka, 92, Russia",RS92,51.7403,157.13,,,41.0
4,"Mazilovo, Moskva, Russia",RS48,55.7333,37.4833,,,50.0
4,"Muranovo, Arkhangel'skaya Oblast', Russia",RS06,61.3768,44.4178,,,29.0
4,"Sviblovo, Moskva, Russia",RS48,55.85,37.6333,,,50.0
4,"Chako, Sakha (Yakutiya), Russia",RS63,56.5528,124.184,,,14.0
4,"Ichma, Vologodskaya Oblast', Russia",RS85,60.4571,46.7933,,,35.0
4,"Mado, Zabaykal'skiy Kray, Russia",RS93,53.7395,120.51,,,75.0
4,"Birli, Tatarstan, Russia",RS73,56.1322,49.3294,,,16.0
4,"Korshuny, Smolenskaya Oblast', Russia",RS69,55.1576,34.399,,,67.0
4,"Lvovo, Tul'skaya Oblast', Russia",RS76,53.9289,38.7083,,,71.0
4,"Katuma, Leningradskaya Oblast', Russia",RS42,60.3685,30.5966,,,47.0
4,"Tsimlyansk, Rostovskaya Oblast', Russia",RS61,47.6461,42.1019,1842.0,0.56939335019092,61.0
4,"Gorlova, Novosibirskaya Oblast', Russia",RS53,54.5916,83.5665,,,54.0
4,"Ulye, Krasnoyarskiy Kray, Russia",RS39,54.95,95.1,,,24.0
4,"Zolotoy, Voronezhskaya Oblast', Russia",RS86,51.4064,38.5642,,,36.0
4,"Kunicha, Bryanskaya Oblast', Russia",RS10,52.35,32.5077,,,32.0
4,"Kaka, Dagestan, Russia",RS17,41.4788,47.6369,,,5.0
4,"Asmal, Chechnya And Ingushetiya, Russia",RSCI,43.0989,46.2544,,,20.0
4,"Bronnaya, Leningradskaya Oblast', Russia",RS42,59.9229,29.6157,,,47.0
4,"Obolonskiy, Rostovskaya Oblast', Russia",RS61,47.3187,38.2743,,,61.0
4,"Zarechnaya Sloboda, Tul'skaya Oblast', Russia",RS76,53.3976,38.0014,,,71.0
4,"Serebryany, Tul'skaya Oblast', Russia",RS76,53.5347,37.2178,,,71.0
4,"Kachkanar, Sverdlovskaya Oblast', Russia",RS71,58.7002,59.4839,1990.0,0.2807374114641645,66.0
4,"Vybor, Leningradskaya Oblast', Russia",RS42,58.6972,30.1044,,,47.0
4,"Paltus, Arkhangel'skaya Oblast', Russia",RS06,65.5363,42.276,,,29.0
4,"Tomaga, Irkutskaya Oblast', Russia",RS20,55.0092,104.994,,,38.0
4,"Naberezhnyye Chelny, Tatarstan, Russia",RS73,55.7255,52.4112,355.0,1.9800860178711281,16.0
4,"Antropova, Kostromskaya Oblast', Russia",RS37,58.3988,43.0066,1309.0,0.16277617659331128,44.0
4,"Pashkova, Lipetskaya Oblast', Russia",RS43,52.0145,39.9807,,,48.0
4,"Konstantinova, Rostovskaya Oblast', Russia",RS61,47.4686,39.5819,,,61.0
4,"Kashirina, Kaluzhskaya Oblast', Russia",RS25,54.1968,33.6531,,,40.0
4,"Rykova, Kaluzhskaya Oblast', Russia",RS25,54.477,35.8841,,,40.0
4,"Kochetov, Saratovskaya Oblast', Russia",RS67,51.6272,44.4616,,,64.0
4,"-Anila, Arkhangel'skaya Oblast', Russia",RS06,62.9357,46.1986,,,29.0
4,"Rovenek, Belgorodskaya Oblast', Russia",RS09,50.3727,36.5474,,,31.0
4,"Bochkovka, Belgorodskaya Oblast', Russia",RS09,50.3733,36.5696,,,31.0
4,"Ustinka, Belgorodskaya Oblast', Russia",RS09,50.3448,36.4984,,,31.0
4,"Koshel, Kirovskaya Oblast', Russia",RS33,58.3331,49.1094,,,43.0
4,"Turkash, Tatarstan, Russia",RS73,55.9526,50.8903,,,16.0
4,"Chernysheva, Tomskaya Oblast', Russia",RS75,56.9985,81.9943,,,70.0
4,"Marata, Irkutskaya Oblast', Russia",RS20,52.3189,104.302,,,38.0
4,"Koptevskiy, Tul'skaya Oblast', Russia",RS76,53.7578,38.2101,,,71.0
4,"Suzdalskaya, Krasnodarskiy Kray, Russia",RS38,44.7626,39.3739,,,23.0
4,"Anyanya, Sverdlovskaya Oblast', Russia",RS71,61.0969,61.6192,,,66.0
4,"Verkhoturye, Sverdlovskaya Oblast', Russia",RS71,58.8627,60.8054,2021.0,0.25216139784138714,66.0
4,"Azev, Tatarstan, Russia",RS73,56.0078,53.1532,,,16.0
4,"Re China, Novgorodskaya Oblast', Russia",RS52,57.653,30.9236,,,53.0
4,"Sayga, Sakha (Yakutiya), Russia",RS63,64.2833,142.817,,,14.0
4,"Dersu, Primorskiy Kray, Russia",RS59,45.7633,135.325,,,25.0
4,"Telgi, Khabarovskiy Kray, Russia",RS30,60.8833,140.567,,,27.0
4,"Lipovka, Belgorodskaya Oblast', Russia",RS09,51.0642,36.7475,,,31.0
4,"Pukki, Leningradskaya Oblast', Russia",RS42,60.5667,28.2167,,,47.0
4,"Lytkarino, Moskovskaya Oblast', Russia",RS47,55.5827,37.9052,1464.0,0.18433610070239517,50.0
4,"Yuryevets, Nizhegorodskaya Oblast', Russia",RS51,56.2167,43.65,,,52.0
4,"Chukhray, Bryanskaya Oblast', Russia",RS10,52.4516,33.8943,,,32.0
4,"Motovilikha, Pskovskaya Oblast', Russia",RS60,56.1502,29.5872,,,60.0
4,"Nory, Irkutskaya Oblast', Russia",RS20,53.9643,102.127,,,38.0
4,"Letovo, Ryazanskaya Oblast', Russia",RS62,53.811,39.7372,,,62.0
4,"Yarega, Komi, Russia",RS34,63.4354,53.5765,,,11.0
4,"Iskan, Tul'skaya Oblast', Russia",RS76,54.7925,37.2942,,,71.0
4,"Nezhegol, Belgorodskaya Oblast', Russia",RS09,50.371,36.8468,,,31.0
4,"Shigir, Chelyabinskaya Oblast', Russia",RS13,55.7167,60.0667,,,74.0
4,"Beregovaya, Belgorodskaya Oblast', Russia",RS09,51.076,36.685,,,31.0
4,"Ulya, Tatarstan, Russia",RS73,56.2553,49.2133,,,16.0
4,"Suhani, Vologodskaya Oblast', Russia",RS85,60.9667,36.65,,,35.0
4,"Ziborovka, Belgorodskaya Oblast', Russia",RS09,51.198,37.1749,,,31.0
4,"Shamino, Nizhegorodskaya Oblast', Russia",RS51,56.7578,45.3361,,,52.0
4,"Dashka, Krasnoyarskiy Kray, Russia",RS39,58.4739,95.2969,,,24.0
4,"Inkey, Zabaykal'skiy Kray, Russia",RS93,52.5,115.083,,,75.0
4,"Patresi, Pskovskaya Oblast', Russia",RS60,56.9286,28.0503,,,60.0
4,"Manina, Voronezhskaya Oblast', Russia",RS86,50.4938,41.3831,,,36.0
4,"Kuli, Dagestan, Russia",RS17,42.3011,47.2124,135.0,25.47364395779515,5.0
4,"Suzemka, Bryanskaya Oblast', Russia",RS10,52.3183,34.0785,982.0,0.2968398539073981,32.0
4,"Ivchenko, Saratovskaya Oblast', Russia",RS67,51.1944,43.2786,,,64.0
4,"Stepnoi, Kalmykiya, Russia",RS24,46.3078,44.2558,,,8.0
4,"Mirnyy, Tambovskaya Oblast', Russia",RS72,52.8312,41.3643,,,68.0
4,"Susemka, Bryanskaya Oblast', Russia",RS10,52.3183,34.0785,,,32.0
4,"Chistyakovo, Permskiy Kray, Russia",RS90,57.059,57.7692,,,59.0
4,"Karpenka, Saratovskaya Oblast', Russia",RS67,51.1017,47.2614,,,64.0
4,"Kasib, Permskiy Kray, Russia",RS90,59.6895,56.3454,,,59.0
4,"Vislovo, Kaluzhskaya Oblast', Russia",RS25,54.3568,35.8173,,,40.0
4,"Beba, Sakhalinskaya Oblast', Russia",RS64,50.6572,142.696,,,65.0
4,"Mafa, Russia (General), Russia",RS00,46.8942,135.481,,,91.0
4,"Artemovskoye, Novgorodskaya Oblast', Russia",RS52,58.7417,33.5026,,,53.0
4,"Yali, Khabarovskiy Kray, Russia",RS30,53.2167,140.133,,,27.0
4,"Altynzhar, Astrakhanskaya Oblast', Russia",RS07,46.2754,48.5062,,,30.0
4,"Uzak, Rostovskaya Oblast', Russia",RS61,47.1189,39.3389,,,61.0
4,"Sakhma, Astrakhanskaya Oblast', Russia",RS07,46.242,48.4617,,,30.0
4,"Susanino, Kostromskaya Oblast', Russia",RS37,58.1488,41.5948,1330.0,0.5826642831697869,44.0
4,"Rassukha, Bryanskaya Oblast', Russia",RS10,52.8632,32.9671,,,32.0
4,"Kimry, Tverskaya Oblast', Russia",RS77,56.8667,37.35,2123.0,0.8255046165215892,69.0
4,"Goris To, Pskovskaya Oblast', Russia",RS60,58.0253,29.0798,,,60.0
4,"Andryushka, Sakha (Yakutiya), Russia",RS63,69.5333,153.4,,,14.0
4,"Omut, Yaroslavskaya Oblast', Russia",RS88,58.0925,38.7658,,,76.0
4,"Osokina, Kurganskaya Oblast', Russia",RS40,56.2704,63.2253,,,45.0
4,"Kumara, Amurskaya Oblast', Russia",RS05,51.5763,126.698,,,28.0
4,"Mo Shaik, Astrakhanskaya Oblast', Russia",RS07,46.3542,48.1334,,,30.0
4,"Roslavskaya, Yaroslavskaya Oblast', Russia",RS88,58.2803,40.6608,,,76.0
4,"Signalpoint, 92, Russia",RS92,53.0068,158.639,,,41.0
4,"Kalitki, Leningradskaya Oblast', Russia",RS42,59.3536,34.8358,,,47.0
4,"Kulash, Kurganskaya Oblast', Russia",RS40,55.6725,64.3122,,,45.0
4,"Olenya, Murmanskaya Oblast', Russia",RS49,69.2099,33.3782,,,51.0
4,"Ma Kali, Amurskaya Oblast', Russia",RS05,54.6238,127.204,,,28.0
4,"Volodarka, Altayskiy Kray, Russia",RS04,52.7084,83.6273,,,22.0
4,"Bilim, Tyva, Russia",RS79,51.5069,98.0253,,,17.0
4,"Romina, Permskiy Kray, Russia",RS90,58.3805,53.8532,,,59.0
4,"Miti, Khabarovskiy Kray, Russia",RS30,59.3333,138.75,,,27.0
4,"Nyusha, Leningradskaya Oblast', Russia",RS42,59.7598,35.3187,,,47.0
4,"Batyr, Tatarstan, Russia",RS73,54.7813,50.9636,,,16.0
4,"Orekhovo-Borisovo, Moskva, Russia",RS48,55.6125,37.7264,,,50.0
4,"Dvoryanskaya, Volgogradskaya Oblast', Russia",RS84,50.245,45.2852,,,34.0
4,"Kurkovichi, Bryanskaya Oblast', Russia",RS10,52.2981,32.8074,,,32.0
4,"Kar-Tel, Khabarovskiy Kray, Russia",RS30,50.3833,137.377,,,27.0
4,"Bosov, Astrakhanskaya Oblast', Russia",RS07,48.5,46.3667,,,30.0
4,"Zhlobin, Rostovskaya Oblast', Russia",RS61,47.0825,39.8664,,,61.0
4,"Snezhetskaya, Bryanskaya Oblast', Russia",RS10,53.2136,34.5097,,,32.0
4,"Shunga, Kostromskaya Oblast', Russia",RS37,57.8096,40.8029,,,44.0
4,"Kudryavka, Ryazanskaya Oblast', Russia",RS62,53.6563,41.2669,,,62.0
4,"Geden, Buryatiya, Russia",RS11,50.5047,105.058,,,3.0
4,"Lugovskaya, Tomskaya Oblast', Russia",RS75,58.9019,81.6417,,,70.0
4,"Amur, Yaroslavskaya Oblast', Russia",RS88,58.6046,38.8536,,,76.0
4,"Yula, Permskiy Kray, Russia",RS90,59.8333,54.85,,,59.0
4,"Tumak, Volgogradskaya Oblast', Russia",RS84,48.6256,44.6215,,,34.0
4,"Filonova, Kemerovskaya Oblast', Russia",RS29,55.8668,84.7813,,,42.0
4,"Tubari, Voronezhskaya Oblast', Russia",RS86,51.5117,42.5536,,,36.0
4,"Karandash, Amurskaya Oblast', Russia",RS05,54.7931,130.856,,,28.0
4,"Vasyugan, Novosibirskaya Oblast', Russia",RS53,55.2333,76.3,,,54.0
4,"Bratsk Reservoir, Irkutskaya Oblast', Russia",RS20,56.0833,101.833,1136.0,14.51962469466989,38.0
4,"Utta, Kalmykiya, Russia",RS24,46.3647,46.0066,,,8.0
4,"Neftekamsk, Bashkortostan, Russia",RS08,56.092,54.2661,25.0,1.203071127756691,2.0
4,"Zagorsk, Buryatiya, Russia",RS11,51.8645,107.719,,,3.0
4,"Dokis, Khabarovskiy Kray, Russia",RS30,49.4901,133.763,,,27.0
4,"Eriya, Buryatiya, Russia",RS11,51.8833,108.8,,,3.0
4,"Razuvayev, Volgogradskaya Oblast', Russia",RS84,49.9454,44.4918,,,34.0
4,"Kulikovo Pole, Tul'skaya Oblast', Russia",RS76,53.4222,38.6716,,,71.0
4,"Novoagansk, Khanty-Mansiyskiy Avtonomnyy Okrug, Russia",RS32,61.9449,76.6625,,,86.0
4,"Bogomazov, Volgogradskaya Oblast', Russia",RS84,48.3812,42.313,,,34.0
4,"Snezhet, Bryanskaya Oblast', Russia",RS10,53.0553,35.1052,,,32.0
4,"Undula, Kirovskaya Oblast', Russia",RS33,56.9606,50.535,,,43.0
4,"Mikhaylovka, Tul'skaya Oblast', Russia",RS76,54.6292,37.9785,,,71.0
4,"Uralets, Kurganskaya Oblast', Russia",RS40,56.4218,63.1133,,,45.0
5,"Bryanskaya Oblast, Bryanskaya Oblast', Russia",RS10,53.0,33.5,,,32.0
4,"Mona Khan, Khabarovskiy Kray, Russia",RS30,57.8333,137.067,,,27.0
4,"Parabel, Tomskaya Oblast', Russia",RS75,58.6978,81.4825,,,70.0
4,"Gatchino, Smolenskaya Oblast', Russia",RS69,55.6064,35.3522,,,67.0
4,"Argun, Irkutskaya Oblast', Russia",RS20,53.3682,105.934,,,38.0
4,"Sozonov, Chelyabinskaya Oblast', Russia",RS13,54.55,61.4,,,74.0
4,"Haselberg, Kaliningradskaya Oblast', Russia",RS23,54.9422,22.4897,,,39.0
4,"Borody, Pskovskaya Oblast', Russia",RS60,56.8654,28.6456,,,60.0
4,"Kharga, Amurskaya Oblast', Russia",RS05,53.1228,133.463,,,28.0
4,"Baskan, Tatarstan, Russia",RS73,55.6673,50.8335,,,16.0
4,"Gostilitsy, Leningradskaya Oblast', Russia",RS42,59.7483,29.622,,,47.0
4,"Krasnoslobodsk, Mordoviya, Russia",RS46,54.4253,43.7896,300.0,0.9072494878496354,13.0
4,"Chulym, Krasnoyarskiy Kray, Russia",RS39,55.2575,91.3986,,,24.0
4,"Kanchalan, Chukotskiy Avtonomnyy Okrug, Russia",RS15,65.1667,176.717,,,87.0
4,"Mitrofan, Nenetskiy Avtonomnyy Okrug, Russia",RS50,67.4,58.3667,,,83.0
4,"Berega, Moskovskaya Oblast', Russia",RS47,55.3597,35.7925,,,50.0
4,"Mirgorod, Novosibirskaya Oblast', Russia",RS53,53.9906,78.5525,,,54.0
4,"Yablochkov, Tul'skaya Oblast', Russia",RS76,53.1825,38.4536,,,71.0
4,"Kutum, Nizhegorodskaya Oblast', Russia",RS51,54.6951,44.1718,,,52.0
4,"Dubrova, Vologodskaya Oblast', Russia",RS85,58.8514,35.613,,,35.0
4,"Kulkov, Arkhangel'skaya Oblast', Russia",RS06,62.1,42.4,,,29.0
4,"Anash, Krasnoyarskiy Kray, Russia",RS39,54.8703,91.0481,,,24.0
4,"Mazhor, Magadanskaya Oblast', Russia",RS44,63.6867,147.14,,,49.0
4,"Kareli, Tambovskaya Oblast', Russia",RS72,53.5056,41.8358,,,68.0
4,"Berezanskaya, Krasnodarskiy Kray, Russia",RS38,45.7056,39.5932,,,23.0
4,"Kiselevka, Tambovskaya Oblast', Russia",RS72,52.6764,40.7625,,,68.0
4,"Ispik, Dagestan, Russia",RS17,41.6149,48.1912,,,5.0
4,"Kostyleva, Sverdlovskaya Oblast', Russia",RS71,58.7948,61.2477,,,66.0
4,"Senovo, Pskovskaya Oblast', Russia",RS60,57.1385,28.3418,,,60.0
4,"Petrovskaya, Kaluzhskaya Oblast', Russia",RS25,55.2425,36.4381,,,40.0
4,"Metka, Irkutskaya Oblast', Russia",RS20,54.9867,98.7071,,,38.0
4,"Yamnoye, Smolenskaya Oblast', Russia",RS69,55.7713,34.4472,,,67.0
4,"Syava, Tambovskaya Oblast', Russia",RS72,52.4901,41.424,,,68.0
4,"Lyalya, Sverdlovskaya Oblast', Russia",RS71,59.0735,59.8685,,,66.0
4,"Sultanov, Adygeya, Russia",RS01,45.0756,39.7581,,,1.0
4,"Kandik, Dagestan, Russia",RS17,41.7992,47.8768,,,5.0
4,"Dash In, Krasnoyarskiy Kray, Russia",RS39,55.2171,95.3881,,,24.0
4,"Sevastopol, Orenburgskaya Oblast', Russia",RS55,51.7688,59.0399,,,56.0
4,"Rekord, Bryanskaya Oblast', Russia",RS10,52.3194,34.8913,,,32.0
4,"Moche, Murmanskaya Oblast', Russia",RS49,69.5925,32.6172,,,51.0
4,"Malinki, Lipetskaya Oblast', Russia",RS43,53.1308,39.4209,,,48.0
4,"Malinka, Sakhalinskaya Oblast', Russia",RS64,46.6469,142.449,,,65.0
4,"Golcha, Kaluzhskaya Oblast', Russia",RS25,54.1067,35.3308,,,40.0
4,"Shkolnoye, Krasnodarskiy Kray, Russia",RS38,44.9146,39.857,,,23.0
4,"Nikonovskaya, Ivanovskaya Oblast', Russia",RS21,57.288,41.9674,,,37.0
4,"Victoria Island, Arkhangel'skaya Oblast', Russia",RS06,80.1483,36.7667,,,29.0
4,"Buturlinovka, Penzenskaya Oblast', Russia",RS57,52.7733,45.3604,,,58.0
4,"Amazarkan, Zabaykal'skiy Kray, Russia",RS93,53.8158,119.68,,,75.0
4,"Saburov, Tul'skaya Oblast', Russia",RS76,53.6153,38.7081,,,71.0
4,"Shamora, Primorskiy Kray, Russia",RS59,43.1848,132.105,,,25.0
4,"Moshka, Khabarovskiy Kray, Russia",RS30,50.2833,132.283,,,27.0
4,"Tumangan, Russia (General), Russia",RS00,42.2967,130.697,,,91.0
4,"Semigorye, Krasnodarskiy Kray, Russia",RS38,44.8955,37.6083,,,23.0
4,"Ochakovo, Kaliningradskaya Oblast', Russia",RS23,54.6556,22.2156,,,39.0
4,"Varvarovka, Volgogradskaya Oblast', Russia",RS84,48.5691,44.1406,,,34.0
4,"Myskhako, Krasnodarskiy Kray, Russia",RS38,44.6592,37.7661,,,23.0
4,"Tatsinskaya, Rostovskaya Oblast', Russia",RS61,48.1107,40.1258,,,61.0
4,"Yurka, Arkhangel'skaya Oblast', Russia",RS06,64.7282,41.2252,,,29.0
4,"Abinsk, Krasnodarskiy Kray, Russia",RS38,44.8726,38.1611,629.0,0.8887746746981426,23.0
4,"Selenge River, Russia (General), Russia",RS00,52.2667,106.267,,,91.0
4,"Kozhevnikov, Stavropol'skiy Kray, Russia",RS70,45.1903,42.1597,,,26.0
4,"Malai, Krasnodarskiy Kray, Russia",RS38,45.6282,38.4978,,,23.0
4,"Uega, Khabarovskiy Kray, Russia",RS30,60.7333,142.75,,,27.0
4,"Ilinskiy, Altayskiy Kray, Russia",RS04,53.8,80.75,,,22.0
4,"Ilyinskiy, Tyva, Russia",RS79,51.2167,95.4333,,,17.0
4,"Nakaz, Russia (General), Russia",RS00,52.5614,56.5153,,,91.0
4,"Lavata, Khabarovskiy Kray, Russia",RS30,51.2215,132.181,,,27.0
4,"Solvychegodsk, Arkhangel'skaya Oblast', Russia",RS06,61.3305,46.9156,,,29.0
4,"Tokarevka, Kaliningradskaya Oblast', Russia",RS23,54.4192,22.3972,,,39.0
4,"Buchka, Bryanskaya Oblast', Russia",RS10,52.7121,33.1837,,,32.0
4,"Zhilina, Bashkortostan, Russia",RS08,54.6578,56.0656,,,2.0
4,"Polkas, Sverdlovskaya Oblast', Russia",RS71,59.3466,58.8286,,,66.0
4,"Masti, Zabaykal'skiy Kray, Russia",RS93,51.0972,110.579,,,75.0
4,"Chumikan, Khabarovskiy Kray, Russia",RS30,54.7183,135.315,858.0,3.229123416270906,27.0
4,"Golovchino, Belgorodskaya Oblast', Russia",RS09,50.5341,35.797,,,31.0
4,"Kuzmenkov, Voronezhskaya Oblast', Russia",RS86,49.8854,40.1852,,,36.0
4,"Bulanov, Volgogradskaya Oblast', Russia",RS84,49.4081,45.6425,,,34.0
4,"Unkur, Amurskaya Oblast', Russia",RS05,56.1433,122.216,,,28.0
4,"Arkhyz, Karachayevo-Cherkesiya, Russia",RS27,43.5651,41.2784,,,9.0
4,"Yanov, Rostovskaya Oblast', Russia",RS61,48.0261,41.0564,,,61.0
4,"Atomgrad, Krasnoyarskiy Kray, Russia",RS39,56.2511,93.5319,,,24.0
4,"Pionerskoe, Checheno-Ingushskaya Avtonomnaya Sovetskaya Sotsialistichesk, Russia",RS12,43.0111,45.7068,,,20.0
4,"Kanl, Krasnoyarskiy Kray, Russia",RS39,57.1075,88.9747,,,24.0
4,"Mitin, Irkutskaya Oblast', Russia",RS20,55.7711,106.181,,,38.0
4,"Znob, Bryanskaya Oblast', Russia",RS10,52.3283,33.524,,,32.0
4,"Ilskiy, Krasnodarskiy Kray, Russia",RS38,44.8422,38.5669,,,23.0
4,"Sotnikov, Rostovskaya Oblast', Russia",RS61,47.4028,38.3765,,,61.0
4,"Izranda, Chelyabinskaya Oblast', Russia",RS13,55.363,59.716,,,74.0
4,"Sartan, Sakha (Yakutiya), Russia",RS63,67.4653,133.248,,,14.0
4,"Shershnev, Rostovskaya Oblast', Russia",RS61,49.2266,40.3087,,,61.0
4,"Kolobova, Permskiy Kray, Russia",RS90,58.5,55.6333,,,59.0
4,"Gladkova, Kemerovskaya Oblast', Russia",RS29,54.5167,87.1667,,,42.0
4,"Burlatsk, Mariy-El, Russia",RS45,56.5298,46.5416,,,12.0
4,"Zareche, Belgorodskaya Oblast', Russia",RS09,50.6218,36.4727,,,31.0
4,"Novy Put, Krasnodarskiy Kray, Russia",RS38,46.8213,38.8791,,,23.0
4,"Skobelev, Rostovskaya Oblast', Russia",RS61,48.7861,41.9406,,,61.0
4,"Chicherin, Rostovskaya Oblast', Russia",RS61,46.3818,40.8224,,,61.0
4,"Vidon, Leningradskaya Oblast', Russia",RS42,59.0999,29.3408,,,47.0
4,"Ischan, Amurskaya Oblast', Russia",RS05,56.1738,122.551,,,28.0
4,"Kabuli, Khabarovskiy Kray, Russia",RS30,48.1167,136.883,,,27.0
4,"Nyagan, Khanty-Mansiyskiy Avtonomnyy Okrug, Russia",RS32,62.1406,65.3936,2222.0,4.16871040725937,86.0
4,"Vidyayevo, Murmanskaya Oblast', Russia",RS49,69.3191,32.8049,1514.0,0.1415904617168591,51.0
4,"Temnikov, Mordoviya, Russia",RS46,54.6302,43.2148,305.0,0.44888661823696974,13.0
4,"Ellume, Evenkiyskiy Avtonomnyy Okrug, Russia",RS18,63.0404,97.1777,,,
4,"Zykov, Orenburgskaya Oblast', Russia",RS55,51.8192,55.5025,,,56.0
4,"Kachuga, Irkutskaya Oblast', Russia",RS20,53.9606,105.882,1153.0,0.20731321757955118,38.0
4,"-Iras, Amurskaya Oblast', Russia",RS05,55.717,129.873,,,28.0
4,"Iriya, Leningradskaya Oblast', Russia",RS42,60.0257,34.6496,,,47.0
4,"Matsesta, Krasnodarskiy Kray, Russia",RS38,43.5719,39.8031,,,23.0
4,"Shevchenkovskiy, Orenburgskaya Oblast', Russia",RS55,50.8167,55.2204,,,56.0
4,"Trubino, Permskiy Kray, Russia",RS90,58.2917,55.7511,,,59.0
4,"Sanina, Kurganskaya Oblast', Russia",RS40,55.3333,65.3333,,,45.0
4,"Derbe, Sakha (Yakutiya), Russia",RS63,60.4478,116.732,,,14.0
4,"Chir, Volgogradskaya Oblast', Russia",RS84,48.4806,43.201,,,34.0
4,"Umaya, Khabarovskiy Kray, Russia",RS30,51.0546,132.463,,,27.0
4,"Semirechye, Khabarovskiy Kray, Russia",RS30,56.7167,137.383,,,27.0
4,"Oufa, Bashkortostan, Russia",RS08,54.775,56.0375,,,2.0
4,"Panfilov, Arkhangel'skaya Oblast', Russia",RS06,63.6802,46.0037,,,29.0
4,"Liptsy, Smolenskaya Oblast', Russia",RS69,55.7372,34.8579,,,67.0
4,"Matara, Khabarovskiy Kray, Russia",RS30,56.7044,136.309,,,27.0
4,"Konyshevo, Vladimirskaya Oblast', Russia",RS83,56.1568,39.2842,,,33.0
4,"Spirdovo, Yaroslavskaya Oblast', Russia",RS88,57.7257,40.1704,,,76.0
4,"Assorino, Kostromskaya Oblast', Russia",RS37,58.8289,42.994,,,44.0
4,"Vaza, Ivanovskaya Oblast', Russia",RS21,56.8474,42.434,,,37.0
4,"Yuldus, Kurganskaya Oblast', Russia",RS40,56.2459,63.8675,,,45.0
4,"Buton, Sverdlovskaya Oblast', Russia",RS71,58.1136,58.8642,,,66.0
4,"-Ural, Sverdlovskaya Oblast', Russia",RS71,56.6167,61.8833,,,66.0
4,"Strizhi, Penzenskaya Oblast', Russia",RS57,53.5824,44.3277,,,58.0
4,"Avilov, Belgorodskaya Oblast', Russia",RS09,50.9789,38.2257,,,31.0
4,"Kolotov, Belgorodskaya Oblast', Russia",RS09,50.3591,38.6301,,,31.0
4,"Barvinok, Krasnodarskiy Kray, Russia",RS38,45.1761,40.9353,,,23.0
4,"Muksun, Taymyrskiy (Dolgano-Nenetskiy) Avtonomnyy Okrug, Russia",RS74,69.2053,90.6494,,,24.0
4,"Pobedy, Sakhalinskaya Oblast', Russia",RS64,46.4858,142.175,,,65.0
4,"Krasnoyarskoye, Altayskiy Kray, Russia",RS04,52.2247,83.4735,,,22.0
4,"Redkin, Pskovskaya Oblast', Russia",RS60,57.1577,28.9551,,,60.0
4,"Pokacha, 92, Russia",RS92,60.5667,169.05,,,41.0
4,"Belev, Tul'skaya Oblast', Russia",RS76,53.8119,36.1319,2172.0,0.3350920129483666,71.0
4,"Leningradka, Omskaya Oblast', Russia",RS54,56.4667,74.6,,,55.0
4,"Konor, Irkutskaya Oblast', Russia",RS20,54.3,105.8,,,38.0
4,"Bolshaya, Yaroslavskaya Oblast', Russia",RS88,57.5613,40.3544,,,76.0
4,"Yedinstvo, Altayskiy Kray, Russia",RS04,52.3607,84.1844,,,22.0
4,"Ovsyannikov, Voronezhskaya Oblast', Russia",RS86,51.9465,38.7001,,,36.0
4,"In Kara, Altayskiy Kray, Russia",RS04,53.9692,85.4342,,,22.0
4,"Sadovskaya, Mariy-El, Russia",RS45,56.8823,48.4292,,,12.0
4,"Shaytanka, Kurganskaya Oblast', Russia",RS40,56.1133,64.6979,,,45.0
4,"Kopani, Belgorodskaya Oblast', Russia",RS09,50.5367,37.5344,,,31.0
4,"Chizh, Orlovskaya Oblast', Russia",RS56,52.9481,36.3093,,,57.0
4,"Teykovo, Ivanovskaya Oblast', Russia",RS21,56.858,40.5369,1129.0,0.3592139204242671,37.0
4,"Ignatyeva, Kurganskaya Oblast', Russia",RS40,55.7133,64.1803,,,45.0
4,"Nenoksa, Arkhangel'skaya Oblast', Russia",RS06,64.6328,39.2348,,,29.0
4,"Morgudon, Irkutskaya Oblast', Russia",RS20,56.1231,101.363,,,38.0
4,"Surmet, Orenburgskaya Oblast', Russia",RS55,53.6735,53.5501,,,56.0
4,"Aunus, Kareliya, Russia",RS28,60.9847,32.9698,,,10.0
4,"Grebnoy, 92, Russia",RS92,57.1111,162.808,,,41.0
4,"Ledeneva, Khabarovskiy Kray, Russia",RS30,47.3425,135.06,,,27.0
4,"Rzhevskiy, Voronezhskaya Oblast', Russia",RS86,49.9664,39.4853,,,36.0
4,"Kolkhozny, Rostovskaya Oblast', Russia",RS61,47.0825,39.8664,,,61.0
4,"Beloomut, Moskovskaya Oblast', Russia",RS47,54.9448,39.3394,,,50.0
4,"Krolewiec, Kaliningradskaya Oblast', Russia",RS23,54.7065,20.511,,,39.0
4,"Chernokozovo, Checheno-Ingushskaya Avtonomnaya Sovetskaya Sotsialistichesk, Russia",RS12,43.6732,45.3501,,,20.0
4,"Rafikova, Bashkortostan, Russia",RS08,52.2494,58.2997,,,2.0
4,"Korma, Bryanskaya Oblast', Russia",RS10,52.7405,31.7708,,,32.0
4,"Akkuduk, Orenburgskaya Oblast', Russia",RS55,50.9833,60.8167,,,56.0
4,"Elemes, Sakha (Yakutiya), Russia",RS63,62.9833,133.6,,,14.0
4,"Tvayan, 92, Russia",RS92,55.3667,156.283,,,41.0
4,"Orekhovskaya, Arkhangel'skaya Oblast', Russia",RS06,62.106,45.2255,,,29.0
4,"Kurganskaya, Omskaya Oblast', Russia",RS54,55.0167,72.65,,,55.0
4,"Michailovskoye, Khabarovskiy Kray, Russia",RS30,52.6144,140.185,,,27.0
4,"Peremyshl, Kaluzhskaya Oblast', Russia",RS25,54.2631,36.1606,1216.0,0.376994156099626,40.0
4,"Unino, Pskovskaya Oblast', Russia",RS60,56.4916,30.7877,,,60.0
4,"Larsi, Severnaya Osetiya-Alaniya, Russia",RS68,42.8019,44.6373,,,15.0
4,"Kirillova, Permskiy Kray, Russia",RS90,59.4249,56.1818,,,59.0
4,"Viza, Permskiy Kray, Russia",RS90,58.8084,57.3816,,,59.0
4,"Sportivnaya, Sverdlovskaya Oblast', Russia",RS71,56.8124,60.0348,,,66.0
4,"Barynya, Zabaykal'skiy Kray, Russia",RS93,55.0423,118.86,,,75.0
4,"Politekhnik, Permskiy Kray, Russia",RS90,58.2104,56.3546,,,59.0
4,"Shiksha, Tatarstan, Russia",RS73,56.1047,50.4787,,,16.0
4,"Filipovski, Orenburgskaya Oblast', Russia",RS55,51.3437,54.129,,,56.0
4,"Seni, Kaluzhskaya Oblast', Russia",RS25,54.7076,35.726,,,40.0
4,"Zapadnyy, Khabarovskiy Kray, Russia",RS30,49.0178,140.212,,,27.0
4,"Kaynak, Tyumenskaya Oblast', Russia",RS78,56.0667,67.5833,,,72.0
4,"Donskoye, Lipetskaya Oblast', Russia",RS43,52.6174,38.9738,,,48.0
4,"Yadrin, Amurskaya Oblast', Russia",RS05,48.9746,131.023,,,28.0
4,"Povalikhino, Kostromskaya Oblast', Russia",RS37,58.89,42.85,,,44.0
4,"Tolmachovo, Amurskaya Oblast', Russia",RS05,51.85,128.05,,,28.0
4,"Petrovskoe, Orenburgskaya Oblast', Russia",RS55,51.8663,51.8663,,,56.0
4,"Lamb As, Vologodskaya Oblast', Russia",RS85,60.5612,38.4358,,,35.0
4,"Khmara, Smolenskaya Oblast', Russia",RS69,54.347,32.6703,,,67.0
4,"Drofa, Khabarovskiy Kray, Russia",RS30,47.8866,135.014,,,27.0
4,"Buranovo, Altayskiy Kray, Russia",RS04,53.3875,85.8104,,,22.0
4,"Marinovka, Saratovskaya Oblast', Russia",RS67,51.4393,47.5601,,,64.0
4,"Valovaya, Kostromskaya Oblast', Russia",RS37,58.981,46.0747,,,44.0
4,"Cherga, Altay, Russia",RS03,51.5689,85.5625,,,4.0
4,"Chishmy, Bashkortostan, Russia",RS08,54.5765,55.3764,81.0,1.5810388272267482,2.0
4,"Serafimovskoye, Permskiy Kray, Russia",RS90,58.3526,53.9685,,,59.0
4,"Shanga, Kostromskaya Oblast', Russia",RS37,58.5913,46.3058,,,44.0
4,"Osart, Kirovskaya Oblast', Russia",RS33,59.1263,49.9529,,,43.0
4,"Volzhskaya, Ivanovskaya Oblast', Russia",RS21,57.4211,42.5799,,,37.0
4,"Torosov, Stavropol'skiy Kray, Russia",RS70,44.1,44.8,,,26.0
4,"Osetiya, Russia (General), Russia",RS00,42.75,44.0,,,91.0
4,"Bykova, Tverskaya Oblast', Russia",RS77,56.95,36.65,,,69.0
4,"Bolshoy Kamen, Primorskiy Kray, Russia",RS59,43.1225,132.358,778.0,1.2897579156641925,25.0
4,"Nija, Arkhangel'skaya Oblast', Russia",RS06,66.3275,43.3618,,,29.0
4,"Strakova, Tul'skaya Oblast', Russia",RS76,54.3203,37.7428,,,71.0
4,"Secha, Tverskaya Oblast', Russia",RS77,56.7126,33.8524,,,69.0
4,"Likhoslavl, Tverskaya Oblast', Russia",RS77,57.1275,35.464,2128.0,0.3725156057998447,69.0
4,"Ponurovka, Bryanskaya Oblast', Russia",RS10,52.3648,32.8392,,,32.0
4,"Usinsk, Komi, Russia",RS34,65.9507,57.4685,228.0,6.302705589792751,11.0
4,"Shibkovo, Novosibirskaya Oblast', Russia",RS53,54.4888,83.2857,,,54.0
4,"Pozhitkovo, Moskovskaya Oblast', Russia",RS47,55.4371,36.8065,,,50.0
4,"Narinka, Buryatiya, Russia",RS11,50.7814,107.473,,,3.0
4,"Krasivo, Belgorodskaya Oblast', Russia",RS09,50.5509,35.8763,,,31.0
4,"Pozhar, Bryanskaya Oblast', Russia",RS10,52.6209,34.8024,,,32.0
4,"Tabakh, Khabarovskiy Kray, Russia",RS30,53.2167,139.9,,,27.0
4,"Znamenskoye, Amurskaya Oblast', Russia",RS05,50.6236,129.06,,,28.0
4,"Borisoglebskoye, Kemerovskaya Oblast', Russia",RS29,56.1979,88.6314,,,42.0
4,"Mologa, Kostromskaya Oblast', Russia",RS37,58.5173,41.5764,,,44.0
4,"Chapayevka, Tomskaya Oblast', Russia",RS75,60.15,78.1167,,,70.0
4,"Neskuchnoye, Smolenskaya Oblast', Russia",RS69,55.2647,31.9542,,,67.0
4,"Shaitanka, Sverdlovskaya Oblast', Russia",RS71,57.3707,62.2934,,,66.0
4,"Yagodne, Nizhegorodskaya Oblast', Russia",RS51,55.9309,43.7712,,,52.0
4,"Bogdanova, Pskovskaya Oblast', Russia",RS60,57.161,28.5824,,,60.0
4,"Maloros, Kaluzhskaya Oblast', Russia",RS25,54.2048,34.5765,,,40.0
4,"Krasno, Kaluzhskaya Oblast', Russia",RS25,54.7139,34.9203,,,40.0
4,"Vosi, Sakhalinskaya Oblast', Russia",RS64,51.1833,142.683,,,65.0
4,"Marinychev, Belgorodskaya Oblast', Russia",RS09,50.604,38.3257,,,31.0
4,"Iletsk, Orenburgskaya Oblast', Russia",RS55,51.1631,54.9918,,,56.0
4,"Severnaya, Kurganskaya Oblast', Russia",RS40,56.0653,65.0164,,,45.0
4,"Aristov, Stavropol'skiy Kray, Russia",RS70,45.0,44.7,,,26.0
4,"Shiretoko, Sakhalinskaya Oblast', Russia",RS64,46.3633,143.357,,,65.0
4,"Vaenga, Murmanskaya Oblast', Russia",RS49,69.0689,33.4162,,,51.0
4,"Khama, Sakhalinskaya Oblast', Russia",RS64,46.7214,142.585,,,65.0
4,"- Bakhmut, Nizhegorodskaya Oblast', Russia",RS51,56.043,44.7525,,,52.0
4,"Sanar, Amurskaya Oblast', Russia",RS05,54.6333,127.383,,,28.0
4,"Kalyug, Kostromskaya Oblast', Russia",RS37,58.777,47.0553,,,44.0
4,"Nazarovo, Permskiy Kray, Russia",RS90,58.6226,55.9144,,,59.0
4,"Avtovo, Sankt-Peterburg, Russia",RS66,59.8717,30.2658,,,47.0
4,"Chernyshev, Chechnya And Ingushetiya, Russia",RSCI,43.9617,45.0925,,,20.0
4,"Yablokov, Rostovskaya Oblast', Russia",RS61,49.1725,41.2033,,,61.0
4,"Yelenovka, Rostovskaya Oblast', Russia",RS61,49.0431,40.4788,,,61.0
4,"Slavinsk, Kaliningradskaya Oblast', Russia",RS23,54.7428,21.0927,,,39.0
4,"Propusk, Sverdlovskaya Oblast', Russia",RS71,56.3841,60.2413,,,66.0
4,"Narodnaya, Voronezhskaya Oblast', Russia",RS86,51.5821,41.7894,,,36.0
4,"Schlusselburg, Leningradskaya Oblast', Russia",RS42,59.9473,31.0384,,,47.0
4,"Zhizn, Tul'skaya Oblast', Russia",RS76,53.4203,36.585,,,71.0
4,"Fastov, Belgorodskaya Oblast', Russia",RS09,50.7197,36.0661,,,31.0
4,"Kashirin, Volgogradskaya Oblast', Russia",RS84,48.6624,44.8361,,,34.0
4,"Makhnovka, Pskovskaya Oblast', Russia",RS60,57.4031,29.3469,,,60.0
4,"Bakhmetov, Krasnodarskiy Kray, Russia",RS38,44.7689,39.1844,,,23.0
4,"Savinkov, Rostovskaya Oblast', Russia",RS61,46.1667,41.0333,,,61.0
4,"Nikolayevsk, Saratovskaya Oblast', Russia",RS67,52.0133,48.8025,,,64.0
4,"Belo-Ostrov, Sankt-Peterburg, Russia",RS66,60.1512,30.0015,,,47.0
4,"Bakayev, Belgorodskaya Oblast', Russia",RS09,50.8114,37.2588,,,31.0
4,"Tsvetkov, Rostovskaya Oblast', Russia",RS61,46.5266,43.076,,,61.0
4,"Karakhan, Sakha (Yakutiya), Russia",RS63,59.45,136.55,,,14.0
4,"Malakhovka, Saratovskaya Oblast', Russia",RS67,51.4146,50.2536,,,64.0
4,"Klintsi, Kaluzhskaya Oblast', Russia",RS25,53.9162,35.477,,,40.0
4,"Istrovka, Bryanskaya Oblast', Russia",RS10,52.5075,32.5603,,,32.0
4,"Noras, Arkhangel'skaya Oblast', Russia",RS06,64.3322,44.7121,,,29.0
4,"Alcha, Khabarovskiy Kray, Russia",RS30,48.25,136.517,,,27.0
4,"Rigol, Chukotskiy Avtonomnyy Okrug, Russia",RS15,67.9167,-176.2,,,87.0
4,"Kasma, Kemerovskaya Oblast', Russia",RS29,54.4995,85.1608,,,42.0
4,"Charkov, Khakasiya, Russia",RS31,53.7039,90.3719,,,19.0
4,"Volkustichi, Bryanskaya Oblast', Russia",RS10,52.733,32.8095,,,32.0
4,"Olsha, Smolenskaya Oblast', Russia",RS69,54.7364,31.0103,,,67.0
4,"Opochka, Pskovskaya Oblast', Russia",RS60,56.7105,28.6617,1777.0,0.32511605613425804,60.0
4,"Kurilovka, Mordoviya, Russia",RS46,53.7687,44.4601,,,13.0
4,"Kondakova, Kurganskaya Oblast', Russia",RS40,56.074,64.0649,,,45.0
4,"Sivuch, Magadanskaya Oblast', Russia",RS44,59.0333,152.4,,,49.0
4,"Bolshaya Nevka, Sankt-Peterburg, Russia",RS66,59.9806,30.2353,,,47.0
4,"Khmelevka, Tverskaya Oblast', Russia",RS77,58.1055,35.2004,,,69.0
4,"Podyem, Tyumenskaya Oblast', Russia",RS78,57.1233,65.1886,,,72.0
4,"Belyayev, Stavropol'skiy Kray, Russia",RS70,45.3513,41.8534,,,26.0
4,"Mkhi, Leningradskaya Oblast', Russia",RS42,59.0154,29.9411,,,47.0
4,"Shchuka, Tomskaya Oblast', Russia",RS75,58.6167,81.0,,,70.0
4,"Sviyaga, Tatarstan, Russia",RS73,55.6742,48.5185,,,16.0
4,"Ankar, Leningradskaya Oblast', Russia",RS42,60.55,28.3167,,,47.0
4,"Kutta, Sakha (Yakutiya), Russia",RS63,73.9167,142.033,,,14.0
4,"Drozdy, Kurskaya Oblast', Russia",RS41,51.3169,36.1859,,,46.0
4,"Kafan, Khabarovskiy Kray, Russia",RS30,49.2667,134.65,,,27.0
4,"Tesma, Sverdlovskaya Oblast', Russia",RS71,59.3537,61.8647,,,66.0
4,"Lubya, Leningradskaya Oblast', Russia",RS42,59.9622,30.4692,,,47.0
4,"Balaga, Irkutskaya Oblast', Russia",RS20,56.1089,101.018,,,38.0
4,"Yelino, Kostromskaya Oblast', Russia",RS37,58.5787,41.3325,,,44.0
4,"Grozny, Chechnya And Ingushetiya, Russia",RSCI,43.3119,45.6889,461.0,0.9419169725778268,20.0
4,"Kuchka, Mariy-El, Russia",RS45,56.9283,48.0097,,,12.0
4,"Usolye, Permskiy Kray, Russia",RS90,59.3672,56.6252,,,59.0
4,"Chusovaya, Permskiy Kray, Russia",RS90,58.3013,57.8131,767.0,2.190115887518834,59.0
4,"Yagoshikha, Permskiy Kray, Russia",RS90,58.0223,56.2536,,,59.0
4,"Meshkov, Rostovskaya Oblast', Russia",RS61,49.5385,40.9823,,,61.0
4,"Moskovskiy, Novosibirskaya Oblast', Russia",RS53,55.2492,79.7954,,,54.0
4,"Alekhin, Tambovskaya Oblast', Russia",RS72,52.2677,41.2739,,,68.0
4,"Farn, Severnaya Osetiya-Alaniya, Russia",RS68,43.1813,44.5004,,,15.0
4,"Nelu, Sakha (Yakutiya), Russia",RS63,69.3806,130.217,,,14.0
4,"Kameny Island, Sankt-Peterburg, Russia",RS66,59.9778,30.2867,,,47.0
4,"Budenny, Krasnodarskiy Kray, Russia",RS38,46.5367,40.22,,,23.0
4,"Butirki, Arkhangel'skaya Oblast', Russia",RS06,64.5031,40.5728,,,29.0
4,"Sukharevka, Lipetskaya Oblast', Russia",RS43,52.3483,38.5427,,,48.0
4,"Vaska, Kareliya, Russia",RS28,63.0062,31.4494,,,10.0
4,"Novo-Sokolniki, Tambovskaya Oblast', Russia",RS72,53.4092,41.7865,,,68.0
4,"Oblava, Krasnoyarskiy Kray, Russia",RS39,56.5419,95.5539,,,24.0
4,"Khoromnoye, Bryanskaya Oblast', Russia",RS10,52.0693,32.0434,,,32.0
4,"Seschtscha, Bryanskaya Oblast', Russia",RS10,53.7378,33.3339,,,32.0
4,"Bondarev, Volgogradskaya Oblast', Russia",RS84,49.4333,46.2333,,,34.0
4,"Kurtan, Kurganskaya Oblast', Russia",RS40,55.7756,67.1997,,,45.0
4,"Krivaya Luka, Irkutskaya Oblast', Russia",RS20,57.5989,107.827,,,38.0
4,"Budarka, Volgogradskaya Oblast', Russia",RS84,47.5061,43.4758,,,34.0
4,"Rudolf Island, Arkhangel'skaya Oblast', Russia",RS06,81.7942,58.5458,,,29.0
4,"Cape Fligely, Arkhangel'skaya Oblast', Russia",RS06,81.8581,59.112,,,29.0
4,"Uelen, Chukotskiy Avtonomnyy Okrug, Russia",RS15,66.1667,-169.8,,,87.0
4,"Narmeln, Kaliningradskaya Oblast', Russia",RS23,54.4667,19.6833,,,39.0
4,"Khmelnitskiy, Irkutskaya Oblast', Russia",RS20,55.2333,97.9,,,38.0
4,"Bobrovsk, Vologodskaya Oblast', Russia",RS85,60.482,44.77,,,35.0
4,"Zemskiy, Astrakhanskaya Oblast', Russia",RS07,48.4806,46.0311,,,30.0
4,"Lobok, Pskovskaya Oblast', Russia",RS60,55.8667,29.9667,,,60.0
4,"Volodino, Permskiy Kray, Russia",RS90,59.5468,56.8897,,,59.0
4,"Novaya Riga, Samarskaya Oblast', Russia",RS65,54.2668,51.6837,,,63.0
4,"Shamara, Tverskaya Oblast', Russia",RS77,56.6047,32.1484,,,69.0
4,"Borodinov, Rostovskaya Oblast', Russia",RS61,48.2259,40.646,,,61.0
4,"Pokrovskiy, Kemerovskaya Oblast', Russia",RS29,55.4711,85.0422,,,42.0
4,"Glushkovo, Smolenskaya Oblast', Russia",RS69,55.5319,33.5683,,,67.0
4,"Armiya, Amurskaya Oblast', Russia",RS05,52.5333,129.333,,,28.0
4,"Andeyevka, Rostovskaya Oblast', Russia",RS61,49.1549,40.5666,,,61.0
4,"Filonov, Rostovskaya Oblast', Russia",RS61,48.9009,40.7044,,,61.0
4,"Gorkin, Samarskaya Oblast', Russia",RS65,53.1553,48.87,,,63.0
4,"Dmitrievka, Saratovskaya Oblast', Russia",RS67,50.6464,47.9705,,,64.0
4,"Turist, Moskovskaya Oblast', Russia",RS47,56.25,37.4833,,,50.0
4,"Kuzhenkino, Tverskaya Oblast', Russia",RS77,57.7283,33.9775,,,69.0
4,"Ruskeala, Kareliya, Russia",RS28,61.9333,30.5833,,,10.0
4,"Sortavala, Kareliya, Russia",RS28,61.7053,30.6918,222.0,0.2862346065281096,10.0
4,"Koksi, Udmurtiya, Russia",RS80,57.9103,52.4045,,,18.0
4,"Uyen, Russia (General), Russia",RS00,55.715,83.6364,,,91.0
4,"Kachanava, Pskovskaya Oblast', Russia",RS60,57.4675,27.7632,,,60.0
4,"Pisma, Kostromskaya Oblast', Russia",RS37,58.3551,41.2793,,,44.0
4,"Polki, Tverskaya Oblast', Russia",RS77,56.9356,33.1122,,,69.0
4,"Tarutino, Krasnoyarskiy Kray, Russia",RS39,56.2954,90.8316,,,24.0
4,"Urik, Irkutskaya Oblast', Russia",RS20,52.8614,104.429,,,38.0
4,"Chad Or, Zabaykal'skiy Kray, Russia",RS93,53.724,120.491,,,75.0
4,"Kletka, Irkutskaya Oblast', Russia",RS20,53.2541,102.547,,,38.0
4,"Zavitinsk, Amurskaya Oblast', Russia",RS05,50.1118,129.444,874.0,0.2779831677160892,28.0
4,"Vozzhayevka, Amurskaya Oblast', Russia",RS05,50.7319,128.712,,,28.0
4,"Lomovka, Tomskaya Oblast', Russia",RS75,57.9651,86.9651,,,70.0
4,"Zhirov, Rostovskaya Oblast', Russia",RS61,46.6381,40.3633,,,61.0
4,"Tolmachi, Kirovskaya Oblast', Russia",RS33,58.4353,49.952,,,43.0
4,"Nezhdanovka, Voronezhskaya Oblast', Russia",RS86,51.0257,39.9767,,,36.0
4,"Ogur, Krasnoyarskiy Kray, Russia",RS39,55.3558,91.8633,,,24.0
4,"Chistenkoye, Chelyabinskaya Oblast', Russia",RS13,54.35,63.0667,,,74.0
4,"Adaki, Khabarovskiy Kray, Russia",RS30,50.1983,138.586,,,27.0
4,"Butyn, Moskovskaya Oblast', Russia",RS47,55.5994,36.9435,,,50.0
4,"Almazov, Saratovskaya Oblast', Russia",RS67,51.5566,42.9295,,,64.0
4,"Odesskoye, Kaliningradskaya Oblast', Russia",RS23,54.7114,21.3344,,,39.0
4,"Dorka, Tverskaya Oblast', Russia",RS77,58.0631,35.6951,,,69.0
4,"Beloozero, Samarskaya Oblast', Russia",RS65,53.441,50.3631,,,63.0
4,"Kayuk, 92, Russia",RS92,51.5144,156.726,,,41.0
4,"Kelda, Arkhangel'skaya Oblast', Russia",RS06,64.9325,43.5028,,,29.0
4,"Mukhinka, Amurskaya Oblast', Russia",RS05,50.55,127.617,,,28.0
4,"Repinka, Tverskaya Oblast', Russia",RS77,56.4671,35.2837,,,69.0
4,"Pshenichny, Rostovskaya Oblast', Russia",RS61,46.65,39.2333,,,61.0
4,"Mizur, Severnaya Osetiya-Alaniya, Russia",RS68,42.8538,44.0639,,,15.0
4,"Kalpak, Orenburgskaya Oblast', Russia",RS55,51.4792,58.7273,,,56.0
4,"Akbay, Tatarstan, Russia",RS73,54.5242,53.2242,,,16.0
4,"Dombay, Omskaya Oblast', Russia",RS54,54.7647,72.1585,,,55.0
4,"Prokino, Permskiy Kray, Russia",RS90,58.6502,55.1859,,,59.0
4,"Nakyn, Sakha (Yakutiya), Russia",RS63,64.65,116.617,,,14.0
4,"Kitayskiy, Irkutskaya Oblast', Russia",RS20,53.3667,102.617,,,38.0
4,"Shiyes, Arkhangel'skaya Oblast', Russia",RS06,61.8892,49.0732,,,29.0
4,"Aydar, Belgorodskaya Oblast', Russia",RS09,50.0466,38.9088,,,31.0
4,"Kargin, Volgogradskaya Oblast', Russia",RS84,49.3292,43.7133,,,34.0
4,"Krasovskiy, Omskaya Oblast', Russia",RS54,54.9235,75.1745,,,55.0
4,"Zhecha, Bryanskaya Oblast', Russia",RS10,52.7216,32.7394,,,32.0
4,"Romanovskoye, Buryatiya, Russia",RS11,53.2137,112.771,,,3.0
4,"Beregovoy, Vologodskaya Oblast', Russia",RS85,59.2922,38.5248,,,35.0
4,"Three Islands, Murmanskaya Oblast', Russia",RS49,67.1125,41.4001,,,51.0
4,"Zungar, Irkutskaya Oblast', Russia",RS20,54.0284,102.882,,,38.0
4,"Cape Idokopas, Krasnodarskiy Kray, Russia",RS38,44.4181,38.2072,,,23.0
4,"Pravdinsk, Kaliningradskaya Oblast', Russia",RS23,54.4429,21.0179,1195.0,0.5353640428394187,39.0
4,"Joensuu, Kareliya, Russia",RS28,61.7167,30.95,,,10.0
4,"Sudoma, Pskovskaya Oblast', Russia",RS60,57.5322,29.9252,,,60.0
4,"Nemi, Khabarovskiy Kray, Russia",RS30,47.5036,139.069,,,27.0
4,"Seshan, Chukotskiy Avtonomnyy Okrug, Russia",RS15,66.7667,171.433,,,87.0
4,"Tangos, Murmanskaya Oblast', Russia",RS49,66.75,32.4833,,,51.0
4,"Lomonosova, Smolenskaya Oblast', Russia",RS69,55.3931,32.3975,,,67.0
4,"Shukti, Dagestan, Russia",RS17,42.2249,47.3035,,,5.0
4,"Rakovina, Arkhangel'skaya Oblast', Russia",RS06,64.6,40.25,,,29.0
4,"Kuskovo, Novosibirskaya Oblast', Russia",RS53,55.2083,84.6286,,,54.0
4,"Ranenburg, Lipetskaya Oblast', Russia",RS43,53.2432,39.9629,,,48.0
4,"Losev, Bryanskaya Oblast', Russia",RS10,53.5287,33.0714,,,32.0
4,"Severyanin, Moskovskaya Oblast', Russia",RS47,55.85,37.6667,,,50.0
4,"Belma, Irkutskaya Oblast', Russia",RS20,56.4919,102.127,,,38.0
4,"Severnaya Zvezda, Tul'skaya Oblast', Russia",RS76,53.2147,38.1498,,,71.0
4,"Sanatoriy, Ryazanskaya Oblast', Russia",RS62,54.7387,42.3124,,,62.0
4,"Pirozhki, Permskiy Kray, Russia",RS90,58.35,55.5833,,,59.0
4,"Dyakov, Adygeya, Russia",RS01,44.6634,40.153,,,1.0
4,"Krasnik, Kostromskaya Oblast', Russia",RS37,58.4797,42.9567,,,44.0
4,"Palkin, Arkhangel'skaya Oblast', Russia",RS06,63.0166,46.065,,,29.0
4,"Kouta, Murmanskaya Oblast', Russia",RS49,66.6927,32.8713,,,51.0
4,"Berestovka, Stavropol'skiy Kray, Russia",RS70,45.3997,42.5867,,,26.0
4,"Santiba, Yamalo-Nenetskiy Avtonomnyy Okrug, Russia",RS87,66.5194,72.3953,,,89.0
4,"Naren, 92, Russia",RS92,62.4667,163.083,,,41.0
4,"Mayskii, Chechnya And Ingushetiya, Russia",RSCI,43.1353,45.7731,,,20.0
4,"Khvanchkara, Irkutskaya Oblast', Russia",RS20,56.9241,100.823,,,38.0
4,"Myasokombinat, Leningradskaya Oblast', Russia",RS42,59.8333,30.35,,,47.0
4,"Gnezdo, Khabarovskiy Kray, Russia",RS30,59.4194,145.501,,,27.0
4,"Irken, Tatarstan, Russia",RS73,54.6818,52.5334,,,16.0
4,"To Roma, Arkhangel'skaya Oblast', Russia",RS06,64.6099,43.9112,,,29.0
4,"Ropsha, Leningradskaya Oblast', Russia",RS42,59.7285,29.8629,,,47.0
4,"Krasnaya Vesna, Smolenskaya Oblast', Russia",RS69,54.9758,34.3297,,,67.0
4,"Nerma, Arkhangel'skaya Oblast', Russia",RS06,62.2205,41.3039,,,29.0
4,"Northern Donets, Russia (General), Russia",RS00,47.5833,40.9,,,91.0
4,"Piya, Sverdlovskaya Oblast', Russia",RS71,58.5587,61.2341,,,66.0
4,"Muslyumovo, Chelyabinskaya Oblast', Russia",RS13,55.6133,61.626,,,74.0
4,"Zamostye, Pskovskaya Oblast', Russia",RS60,56.3196,28.6428,,,60.0
4,"Kozinka, Lipetskaya Oblast', Russia",RS43,52.5871,38.5329,,,48.0
4,"Grayvoron, Belgorodskaya Oblast', Russia",RS09,50.4767,35.6773,940.0,0.8970557761515405,31.0
4,"Chistopol, Tatarstan, Russia",RS73,55.3631,50.6424,397.0,0.9986257716414856,16.0
4,"Gora-Podol, Belgorodskaya Oblast', Russia",RS09,50.4739,35.6464,,,31.0
4,"Shipovnik, Rsja, Russia",RSJA,45.2611,148.183,,,65.0
4,"Gayvoron, Saratovskaya Oblast', Russia",RS67,51.8008,44.65,,,64.0
4,"Novopetrovka, Nizhegorodskaya Oblast', Russia",RS51,56.8564,44.8831,,,52.0
4,"Usovo, Krasnoyarskiy Kray, Russia",RS39,58.4744,94.9383,,,24.0
4,"Tuloma, Murmanskaya Oblast', Russia",RS49,68.8164,32.6872,,,51.0
4,"Lavna, Murmanskaya Oblast', Russia",RS49,69.0285,33.0193,,,51.0
4,"Keju, Checheno-Ingushskaya Avtonomnaya Sovetskaya Sotsialistichesk, Russia",RS12,42.895,45.4493,,,20.0
4,"Kozynka, Voronezhskaya Oblast', Russia",RS86,50.3075,40.8742,,,36.0
4,"Mezentsov, Rostovskaya Oblast', Russia",RS61,47.8233,39.4011,,,61.0
4,"Aushiger, Kabardino-Balkariya, Russia",RS22,43.3961,43.7317,,,7.0
4,"Bryukhanov, Rostovskaya Oblast', Russia",RS61,46.6817,41.6553,,,61.0
4,"Dronovka, Lipetskaya Oblast', Russia",RS43,52.2166,38.3912,,,48.0
4,"Aikhal, Sakha (Yakutiya), Russia",RS63,66.0,111.5,,,14.0
4,"Kurkova, Tverskaya Oblast', Russia",RS77,56.1867,34.8126,,,69.0
4,"Sinelnikov, Belgorodskaya Oblast', Russia",RS09,50.2276,38.8371,,,31.0
4,"Ilma, Murmanskaya Oblast', Russia",RS49,67.9,34.6,,,51.0
4,"Bulvar, Tomskaya Oblast', Russia",RS75,59.6551,79.8253,,,70.0
4,"Longari, Sakhalinskaya Oblast', Russia",RS64,50.5286,142.736,,,65.0
4,"Lavrova, Smolenskaya Oblast', Russia",RS69,55.2425,34.7254,,,67.0
4,"Khora, Dagestan, Russia",RS17,42.2603,45.8128,,,5.0
4,"Dubovaya Roshcha, Orenburgskaya Oblast', Russia",RS55,51.8858,53.8537,,,56.0
4,"Bezlyudovka, Kurskaya Oblast', Russia",RS41,51.4,36.7667,,,46.0
4,"Churovichi, Bryanskaya Oblast', Russia",RS10,52.1693,31.9926,,,32.0
4,"Yagodnik, Arkhangel'skaya Oblast', Russia",RS06,64.404,40.8786,,,29.0
4,"Lozovaya Rudka, Belgorodskaya Oblast', Russia",RS09,50.4375,35.9156,,,31.0
4,"Assinovskaya, Chechnya And Ingushetiya, Russia",RSCI,43.2417,45.1819,,,20.0
4,"Kabardia, Kabardino-Balkariya, Russia",RS22,43.6667,43.5,,,7.0
4,"Gora Podol, Belgorodskaya Oblast', Russia",RS09,50.4739,35.6464,,,31.0
4,"Zhitnitsa, Kareliya, Russia",RS28,62.4333,35.5667,,,10.0
4,"Maksimova, Tyumenskaya Oblast', Russia",RS78,58.2667,68.7833,,,72.0
4,"Kosinka, Kirovskaya Oblast', Russia",RS33,58.4349,50.8311,,,43.0
4,"Sladkaya Balka, Rostovskaya Oblast', Russia",RS61,46.42,41.0559,,,61.0
4,"Molchanov, Rostovskaya Oblast', Russia",RS61,47.5436,40.8672,,,61.0
4,"Terezovka, Belgorodskaya Oblast', Russia",RS09,50.4452,37.4041,,,31.0
4,"Bezymeno, Belgorodskaya Oblast', Russia",RS09,50.39,35.7007,,,31.0
4,"Tavolzhanka, Kurganskaya Oblast', Russia",RS40,55.035,64.3389,,,45.0
4,"Karanik, Arkhangel'skaya Oblast', Russia",RS06,62.1461,38.5839,,,29.0
4,"Konni, Khabarovskiy Kray, Russia",RS30,53.07,136.025,,,27.0
4,"Shorma, Russia (General), Russia",RS00,60.3475,47.0614,,,91.0
4,"Teberda, Karachayevo-Cherkesiya, Russia",RS27,43.4457,41.7448,,,9.0
4,"Mokraya Orlovka, Belgorodskaya Oblast', Russia",RS09,50.5165,35.5165,,,31.0
4,"Moskali, Permskiy Kray, Russia",RS90,60.0969,54.9241,,,59.0
4,"Petukhi, Permskiy Kray, Russia",RS90,59.6317,55.7682,,,59.0
4,"Novenkaya, Tverskaya Oblast', Russia",RS77,57.4994,36.0789,,,69.0
4,"Ugor, Kirovskaya Oblast', Russia",RS33,58.0767,49.4642,,,43.0
4,"Keta, Rsja, Russia",RSJA,44.6444,147.119,,,65.0
4,"Dyatkovo, Bryanskaya Oblast', Russia",RS10,53.5978,34.3382,964.0,0.4199804208039613,32.0
4,"Opalikha, Permskiy Kray, Russia",RS90,58.0582,55.1728,,,59.0
4,"Novostroyevka, Bashkortostan, Russia",RS08,53.7737,56.1639,,,2.0
4,"Akhtyr, Krasnodarskiy Kray, Russia",RS38,43.5109,39.9999,,,23.0
4,"Tashka, Permskiy Kray, Russia",RS90,59.4909,54.362,,,59.0
4,"Veselo-Voznesenka, Rostovskaya Oblast', Russia",RS61,47.1454,38.3418,,,61.0
4,"Naukan, Chukotskiy Avtonomnyy Okrug, Russia",RS15,66.0167,-169.717,,,87.0
4,"Gerdauen, Kaliningradskaya Oblast', Russia",RS23,54.3633,21.3057,,,39.0
4,"Gvardeysk, Kaliningradskaya Oblast', Russia",RS23,54.6477,21.0651,1185.0,0.4404929095675567,39.0
4,"Povarovka, Kaliningradskaya Oblast', Russia",RS23,54.8323,20.0119,,,39.0
4,"Maleyevka, Tul'skaya Oblast', Russia",RS76,54.1578,37.6481,,,71.0
4,"As Tina, Leningradskaya Oblast', Russia",RS42,60.3039,34.6001,,,47.0
4,"Dedushka, Tyumenskaya Oblast', Russia",RS78,59.1619,70.25,,,72.0
4,"Uley, Zabaykal'skiy Kray, Russia",RS93,52.6535,117.148,,,75.0
4,"Viga, Kostromskaya Oblast', Russia",RS37,59.0917,43.2917,,,44.0
4,"Sizov, Volgogradskaya Oblast', Russia",RS84,48.1413,42.286,,,34.0
4,"Ambarnaya, Zabaykal'skiy Kray, Russia",RS93,51.4477,112.561,,,75.0
4,"Kutu, Khabarovskiy Kray, Russia",RS30,49.3687,140.03,,,27.0
4,"Norty, Zabaykal'skiy Kray, Russia",RS93,51.1805,109.021,,,75.0
4,"Gogolevka, Irkutskaya Oblast', Russia",RS20,53.1325,105.652,,,38.0
4,"Delinda, Sakha (Yakutiya), Russia",RS63,55.7032,127.479,,,14.0
4,"Kokino, Kirovskaya Oblast', Russia",RS33,58.9824,49.5576,,,43.0
4,"Avata, Irkutskaya Oblast', Russia",RS20,56.0627,100.164,,,38.0
4,"Tuapsinskiy Rayon, Krasnodarskiy Kray, Russia",RS38,44.25,39.0833,662.0,16.873410004297433,23.0
5,"Krasnodarskiy Kray, Krasnodarskiy Kray, Russia",RS38,45.0,40.0,,,23.0
4,"Karakhun, Irkutskaya Oblast', Russia",RS20,55.5885,103.162,,,38.0
4,"Hokuto, Sakhalinskaya Oblast', Russia",RS64,46.5178,150.868,,,65.0
4,"Rybalko, Dagestan, Russia",RS17,43.7832,46.6552,,,5.0
4,"Lodochnoye, Kostromskaya Oblast', Russia",RS37,58.3,46.0833,,,44.0
4,"Knyazhevo, Ivanovskaya Oblast', Russia",RS21,57.1,40.85,,,37.0
4,"Leninskiye Gory, Moskovskaya Oblast', Russia",RS47,55.7,37.5667,1493.0,18.215012791957438,50.0
4,"Zapovednoye, Tul'skaya Oblast', Russia",RS76,53.4296,38.1564,,,71.0
4,"Paiturma, Taymyrskiy (Dolgano-Nenetskiy) Avtonomnyy Okrug, Russia",RS74,71.1167,96.0833,,,24.0
4,"Tumana, Kirovskaya Oblast', Russia",RS33,58.0927,48.5177,,,43.0
4,"Besovets, Kareliya, Russia",RS28,61.8667,34.15,,,10.0
4,"Kudryavtsev, Bryanskaya Oblast', Russia",RS10,52.6106,32.7599,,,32.0
4,"Angoya, Buryatiya, Russia",RS11,56.0167,110.95,,,3.0
4,"Zdravnitsa, Moskovskaya Oblast', Russia",RS47,55.63,37.14,,,50.0
4,"Borisoglebskaya, Murmanskaya Oblast', Russia",RS49,69.6504,30.1442,,,51.0
4,"Zherebtsov, Belgorodskaya Oblast', Russia",RS09,50.0333,38.5825,,,31.0
4,"Elektrik, Ryazanskaya Oblast', Russia",RS62,54.275,38.9922,,,62.0
4,"-Akatsiya, Kemerovskaya Oblast', Russia",RS29,55.7359,85.3634,,,42.0
4,"Gatka, Khabarovskiy Kray, Russia",RS30,48.8833,140.133,,,27.0
4,"Saratovskaya, Krasnodarskiy Kray, Russia",RS38,44.7075,39.2216,,,23.0
4,"Permskaya, Novosibirskaya Oblast', Russia",RS53,55.9333,84.2333,,,54.0
4,"Musina, Bashkortostan, Russia",RS08,54.3892,55.5107,,,2.0
4,"Leningradskaya, Krasnodarskiy Kray, Russia",RS38,46.3214,39.3877,648.0,0.14341441691092743,23.0
4,"Vareniki, Rostovskaya Oblast', Russia",RS61,47.5702,38.3933,,,61.0
4,"Korkin, Krasnoyarskiy Kray, Russia",RS39,56.0847,93.0303,,,24.0
4,"Vyazovoye, Novgorodskaya Oblast', Russia",RS52,58.1294,32.3071,,,53.0
4,"Pertozero, Vologodskaya Oblast', Russia",RS85,61.4989,36.9675,,,35.0
4,"Podgornaya, Kirovskaya Oblast', Russia",RS33,60.7833,47.5,,,43.0
4,"Tivdiya, Kareliya, Russia",RS28,62.5643,33.9577,,,10.0
4,"Vikshitsa, Kareliya, Russia",RS28,62.2403,33.9325,,,10.0
4,"Kavgora, Kareliya, Russia",RS28,62.4145,34.2177,,,10.0
4,"Chupa Bay, Kareliya, Russia",RS28,66.3245,33.5745,,,10.0
4,"Tuekta, Altay, Russia",RS03,50.8391,85.882,,,4.0
4,"Ronja, Checheno-Ingushskaya Avtonomnaya Sovetskaya Sotsialistichesk, Russia",RS12,43.2186,45.5508,,,20.0
4,"Morskaya, Lipetskaya Oblast', Russia",RS43,52.7408,38.5664,,,48.0
4,"Nord On, Severnaya Osetiya-Alaniya, Russia",RS68,42.6928,43.9762,,,15.0
4,"Kutan, Dagestan, Russia",RS17,44.6726,46.6098,,,5.0
4,"Kuppa, Dagestan, Russia",RS17,42.4239,47.1226,,,5.0
4,"Monomakh, Sakha (Yakutiya), Russia",RS63,57.0297,128.224,,,14.0
4,"Bolshak, Ryazanskaya Oblast', Russia",RS62,53.7585,39.5439,,,62.0
4,"Nizhniy Lars, Severnaya Osetiya-Alaniya, Russia",RS68,42.8019,44.6373,,,15.0
4,"Stalina, Rostovskaya Oblast', Russia",RS61,46.5333,41.85,,,61.0
4,"Nikolina Gora, Moskovskaya Oblast', Russia",RS47,55.7343,37.0436,,,50.0
4,"Akki, Chechnya And Ingushetiya, Russia",RSCI,42.8569,45.2397,,,20.0
4,"Rapida, Arkhangel'skaya Oblast', Russia",RS06,63.8542,44.2126,,,29.0
4,"Igra, Udmurtiya, Russia",RS80,57.5549,53.0544,431.0,2.357586650233145,18.0
4,"Abalakova, Krasnoyarskiy Kray, Russia",RS39,58.1107,92.7155,,,24.0
4,"Strativa, Bryanskaya Oblast', Russia",RS10,52.3305,32.6521,,,32.0
4,"Alexandrovka, Voronezhskaya Oblast', Russia",RS86,50.0722,41.0305,,,36.0
4,"Staraya Stanitsa, Rostovskaya Oblast', Russia",RS61,48.3363,40.2959,,,61.0
4,"Nazi No, Ryazanskaya Oblast', Russia",RS62,54.149,40.0463,,,62.0
4,"Chirkin, Voronezhskaya Oblast', Russia",RS86,51.1614,39.8256,,,36.0
4,"Novoselka, Ivanovskaya Oblast', Russia",RS21,56.9515,39.9651,,,37.0
4,"Sungur, Bashkortostan, Russia",RS08,53.721,55.683,,,2.0
4,"Mayya, Sakha (Yakutiya), Russia",RS63,61.7333,130.281,,,14.0
4,"Ardatov, Mordoviya, Russia",RS46,54.8477,46.2388,287.0,0.37566042428919205,13.0
4,"Ruya, Kirovskaya Oblast', Russia",RS33,57.4591,48.0952,,,43.0
4,"Grivy, Arkhangel'skaya Oblast', Russia",RS06,64.3417,41.0338,,,29.0
4,"Rabochiy, Samarskaya Oblast', Russia",RS65,53.4333,52.15,,,63.0
4,"Neski, Voronezhskaya Oblast', Russia",RS86,51.1446,41.16,,,36.0
4,"Osipenko, Kaliningradskaya Oblast', Russia",RS23,54.4014,22.1194,,,39.0
4,"Litvinovo, Pskovskaya Oblast', Russia",RS60,56.4496,28.907,,,60.0
4,"May Sale, Yamalo-Nenetskiy Avtonomnyy Okrug, Russia",RS87,67.4333,77.8667,,,89.0
4,"Zabrama, Bryanskaya Oblast', Russia",RS10,52.1369,32.3014,,,32.0
4,"Brovnichi, Primorskiy Kray, Russia",RS59,43.2944,133.032,,,25.0
4,"Yerokhino, Tverskaya Oblast', Russia",RS77,56.5486,32.1868,,,69.0
4,"Gorba, Komi, Russia",RS34,63.8176,47.7532,,,11.0
4,"Krasnoye Pervoye, Lipetskaya Oblast', Russia",RS43,52.3671,38.3101,,,48.0
4,"Palana, 92, Russia",RS92,59.1167,159.967,617.0,3.8790033508634587,41.0
4,"Pyatnitsa, Leningradskaya Oblast', Russia",RS42,59.1,31.3833,,,47.0
5,"Mordoviya, Mordoviya, Russia",RS46,54.5,44.0,,,13.0
5,"Ingushetiya, Chechnya And Ingushetiya, Russia",RSCI,43.2167,44.7833,,,20.0
4,"Plekhovo, Ivanovskaya Oblast', Russia",RS21,56.803,41.5925,,,37.0
4,"Lonna, Tverskaya Oblast', Russia",RS77,55.7692,32.3024,,,69.0
4,"Krinitsa, Voronezhskaya Oblast', Russia",RS86,50.8817,39.2424,,,36.0
4,"Dudukalov, Rostovskaya Oblast', Russia",RS61,46.5671,40.5396,,,61.0
4,"Kalacheva, Bryanskaya Oblast', Russia",RS10,52.7922,33.3429,,,32.0
4,"Vedernikov, Mariy-El, Russia",RS45,56.5508,49.924,,,12.0
4,"Komari, Orlovskaya Oblast', Russia",RS56,53.2833,36.1167,,,57.0
4,"Komarova, Khanty-Mansiyskiy Avtonomnyy Okrug, Russia",RS32,60.8,75.8,,,86.0
4,"Vezelka, Belgorodskaya Oblast', Russia",RS09,50.5859,36.6062,,,31.0
4,"Novomikhaylovka, Amurskaya Oblast', Russia",RS05,50.2243,129.491,,,28.0
4,"Kudrinskaya, Kaluzhskaya Oblast', Russia",RS25,54.2505,35.5503,,,40.0
4,"Andreapol, Tverskaya Oblast', Russia",RS77,56.6513,32.2664,2110.0,0.504603711783151,69.0
4,"Akta, Zabaykal'skiy Kray, Russia",RS93,51.3823,111.51,,,75.0
4,"Aksel, Nizhegorodskaya Oblast', Russia",RS51,54.8259,43.8481,,,52.0
4,"Chernousov, Rostovskaya Oblast', Russia",RS61,48.7126,40.7195,,,61.0
4,"Luzhki, Nizhegorodskaya Oblast', Russia",RS51,56.4167,44.0833,,,52.0
4,"Sinyaya, Tverskaya Oblast', Russia",RS77,56.1394,34.9137,,,69.0
4,"Kyrbykan, Sakha (Yakutiya), Russia",RS63,60.1,127.3,,,14.0
4,"Munduruchchu, Sakha (Yakutiya), Russia",RS63,60.0619,129.027,,,14.0
4,"Ak-Tobe, Astrakhanskaya Oblast', Russia",RS07,46.4137,48.4442,,,30.0
4,"Zelenogradsk, Kaliningradskaya Oblast', Russia",RS23,54.9589,20.4767,1188.0,0.16580277488970946,39.0
4,"Chemal, Altay, Russia",RS03,51.4111,86.005,18.0,0.5084770855890062,4.0
4,"Koleso, Kurganskaya Oblast', Russia",RS40,54.9833,64.9833,,,45.0
4,"Kuprin, Tul'skaya Oblast', Russia",RS76,53.51,38.1995,,,71.0
4,"Nugal, Irkutskaya Oblast', Russia",RS20,53.7667,102.533,,,38.0
4,"Sinelnikovskiy, Novosibirskaya Oblast', Russia",RS53,54.7603,80.9858,,,54.0
4,"Glushkovka, Belgorodskaya Oblast', Russia",RS09,51.0936,38.1844,,,31.0
4,"Podporozhye, Krasnoyarskiy Kray, Russia",RS39,57.5281,93.3016,,,24.0
4,"Talagi, Arkhangel'skaya Oblast', Russia",RS06,64.615,40.6283,,,29.0
4,"Ulita, Murmanskaya Oblast', Russia",RS49,68.6926,32.0978,,,51.0
4,"Krylatskoye, Moskva, Russia",RS48,55.7607,37.4405,,,50.0
4,"Mayrtup, Chechnya And Ingushetiya, Russia",RSCI,43.2035,46.1321,,,20.0
4,"Engelsa, Krasnodarskiy Kray, Russia",RS38,45.1228,40.85,,,23.0
4,"Sosnovo, Novgorodskaya Oblast', Russia",RS52,57.3833,30.8667,,,53.0
4,"Rovnoye, Leningradskaya Oblast', Russia",RS42,61.1333,29.8667,,,47.0
4,"Nyam, Murmanskaya Oblast', Russia",RS49,66.9611,31.4507,,,51.0
4,"Berestyanka, Nizhegorodskaya Oblast', Russia",RS51,57.9481,46.369,,,52.0
4,"Tsentral, Voronezhskaya Oblast', Russia",RS86,50.9162,41.364,,,36.0
4,"Yuryevka, Krasnoyarskiy Kray, Russia",RS39,56.3153,89.3256,,,24.0
4,"Razdory, Volgogradskaya Oblast', Russia",RS84,50.2079,43.65,,,34.0
4,"Timoshkino, Novgorodskaya Oblast', Russia",RS52,58.2,33.5333,,,53.0
4,"Nikolo-Uryupino, Moskovskaya Oblast', Russia",RS47,55.8038,37.2079,,,50.0
4,"Ilinskii, Primorskiy Kray, Russia",RS59,45.8667,133.5,,,25.0
4,"Penkovo, Kirovskaya Oblast', Russia",RS33,58.1298,49.5387,,,43.0
4,"Ilyinskoye, Buryatiya, Russia",RS11,50.5,103.083,,,3.0
4,"Sovetskaya Gavan, Khabarovskiy Kray, Russia",RS30,49.058,140.249,856.0,10.528143319399488,27.0
4,"Kezmino, Ul'yanovskaya Oblast', Russia",RS81,54.452,47.2451,,,73.0
4,"Romashkovo, Yaroslavskaya Oblast', Russia",RS88,57.9066,38.8333,,,76.0
4,"Funkovo, Tul'skaya Oblast', Russia",RS76,54.363,37.7326,,,71.0
4,"Krasnogorskiy, Chelyabinskaya Oblast', Russia",RS13,53.4,59.7667,,,74.0
4,"Sifon, Sakhalinskaya Oblast', Russia",RS64,50.8825,143.562,,,65.0
4,"Uspenskoe, Sakhalinskaya Oblast', Russia",RS64,46.8515,142.579,,,65.0
4,"Usovka, Penzenskaya Oblast', Russia",RS57,53.7532,45.9322,,,58.0
4,"Kolosovo, Moskovskaya Oblast', Russia",RS47,56.35,36.5167,,,50.0
4,"Golubaya, Amurskaya Oblast', Russia",RS05,51.7862,127.969,,,28.0
4,"Kalyazin, Tverskaya Oblast', Russia",RS77,57.2403,37.8433,2120.0,0.17200806032586705,69.0
4,"Ilinki, Nizhegorodskaya Oblast', Russia",RS51,57.5754,46.3537,,,52.0
4,"Goryushko, Sakhalinskaya Oblast', Russia",RS64,46.2001,150.292,,,65.0
4,"Tagil, Tatarstan, Russia",RS73,56.0,51.5,,,16.0
4,"Elkon, Sakha (Yakutiya), Russia",RS63,58.7833,126.167,,,14.0
4,"Ashinskiy, Bashkortostan, Russia",RS08,55.0037,57.1858,2293.0,6.0541491654211805,2.0
4,"Ilinskoye, Moskovskaya Oblast', Russia",RS47,55.2431,35.9717,,,50.0
4,"Albazin, Amurskaya Oblast', Russia",RS05,53.3833,124.083,,,28.0
4,"Ozereyevka, Krasnodarskiy Kray, Russia",RS38,44.6708,37.6312,,,23.0
4,"Slobodskaya, Tul'skaya Oblast', Russia",RS76,53.1599,38.4993,,,71.0
4,"Khalilova, Orenburgskaya Oblast', Russia",RS55,51.399,58.1238,,,56.0
4,"Shchepkino, Rostovskaya Oblast', Russia",RS61,47.3767,39.7908,,,61.0
4,"Dubova, Kareliya, Russia",RS28,61.7667,37.7333,,,10.0
4,"Molodova, Irkutskaya Oblast', Russia",RS20,52.05,104.633,,,38.0
4,"Ozersk, Chelyabinskaya Oblast', Russia",RS13,55.7594,60.7028,2283.0,0.18605831819889923,74.0
4,"Trekhgorny, Orenburgskaya Oblast', Russia",RS55,53.0833,52.95,,,56.0
4,"Kytlym, Sverdlovskaya Oblast', Russia",RS71,59.4996,59.202,,,66.0
4,"South Channel, Sankt-Peterburg, Russia",RS66,60.0214,29.4719,,,47.0
4,"North Channel, Khabarovskiy Kray, Russia",RS30,53.1333,141.5,,,27.0
4,"Bolba, Khabarovskiy Kray, Russia",RS30,51.4667,139.483,,,27.0
4,"Severskaya, Krasnodarskiy Kray, Russia",RS38,44.8541,38.6769,655.0,0.12259476619973439,23.0
4,"Puschkin, Sankt-Peterburg, Russia",RS66,59.7228,30.4142,,,47.0
4,"Malanta, Khabarovskiy Kray, Russia",RS30,51.0503,136.65,,,27.0
4,"Sinelnikovo, Saratovskaya Oblast', Russia",RS67,51.9374,44.74,,,64.0
4,"Zhuravlevka, Novosibirskaya Oblast', Russia",RS53,55.7333,80.3667,,,54.0
4,"Meshkovo, Astrakhanskaya Oblast', Russia",RS07,46.3692,48.653,,,30.0
4,"Stadnikov, Belgorodskaya Oblast', Russia",RS09,50.4762,37.4126,,,31.0
4,"Kara-Kol, Tomskaya Oblast', Russia",RS75,57.2582,85.903,,,70.0
4,"Prudboy, Volgogradskaya Oblast', Russia",RS84,48.6888,43.9137,,,34.0
4,"Garabashi, Kabardino-Balkariya, Russia",RS22,43.2536,42.5131,,,7.0
4,"Nadezhdin, Volgogradskaya Oblast', Russia",RS84,48.8306,45.2083,,,34.0
4,"Lastochkino, Novgorodskaya Oblast', Russia",RS52,58.9658,33.3606,,,53.0
4,"Salvation Point, Khabarovskiy Kray, Russia",RS30,51.4667,140.783,,,27.0
4,"Oreshki, Smolenskaya Oblast', Russia",RS69,55.161,34.0064,,,67.0
4,"Kasymov, Tatarstan, Russia",RS73,56.0729,49.2665,,,16.0
4,"Molka, Irkutskaya Oblast', Russia",RS20,54.5,103.267,,,38.0
4,"Zaton, Sakha (Yakutiya), Russia",RS63,68.7833,134.417,,,14.0
4,"Uusikyla, Vologodskaya Oblast', Russia",RS85,60.9,36.7667,,,35.0
4,"Karasuk, Altayskiy Kray, Russia",RS04,52.3856,85.5917,,,22.0
4,"Ala-Kul, Kurganskaya Oblast', Russia",RS40,55.2095,62.513,,,45.0
4,"Gorkoye, Altayskiy Kray, Russia",RS04,51.1789,80.2682,,,22.0
4,"Yakshina, Vologodskaya Oblast', Russia",RS85,60.8191,37.359,,,35.0
4,"Novoselovskoye, Krasnoyarskiy Kray, Russia",RS39,56.8233,90.6698,,,24.0
4,"Shemyakino, Kostromskaya Oblast', Russia",RS37,57.8494,40.6628,,,44.0
4,"Shilda, Orenburgskaya Oblast', Russia",RS55,51.8143,59.7744,,,56.0
4,"Pletnevka, Penzenskaya Oblast', Russia",RS57,53.8578,44.6821,,,58.0
4,"Pletenevka, Kaluzhskaya Oblast', Russia",RS25,54.5226,36.0968,,,40.0
4,"Keda, Yaroslavskaya Oblast', Russia",RS88,57.4135,39.0891,,,76.0
4,"Dzhubga, Krasnodarskiy Kray, Russia",RS38,44.3211,38.7073,,,23.0
4,"Kovylkino, Mordoviya, Russia",RS46,54.0388,43.9139,298.0,0.6694767684017642,13.0
4,"Novoaleksandrovka, Volgogradskaya Oblast', Russia",RS84,49.8,44.8167,,,34.0
4,"Altun, Pskovskaya Oblast', Russia",RS60,57.05,29.15,,,60.0
4,"Kagas, Chuvashiya, Russia",RS16,55.8418,46.8928,,,21.0
4,"Khrulev, Kurskaya Oblast', Russia",RS41,52.1716,35.094,,,46.0
4,"Maslova Pristan, Belgorodskaya Oblast', Russia",RS09,50.4587,36.7408,,,31.0
4,"Peresna, Smolenskaya Oblast', Russia",RS69,54.5205,32.4085,,,67.0
4,"Novaya Pogoshch, Bryanskaya Oblast', Russia",RS10,52.336,33.8993,,,32.0
4,"Divasy, Smolenskaya Oblast', Russia",RS69,54.8577,31.9774,,,67.0
4,"Volokonovka, Belgorodskaya Oblast', Russia",RS09,51.0509,37.8603,,,31.0
4,"Tishanka, Saratovskaya Oblast', Russia",RS67,51.8,47.2667,,,64.0
4,"Kostromskoy, Novosibirskaya Oblast', Russia",RS53,55.1333,83.9833,,,54.0
4,"Shuka, Buryatiya, Russia",RS11,55.65,111.55,,,3.0
4,"Narzan, 92, Russia",RS92,55.9931,162.038,,,41.0
4,"Syra, Permskiy Kray, Russia",RS90,56.9644,57.5633,,,59.0
4,"Sobolevka, Krasnodarskiy Kray, Russia",RS38,43.594,39.7341,,,23.0
4,"Korocha, Belgorodskaya Oblast', Russia",RS09,50.8132,37.186,942.0,0.7093616448846058,31.0
4,"Batratskaya Dacha, Belgorodskaya Oblast', Russia",RS09,50.5683,36.8266,,,31.0
4,"Melikhovo, Moskovskaya Oblast', Russia",RS47,55.0533,37.8069,,,50.0
4,"Neklyudovo, Moskovskaya Oblast', Russia",RS47,55.9383,36.1516,,,50.0
4,"Dmitrovka, Tverskaya Oblast', Russia",RS77,57.3769,37.2905,,,69.0
4,"Verigovka, Belgorodskaya Oblast', Russia",RS09,50.1976,37.6446,,,31.0
4,"Praski, Pskovskaya Oblast', Russia",RS60,56.2692,28.5519,,,60.0
4,"Kreyda, Belgorodskaya Oblast', Russia",RS09,50.5783,36.6454,,,31.0
4,"Desnyanskiy, Bryanskaya Oblast', Russia",RS10,52.8742,33.9405,,,32.0
4,"Put China, Kurskaya Oblast', Russia",RS41,52.166,35.7043,,,46.0
4,"Kena, Khabarovskiy Kray, Russia",RS30,49.9244,133.346,,,27.0
4,"Makkara, Leningradskaya Oblast', Russia",RS42,60.6333,30.3833,,,47.0
4,"Domashka, Samarskaya Oblast', Russia",RS65,52.9841,50.7748,,,63.0
4,"Barinovka, Samarskaya Oblast', Russia",RS65,52.918,50.8278,,,63.0
4,"Nuzha, Mariy-El, Russia",RS45,56.7793,46.4928,,,12.0
4,"Luizina, Leningradskaya Oblast', Russia",RS42,59.6772,28.8089,,,47.0
4,"Kuzmino, Moskovskaya Oblast', Russia",RS47,56.6,37.9167,,,50.0
4,"Onopriyenko, Orenburgskaya Oblast', Russia",RS55,51.6334,57.7598,,,56.0
4,"Svecha, Kirovskaya Oblast', Russia",RS33,58.2785,47.5164,1292.0,0.28048594513872155,43.0
4,"Ubya, Russia (General), Russia",RS00,51.4256,38.1478,,,91.0
4,"Retsu, Kareliya, Russia",RS28,61.6833,32.0167,,,10.0
4,"Pushkinskaya, Bryanskaya Oblast', Russia",RS10,52.8825,33.8239,,,32.0
4,"Kanal Griboyedova, Sankt-Peterburg, Russia",RS66,59.9211,30.2992,,,47.0
4,"Moskvoretskaya, Moskovskaya Oblast', Russia",RS47,55.2701,38.7445,,,50.0
4,"Techa, Chelyabinskaya Oblast', Russia",RS13,55.7594,60.7028,,,74.0
4,"Zaikina, Orlovskaya Oblast', Russia",RS56,53.1908,35.6241,,,57.0
4,"Tafta, Khabarovskiy Kray, Russia",RS30,53.1275,139.843,,,27.0
4,"Chibit, Altay, Russia",RS03,50.3167,87.5167,,,4.0
4,"Shibir, Buryatiya, Russia",RS11,52.1,109.012,,,3.0
4,"Baranovskiy, Permskiy Kray, Russia",RS90,59.9088,56.3967,,,59.0
4,"Veshalovka, Lipetskaya Oblast', Russia",RS43,52.7571,39.2898,,,48.0
4,"Gus-Zhelezny, Ryazanskaya Oblast', Russia",RS62,55.0581,41.1656,,,62.0
4,"Burlakova, Kemerovskaya Oblast', Russia",RS29,54.1514,86.6944,,,42.0
4,"Chukcha, Irkutskaya Oblast', Russia",RS20,58.2469,112.924,,,38.0
4,"Slobodishche, Smolenskaya Oblast', Russia",RS69,53.8092,32.8078,,,67.0
4,"Russkiye, Kirovskaya Oblast', Russia",RS33,58.1541,49.5175,,,43.0
4,"Machar, Dagestan, Russia",RS17,42.2058,46.335,,,5.0
4,"Tumat, Sakha (Yakutiya), Russia",RS63,70.7333,139.233,,,14.0
4,"Tanagra, Amurskaya Oblast', Russia",RS05,54.4473,128.432,,,28.0
4,"Moyan, Permskiy Kray, Russia",RS90,59.5615,56.1203,,,59.0
4,"Monzino, Sverdlovskaya Oblast', Russia",RS71,57.8036,60.0322,,,66.0
4,"Zabelovka, Yevreyskaya Avtonomnaya Oblast', Russia",RS89,48.4039,134.167,,,79.0
4,"Pyramidhill, Primorskiy Kray, Russia",RS59,43.4167,134.95,,,25.0
4,"Five Mountains, Stavropol'skiy Kray, Russia",RS70,44.0486,43.0594,,,26.0
4,"Lashino, Kirovskaya Oblast', Russia",RS33,58.258,49.9453,,,43.0
4,"Ivashka, 92, Russia",RS92,58.565,162.297,,,41.0
4,"Enisei, Russia (General), Russia",RS00,71.8333,82.6667,,,91.0
4,"Zhizdra, Kaluzhskaya Oblast', Russia",RS25,53.746,34.7395,1205.0,0.39201790662943536,40.0
4,"Duminichi, Kaluzhskaya Oblast', Russia",RS25,53.9176,35.0978,1204.0,1.8268305039637842,40.0
4,"Mezhgorye, Primorskiy Kray, Russia",RS59,45.47,133.41,,,25.0
4,"Rudev, Krasnodarskiy Kray, Russia",RS38,44.4581,41.2179,,,23.0
4,"Serebryanny Bor, Moskva, Russia",RS48,55.7806,37.4407,,,50.0
4,"Dyakovo, Tverskaya Oblast', Russia",RS77,57.43,37.5745,,,69.0
4,"Kuchkovo, Tverskaya Oblast', Russia",RS77,56.6387,35.2508,,,69.0
4,"Strogino, Moskva, Russia",RS48,55.8184,37.4122,,,50.0
4,"Smaznevo, Altayskiy Kray, Russia",RS04,53.8408,85.2022,,,22.0
4,"Zaretskaya, Vologodskaya Oblast', Russia",RS85,60.0558,36.8765,,,35.0
4,"Siverskiy, Leningradskaya Oblast', Russia",RS42,59.3544,30.0783,,,47.0
4,"Rykovo, Yaroslavskaya Oblast', Russia",RS88,57.3611,40.0248,,,76.0
4,"Pillau, Kaliningradskaya Oblast', Russia",RS23,54.6538,19.911,,,39.0
4,"Bryanka, Krasnoyarskiy Kray, Russia",RS39,59.1144,93.4706,,,24.0
4,"Mitcha, Magadanskaya Oblast', Russia",RS44,61.15,154.817,,,49.0
4,"Mukhametova, Chelyabinskaya Oblast', Russia",RS13,55.4092,60.2686,,,74.0
4,"Psyak, Tatarstan, Russia",RS73,56.1366,50.9517,,,16.0
4,"Toguna, Altay, Russia",RS03,52.1167,87.8,,,4.0
4,"Hooker Island, Arkhangel'skaya Oblast', Russia",RS06,80.2294,53.0181,,,29.0
4,"Golikova, Irkutskaya Oblast', Russia",RS20,56.2406,104.019,,,38.0
4,"Mangushevo, Nizhegorodskaya Oblast', Russia",RS51,55.2758,45.4096,,,52.0
4,"Kirovets, Volgogradskaya Oblast', Russia",RS84,48.761,44.7276,,,34.0
4,"Moses Island, Arkhangel'skaya Oblast', Russia",RS06,64.5667,40.5167,,,29.0
4,"Chesma, Chelyabinskaya Oblast', Russia",RS13,53.8111,60.6533,2317.0,0.22862364163335674,74.0
4,"Krish Or, Komi, Russia",RS34,60.1199,49.4853,,,11.0
4,"Fort Konstantin, Leningradskaya Oblast', Russia",RS42,59.9833,29.7,,,47.0
4,"Morskoye, Pskovskaya Oblast', Russia",RS60,56.1612,28.382,,,60.0
4,"Khitrova, Smolenskaya Oblast', Russia",RS69,55.3225,33.5992,,,67.0
4,"Yaran, Kirovskaya Oblast', Russia",RS33,57.7068,51.4764,,,43.0
4,"Leninskiy, Bashkortostan, Russia",RS08,54.35,54.7333,,,2.0
4,"Solntsevka, Omskaya Oblast', Russia",RS54,54.9888,71.2921,,,55.0
4,"Ostanina, Orlovskaya Oblast', Russia",RS56,52.8743,35.708,,,57.0
4,"Tsatsa, Volgogradskaya Oblast', Russia",RS84,48.1966,44.678,,,34.0
4,"Chunya, Altay, Russia",RS03,52.0956,87.507,,,4.0
4,"Priozersk, Leningradskaya Oblast', Russia",RS42,61.0393,30.1291,1405.0,0.24447255381595684,47.0
4,"Kashata, Kirovskaya Oblast', Russia",RS33,59.4167,50.6,,,43.0
4,"Leontyev, Chelyabinskaya Oblast', Russia",RS13,54.6,61.35,,,74.0
4,"Grushin, Volgogradskaya Oblast', Russia",RS84,49.6994,42.8366,,,34.0
4,"Zorki, Samarskaya Oblast', Russia",RS65,53.9947,50.6476,,,63.0
4,"Laryak, Khanty-Mansiyskiy Avtonomnyy Okrug, Russia",RS32,61.1008,80.2514,,,86.0
4,"Kotlyarov, Belgorodskaya Oblast', Russia",RS09,50.5636,38.4339,,,31.0
4,"Pitka Point, Leningradskaya Oblast', Russia",RS42,60.263,28.6954,,,47.0
4,"Kakovka, Novgorodskaya Oblast', Russia",RS52,57.2914,31.5846,,,53.0
4,"Moskvina, Permskiy Kray, Russia",RS90,58.4667,55.6333,,,59.0
4,"Belozerov, Belgorodskaya Oblast', Russia",RS09,50.4201,38.7784,,,31.0
4,"Krasnoy, Sakhalinskaya Oblast', Russia",RS64,50.7667,142.183,,,65.0
4,"Osya, Ivanovskaya Oblast', Russia",RS21,57.395,41.2658,,,37.0
4,"Olenya Bay, Murmanskaya Oblast', Russia",RS49,69.2216,33.3775,,,51.0
4,"Myka, Komi, Russia",RS34,63.4,47.8833,,,11.0
4,"Kononov, Rostovskaya Oblast', Russia",RS61,48.4193,40.9362,,,61.0
4,"Golyany, Permskiy Kray, Russia",RS90,57.5849,54.9462,,,59.0
4,"Petas, Ryazanskaya Oblast', Russia",RS62,54.6194,41.5805,,,62.0
4,"Arestanka, Permskiy Kray, Russia",RS90,56.8167,56.1667,,,59.0
4,"Peschanovka, Samarskaya Oblast', Russia",RS65,53.624,50.5772,,,63.0
4,"Krynki, Kaluzhskaya Oblast', Russia",RS25,53.8137,34.3082,,,40.0
4,"Kokhany, Samarskaya Oblast', Russia",RS65,53.3115,51.6852,,,63.0
4,"Nikitinskoye, Novgorodskaya Oblast', Russia",RS52,58.7788,35.457,,,53.0
4,"Utrenniy, Amurskaya Oblast', Russia",RS05,54.3,127.167,,,28.0
4,"Sutki, Smolenskaya Oblast', Russia",RS69,55.0728,33.1028,,,67.0
4,"Bukalov, Krasnoyarskiy Kray, Russia",RS39,55.0404,95.4458,,,24.0
4,"Polyarnaya Zvezda, Chuvashiya, Russia",RS16,55.6512,46.3678,,,21.0
4,"Solontsy, Bashkortostan, Russia",RS08,54.25,56.8667,,,2.0
4,"Surkovo, Vologodskaya Oblast', Russia",RS85,58.9464,38.2401,,,35.0
4,"Gordyushkin, Belgorodskaya Oblast', Russia",RS09,50.4615,37.3139,,,31.0
4,"Karabanovo, Chelyabinskaya Oblast', Russia",RS13,54.3403,61.3857,,,74.0
4,"Savinovo, Omskaya Oblast', Russia",RS54,57.1701,71.7619,,,55.0
4,"Namsi, Primorskiy Kray, Russia",RS59,45.19,134.93,,,25.0
4,"Zapadno, Rostovskaya Oblast', Russia",RS61,47.7897,39.8753,,,61.0
4,"Serebryakov, Rostovskaya Oblast', Russia",RS61,46.9117,38.9983,,,61.0
4,"Telegin, Krasnodarskiy Kray, Russia",RS38,45.2768,38.2451,,,23.0
4,"Ulity, Permskiy Kray, Russia",RS90,58.1833,56.0274,,,59.0
4,"Dobrovolye, Smolenskaya Oblast', Russia",RS69,55.4592,32.9294,,,67.0
4,"Kokovka, Novgorodskaya Oblast', Russia",RS52,57.2914,31.5846,,,53.0
4,"Igrushka, Novosibirskaya Oblast', Russia",RS53,55.7169,83.8336,,,54.0
4,"Popovo-Lezhachi, Kurskaya Oblast', Russia",RS41,51.3009,34.3387,,,46.0
4,"Lanino, Tverskaya Oblast', Russia",RS77,56.8987,33.2499,,,69.0
4,"Rubas, Dagestan, Russia",RS17,41.8918,48.3259,,,5.0
4,"Bronnitsy, Novgorodskaya Oblast', Russia",RS52,58.448,31.6734,,,53.0
4,"Plotina, Sverdlovskaya Oblast', Russia",RS71,57.3695,60.5925,,,66.0
4,"Divovo, Ryazanskaya Oblast', Russia",RS62,54.8205,39.4478,,,62.0
4,"Ligovo, Leningradskaya Oblast', Russia",RS42,60.2242,31.7989,,,47.0
4,"Chukhlinka, Moskva, Russia",RS48,55.7333,37.7667,,,50.0
4,"Yasenevo, Voronezhskaya Oblast', Russia",RS86,50.8021,39.4029,,,36.0
4,"Sarisuki, Primorskiy Kray, Russia",RS59,45.9667,133.767,,,25.0
4,"Rybkhoz, Tul'skaya Oblast', Russia",RS76,53.8948,38.4217,,,71.0
4,"Dubnyak, Yaroslavskaya Oblast', Russia",RS88,58.0354,40.434,,,76.0
4,"Nurin, Buryatiya, Russia",RS11,50.4375,103.588,,,3.0
4,"Malaya Muksalma, Arkhangel'skaya Oblast', Russia",RS06,65.0133,36.0051,,,29.0
4,"Veselye, Orenburgskaya Oblast', Russia",RS55,52.2,53.5,,,56.0
4,"Vondel, Yaroslavskaya Oblast', Russia",RS88,57.5802,39.6688,,,76.0
4,"Cherdyn, Krasnoyarskiy Kray, Russia",RS39,55.87,90.3222,,,24.0
4,"Ipat, Komi, Russia",RS34,66.1955,56.6031,,,11.0
4,"Porechye, Moskovskaya Oblast', Russia",RS47,55.6194,36.5111,,,50.0
4,"Chekhovo, Smolenskaya Oblast', Russia",RS69,55.1681,34.7501,,,67.0
4,"Zubova, Smolenskaya Oblast', Russia",RS69,54.4111,33.4347,,,67.0
4,"Batagay, Sakha (Yakutiya), Russia",RS63,70.7167,139.75,,,14.0
4,"Khazna, Severnaya Osetiya-Alaniya, Russia",RS68,43.2561,43.7962,,,15.0
4,"Shumikha, Sverdlovskaya Oblast', Russia",RS71,58.8093,59.3677,,,66.0
4,"Maksyutovka, Bashkortostan, Russia",RS08,54.1009,54.3031,,,2.0
4,"Subar, Kirovskaya Oblast', Russia",RS33,59.2195,47.9171,,,43.0
4,"Zalog, Irkutskaya Oblast', Russia",RS20,53.9381,106.382,,,38.0
4,"-Utva, Permskiy Kray, Russia",RS90,60.4412,53.198,,,59.0
4,"Bazhenova, 92, Russia",RS92,55.3972,161.735,,,41.0
4,"Shelabolikha, Altayskiy Kray, Russia",RS04,53.4131,82.6167,557.0,1.3811849070259044,22.0
4,"Sysert, Sverdlovskaya Oblast', Russia",RS71,56.4412,60.3156,,,66.0
4,"Mochalova, Vladimirskaya Oblast', Russia",RS83,55.6967,40.2859,,,33.0
4,"Starya, Irkutskaya Oblast', Russia",RS20,55.2307,104.027,,,38.0
4,"Bokke, Rsja, Russia",RSJA,43.9,145.667,,,65.0
4,"Chalyy, Sakha (Yakutiya), Russia",RS63,67.6333,130.833,,,14.0
4,"Sollau, Kaliningradskaya Oblast', Russia",RS23,54.4869,20.5056,,,39.0
4,"Kupino, Belgorodskaya Oblast', Russia",RS09,50.5266,37.0175,,,31.0
4,"Zdvinsk, Novosibirskaya Oblast', Russia",RS53,54.7021,78.6611,1607.0,0.46614044137049576,54.0
4,"Neva Bay, Sankt-Peterburg, Russia",RS66,59.9455,29.9163,,,47.0
4,"Monogarovo, Orlovskaya Oblast', Russia",RS56,52.4651,37.5193,,,57.0
4,"Bolshoy Kinel, Russia (General), Russia",RS00,53.2371,50.536,,,91.0
4,"Buguruslan, Orenburgskaya Oblast', Russia",RS55,53.6554,52.442,1667.0,0.5996721168034596,56.0
4,"Bugulma-Belebey Upland, Tatarstan, Russia",RS73,54.9,52.7,,,16.0
4,"Nazyvayevsk, Omskaya Oblast', Russia",RS54,55.5697,71.3529,1647.0,0.5785739123963575,55.0
4,"Tyulyu, Khabarovskiy Kray, Russia",RS30,51.1744,137.595,,,27.0
4,"Staraya, Irkutskaya Oblast', Russia",RS20,53.0306,103.485,,,38.0
4,"Olonets, Kareliya, Russia",RS28,60.9847,32.9698,216.0,0.6637386136045492,10.0
4,"Lodeynoye, Arkhangel'skaya Oblast', Russia",RS06,61.2546,41.3765,,,29.0
4,"Lodeynoye Pole, Leningradskaya Oblast', Russia",RS42,60.726,33.5531,1401.0,0.9678070465697981,47.0
4,"Ayra, Irkutskaya Oblast', Russia",RS20,54.4833,99.2,,,38.0
4,"Kheyma, Pskovskaya Oblast', Russia",RS60,58.4972,28.7738,,,60.0
4,"Pashina, Tverskaya Oblast', Russia",RS77,56.7991,34.4743,,,69.0
4,"Storozhevoy, Yevreyskaya Avtonomnaya Oblast', Russia",RS89,48.7833,130.617,,,79.0
4,"Moskovo, Bashkortostan, Russia",RS08,53.9789,59.105,,,2.0
4,"Moydodyr, Magadanskaya Oblast', Russia",RS44,63.15,154.25,,,49.0
4,"Krinki, Kostromskaya Oblast', Russia",RS37,58.3009,41.5367,,,44.0
4,"Voronova, Pskovskaya Oblast', Russia",RS60,56.4167,30.9167,,,60.0
4,"Melkozerova, Tyumenskaya Oblast', Russia",RS78,56.1147,68.3264,,,72.0
4,"Rozovka, Stavropol'skiy Kray, Russia",RS70,44.4439,43.1372,,,26.0
4,"Yakovleva, Krasnoyarskiy Kray, Russia",RS39,57.3399,94.7826,,,24.0
4,"Orekhova, Udmurtiya, Russia",RS80,56.0667,53.6167,,,18.0
4,"Yalutorovsk, Tyumenskaya Oblast', Russia",RS78,56.6536,66.3006,2214.0,0.562209333849806,72.0
4,"Sibirien, Russia (General), Russia",RS00,60.0,100.0,,,91.0
4,"Vrangel, Primorskiy Kray, Russia",RS59,42.7297,133.084,,,25.0
4,"Stepovoy, Kurskaya Oblast', Russia",RS41,51.9322,35.6675,,,46.0
4,"Prechistenka, Orenburgskaya Oblast', Russia",RS55,51.9455,55.8113,,,56.0
4,"Sigou, Primorskiy Kray, Russia",RS59,46.6,135.417,,,25.0
4,"Lobkova, Irkutskaya Oblast', Russia",RS20,54.3423,101.265,,,38.0
4,"Valy, Samarskaya Oblast', Russia",RS65,53.3252,49.405,,,63.0
4,"Kharlovka, Murmanskaya Oblast', Russia",RS49,68.7787,37.3254,,,51.0
4,"Tarakany, Kirovskaya Oblast', Russia",RS33,57.765,50.2194,,,43.0
4,"Strelkovka, Kaluzhskaya Oblast', Russia",RS25,54.9992,36.7264,,,40.0
4,"Matai, Khabarovskiy Kray, Russia",RS30,47.7829,135.594,,,27.0
4,"Sinegorye, Komi, Russia",RS34,65.4486,51.9811,,,11.0
4,"Koshevoy, Sakhalinskaya Oblast', Russia",RS64,49.6167,142.85,,,65.0
4,"Olshany, Orlovskaya Oblast', Russia",RS56,52.8486,35.9472,,,57.0
4,"Sharap, Kemerovskaya Oblast', Russia",RS29,53.9102,86.901,,,42.0
4,"Aleksandrova, Permskiy Kray, Russia",RS90,59.0437,54.3369,,,59.0
4,"Makarovka, Khabarovskiy Kray, Russia",RS30,53.2175,141.414,,,27.0
4,"Kalyayevo, Kaluzhskaya Oblast', Russia",RS25,55.1203,35.8456,,,40.0
4,"Shapsha, Nizhegorodskaya Oblast', Russia",RS51,57.074,45.9676,,,52.0
4,"Senteg, Udmurtiya, Russia",RS80,56.966,52.872,,,18.0
4,"Lobkovo, Vologodskaya Oblast', Russia",RS85,59.1167,40.4167,,,35.0
4,"Persianovka, Rostovskaya Oblast', Russia",RS61,47.5297,39.4183,,,61.0
4,"Achkhoi-Martan, Chechnya And Ingushetiya, Russia",RSCI,43.19,45.2837,463.0,0.45028506184270306,20.0
4,"Pleso, Permskiy Kray, Russia",RS90,58.1768,57.2993,,,59.0
4,"Storozhevo, Yaroslavskaya Oblast', Russia",RS88,58.2342,37.864,,,76.0
4,"Tamisk, Severnaya Osetiya-Alaniya, Russia",RS68,42.9611,44.2084,,,15.0
4,"Northeast Harbor, Khabarovskiy Kray, Russia",RS30,55.1667,135.833,,,27.0
4,"Churum, Komi, Russia",RS34,63.0151,47.8825,,,11.0
4,"Ulitsa, Bryanskaya Oblast', Russia",RS10,52.2487,33.9573,,,32.0
4,"Sadovoye, Volgogradskaya Oblast', Russia",RS84,47.8433,44.3292,188.0,16.31736256136535,34.0
4,"Nevs In, Zabaykal'skiy Kray, Russia",RS93,54.6548,120.671,,,75.0
4,"Zaporozhskiy, Sakhalinskaya Oblast', Russia",RS64,47.7667,142.15,,,65.0
4,"Pervoye, Smolenskaya Oblast', Russia",RS69,55.1928,32.1342,,,67.0
4,"Lukyanovskoye, Omskaya Oblast', Russia",RS54,54.3143,73.0591,,,55.0
4,"Razgon, Irkutskaya Oblast', Russia",RS20,55.716,98.3896,,,38.0
4,"Privet, Samarskaya Oblast', Russia",RS65,53.3192,51.0736,,,63.0
4,"Otrada, Moskovskaya Oblast', Russia",RS47,55.7,37.4333,,,50.0
4,"Beloyarskaya, Krasnoyarskiy Kray, Russia",RS39,56.2539,95.4075,,,24.0
4,"Vuoksi, Russia (General), Russia",RS00,61.05,30.1833,,,91.0
4,"Storozhev, Voronezhskaya Oblast', Russia",RS86,50.4492,40.6008,,,36.0
4,"Voza, Vologodskaya Oblast', Russia",RS85,59.1833,43.2,,,35.0
4,"Kharkovka, Primorskiy Kray, Russia",RS59,43.45,131.7,,,25.0
4,"Ishta, Sverdlovskaya Oblast', Russia",RS71,59.159,62.4439,,,66.0
4,"Poluostrov Pyagina, Magadanskaya Oblast', Russia",RS44,59.3667,154.7,,,49.0
4,"Arei, Zabaykal'skiy Kray, Russia",RS93,51.0545,110.612,,,75.0
4,"Andronovo, Smolenskaya Oblast', Russia",RS69,55.6161,35.2133,,,67.0
4,"Kanycha, Astrakhanskaya Oblast', Russia",RS07,45.855,48.1147,,,30.0
4,"Keperveyem, Chukotskiy Avtonomnyy Okrug, Russia",RS15,67.8167,166.1,,,87.0
4,"Amderma, Nenetskiy Avtonomnyy Okrug, Russia",RS50,69.7576,61.6655,,,83.0
4,"Shkola, Arkhangel'skaya Oblast', Russia",RS06,62.7833,41.4833,,,29.0
4,"Kirensk, Irkutskaya Oblast', Russia",RS20,57.7853,108.112,1154.0,1.0266060247127036,38.0
4,"Rassol, Sverdlovskaya Oblast', Russia",RS71,58.7832,61.8675,,,66.0
4,"Chukar, Sakha (Yakutiya), Russia",RS63,63.7,118.1,,,14.0
4,"Aksen, Ryazanskaya Oblast', Russia",RS62,53.6844,40.4598,,,62.0
4,"Patom, Irkutskaya Oblast', Russia",RS20,60.0772,116.907,,,38.0
4,"Pozdino, Permskiy Kray, Russia",RS90,57.7722,57.263,,,59.0
4,"Andronova, Kostromskaya Oblast', Russia",RS37,58.3624,41.9159,,,44.0
4,"Zemlyanoy, Murmanskaya Oblast', Russia",RS49,69.7864,32.0606,,,51.0
4,"Obskaya, Yamalo-Nenetskiy Avtonomnyy Okrug, Russia",RS87,66.7214,66.2261,,,89.0
4,"Bolotov, Moskovskaya Oblast', Russia",RS47,54.8532,38.5084,,,50.0
4,"Khortitsa, Orenburgskaya Oblast', Russia",RS55,52.4667,54.25,,,56.0
4,"Pshenichnoye, Nizhegorodskaya Oblast', Russia",RS51,56.7033,43.6199,,,52.0
4,"Utash, Krasnodarskiy Kray, Russia",RS38,45.0969,37.3379,,,23.0
4,"Novonikolsk, Omskaya Oblast', Russia",RS54,57.738,71.1716,,,55.0
4,"Novosloboda, Ul'yanovskaya Oblast', Russia",RS81,53.9404,48.7714,,,73.0
4,"Granitsa, Tverskaya Oblast', Russia",RS77,57.6342,34.9048,,,69.0
4,"Kizilyurt, Dagestan, Russia",RS17,43.207,46.8679,113.0,0.8366059155266005,5.0
4,"To Boli, Tverskaya Oblast', Russia",RS77,56.8642,32.0533,,,69.0
4,"Gruzinov, Rostovskaya Oblast', Russia",RS61,48.4101,41.78,,,61.0
4,"Ufimka, Novosibirskaya Oblast', Russia",RS53,55.1028,80.5322,,,54.0
4,"Urshak, Bashkortostan, Russia",RS08,53.6417,55.2247,,,2.0
4,"Belya, Altay, Russia",RS03,52.1525,87.6367,,,4.0
4,"Uralskiy, Bashkortostan, Russia",RS08,54.1219,59.125,,,2.0
4,"Sutolka, Orlovskaya Oblast', Russia",RS56,52.8759,36.9725,,,57.0
4,"Molotov, Permskiy Kray, Russia",RS90,58.0174,56.2855,,,59.0
4,"Yezhi, Tomskaya Oblast', Russia",RS75,57.1586,86.1161,,,70.0
4,"Kuzin, Arkhangel'skaya Oblast', Russia",RS06,62.9658,46.9356,,,29.0
4,"Red Cape, Sakhalinskaya Oblast', Russia",RS64,48.8836,154.228,,,65.0
4,"Kirovskiy, Novosibirskaya Oblast', Russia",RS53,54.8008,78.9082,,,54.0
4,"Kostomarovo, Irkutskaya Oblast', Russia",RS20,56.1035,98.2865,,,38.0
4,"Lublino, Moskva, Russia",RS48,55.6792,37.7525,,,50.0
4,"Lipova, Permskiy Kray, Russia",RS90,57.7833,57.3833,,,59.0
4,"Kashira, Moskovskaya Oblast', Russia",RS47,54.8444,38.1669,1454.0,1.3032811840234926,50.0
4,"Guki, Smolenskaya Oblast', Russia",RS69,55.4861,31.9396,,,67.0
4,"Chernyshevskaya, Sverdlovskaya Oblast', Russia",RS71,58.2149,62.0291,,,66.0
5,"Primorski Krai, Primorskiy Kray, Russia",RS59,45.0,135.0,,,25.0
4,"Yakusheva, Krasnoyarskiy Kray, Russia",RS39,55.1925,91.0492,,,24.0
4,"Polosa, Novgorodskaya Oblast', Russia",RS52,58.2833,32.2167,,,53.0
4,"Vaganov, Volgogradskaya Oblast', Russia",RS84,49.15,45.3667,,,34.0
4,"Dokuchayevo, Orenburgskaya Oblast', Russia",RS55,52.1,52.6667,,,56.0
4,"Permogorye, Arkhangel'skaya Oblast', Russia",RS06,61.6386,45.638,,,29.0
4,"Daldykan, Taymyrskiy (Dolgano-Nenetskiy) Avtonomnyy Okrug, Russia",RS74,69.4,87.7897,,,24.0
4,"Chufichka, Belgorodskaya Oblast', Russia",RS09,51.1917,37.8689,,,31.0
4,"Gryaznoye, Orlovskaya Oblast', Russia",RS56,52.2239,36.9151,,,57.0
4,"Borinskoye, Lipetskaya Oblast', Russia",RS43,52.4569,39.3713,,,48.0
4,"Monetny, Sverdlovskaya Oblast', Russia",RS71,57.0472,60.8794,,,66.0
4,"Yamskaya, Belgorodskaya Oblast', Russia",RS09,51.2819,37.8803,,,31.0
4,"Ivanovo-Voznesensk, Ivanovskaya Oblast', Russia",RS21,56.9972,40.9714,1107.0,0.19810544510560807,37.0
4,"Burina, Chelyabinskaya Oblast', Russia",RS13,55.9326,61.834,,,74.0
4,"Tarki, Dagestan, Russia",RS17,42.9442,47.4953,,,5.0
4,"Zhako, Karachayevo-Cherkesiya, Russia",RS27,43.9552,41.7372,,,9.0
4,"Plodovoye, Kaliningradskaya Oblast', Russia",RS23,55.0625,21.322,,,39.0
4,"Sosenka, Lipetskaya Oblast', Russia",RS43,52.4372,38.5456,,,48.0
4,"Sukhoy, Irkutskaya Oblast', Russia",RS20,56.2536,101.952,,,38.0
4,"Chernomorets, Saratovskaya Oblast', Russia",RS67,51.8475,46.2459,,,64.0
4,"Parni, Novgorodskaya Oblast', Russia",RS52,58.6005,32.1965,,,53.0
4,"Plota, Kurskaya Oblast', Russia",RS41,51.8104,36.5702,,,46.0
4,"Amre, Omskaya Oblast', Russia",RS54,54.4856,73.8178,,,55.0
4,"Chirikova, Kostromskaya Oblast', Russia",RS37,57.3604,40.6813,,,44.0
4,"Shestakovskoye, Kemerovskaya Oblast', Russia",RS29,55.8833,87.9667,,,42.0
4,"Yakutiya, Sakha (Yakutiya), Russia",RS63,65.0,130.0,,,14.0
4,"Shestakovo, Kurganskaya Oblast', Russia",RS40,55.4131,68.0181,,,45.0
4,"Kulinda, Evenkiyskiy Avtonomnyy Okrug, Russia",RS18,60.1833,103.433,,,
4,"Ilek, Orenburgskaya Oblast', Russia",RS55,51.5271,53.3831,1687.0,0.024065657665549894,56.0
4,"Kuznetsovo, Tverskaya Oblast', Russia",RS77,56.9657,31.0167,,,69.0
4,"Kozhi, Kirovskaya Oblast', Russia",RS33,58.5853,48.1521,,,43.0
4,"Krasnikovo, Pskovskaya Oblast', Russia",RS60,56.9825,28.6776,1771.0,29.230253240818403,60.0
4,"Lonka, Kareliya, Russia",RS28,65.25,29.6667,,,10.0
4,"Tomash, Vologodskaya Oblast', Russia",RS85,59.8328,39.5993,,,35.0
4,"Glavsevmorput, Sakha (Yakutiya), Russia",RS63,69.5,161.5,,,14.0
4,"Sobinka, Vladimirskaya Oblast', Russia",RS83,55.9855,40.0111,1003.0,0.5982174839372387,33.0
4,"Krapivinskaya, Smolenskaya Oblast', Russia",RS69,54.0841,32.7336,,,67.0
4,"Itone, Sakhalinskaya Oblast', Russia",RS64,49.2167,142.1,,,65.0
4,"Vstrecha, Sverdlovskaya Oblast', Russia",RS71,58.0112,60.9245,,,66.0
4,"Povorotny, Sakhalinskaya Oblast', Russia",RS64,48.8667,144.667,,,65.0
4,"Kayakent, Dagestan, Russia",RS17,42.3874,47.903,132.0,7.0474829912249435,5.0
4,"Bolshoye Maslennikovo, Yaroslavskaya Oblast', Russia",RS88,57.7049,39.4685,,,76.0
4,"Krasavchik, Kurskaya Oblast', Russia",RS41,52.2175,35.7311,,,46.0
4,"Zakharkin, Orlovskaya Oblast', Russia",RS56,52.3719,36.6786,,,57.0
4,"Lavrentiya, Chukotskiy Avtonomnyy Okrug, Russia",RS15,65.5833,-171.0,2350.0,0.2723633208217815,87.0
4,"Bulochkin, Rostovskaya Oblast', Russia",RS61,47.0262,40.5178,,,61.0
4,"Byankino, Zabaykal'skiy Kray, Russia",RS93,51.9667,116.883,,,75.0
4,"Zeleny Dol, Tatarstan, Russia",RS73,55.8438,48.5178,375.0,2.9767932319478545,16.0
4,"Krysha, Khabarovskiy Kray, Russia",RS30,53.15,141.3,,,27.0
4,"Aleksin, Tul'skaya Oblast', Russia",RS76,54.505,37.0674,2165.0,0.24739532855496754,71.0
4,"Kuzminskaya, Arkhangel'skaya Oblast', Russia",RS06,62.322,44.2799,,,29.0
4,"Kochubeyevskaya, Krasnodarskiy Kray, Russia",RS38,45.6951,39.8834,,,23.0
4,"Sherna, Russia (General), Russia",RS00,55.8451,38.5742,,,91.0
4,"To Panov, Khakasiya, Russia",RS31,54.5433,89.6592,,,19.0
4,"Astrova, 92, Russia",RS92,52.9036,156.161,,,41.0
4,"Kyzylzhar, Orenburgskaya Oblast', Russia",RS55,51.471,51.471,,,56.0
4,"Solntsevo, Lipetskaya Oblast', Russia",RS43,53.0227,38.6044,,,48.0
4,"Minina, Smolenskaya Oblast', Russia",RS69,55.4784,34.3608,,,67.0
4,"Arkhara, Amurskaya Oblast', Russia",RS05,49.4212,130.084,870.0,0.1902370373295517,28.0
4,"Krasny Khutor, Ryazanskaya Oblast', Russia",RS62,54.3812,41.2643,,,62.0
4,"Naumovka, Khabarovskiy Kray, Russia",RS30,48.9936,133.427,,,27.0
4,"Dvory, Orlovskaya Oblast', Russia",RS56,53.1425,35.7309,,,57.0
4,"Aklan, 92, Russia",RS92,62.5833,166.533,,,41.0
4,"Pizhma, Nizhegorodskaya Oblast', Russia",RS51,58.0053,46.512,,,52.0
4,"Melechovo, Kaluzhskaya Oblast', Russia",RS25,54.4784,35.6457,,,40.0
4,"Yepifanov, Saratovskaya Oblast', Russia",RS67,50.8667,48.95,,,64.0
4,"Yelan, Buryatiya, Russia",RS11,51.9833,106.683,,,3.0
4,"Chulakovo, Novosibirskaya Oblast', Russia",RS53,53.7411,77.4237,,,54.0
4,"Gorbatov, Nizhegorodskaya Oblast', Russia",RS51,56.1311,43.0636,,,52.0
4,"Yerinat, Khakasiya, Russia",RS31,51.45,88.4333,,,19.0
4,"Komsomolskayapravda, Krasnodarskiy Kray, Russia",RS38,46.2031,39.0075,,,23.0
4,"Korya, Murmanskaya Oblast', Russia",RS49,67.15,29.55,,,51.0
4,"Maslennikovo, Kirovskaya Oblast', Russia",RS33,58.2959,49.4246,,,43.0
4,"Akima, Zabaykal'skiy Kray, Russia",RS93,53.0333,115.733,,,75.0
4,"Fedulova, Vladimirskaya Oblast', Russia",RS83,56.4,41.25,,,33.0
4,"Sarga, Sverdlovskaya Oblast', Russia",RS71,57.1964,58.9435,,,66.0
4,"Vorsino, Ivanovskaya Oblast', Russia",RS21,57.0666,42.2326,,,37.0
4,"Bakara, Altay, Russia",RS03,51.8894,86.0386,,,4.0
4,"Kureshi, Leningradskaya Oblast', Russia",RS42,59.0396,28.598,,,47.0
4,"Pimenova, Rostovskaya Oblast', Russia",RS61,47.413,38.7568,,,61.0
4,"Boyev, Astrakhanskaya Oblast', Russia",RS07,47.8496,45.93,,,30.0
4,"Neglinka, Kirovskaya Oblast', Russia",RS33,58.4709,48.3668,,,43.0
4,"Presnya, Moskva, Russia",RS48,55.7675,37.52,,,50.0
4,"Ramenka, Tverskaya Oblast', Russia",RS77,56.08,33.9964,,,69.0
4,"Setun, Sakha (Yakutiya), Russia",RS63,70.6667,148.65,,,14.0
4,"Khimki Reservoir, Moskva, Russia",RS48,55.8497,37.4631,1482.0,4.896161069181744,50.0
4,"Duta, Irkutskaya Oblast', Russia",RS20,53.4214,102.959,,,38.0
5,"Kabardinobalkaria, Kabardino-Balkariya, Russia",RS22,43.5,43.5,,,7.0
4,"Bezbozhnik, Tul'skaya Oblast', Russia",RS76,53.8669,36.5456,,,71.0
4,"Sovy, Stavropol'skiy Kray, Russia",RS70,45.7997,42.85,,,26.0
4,"Algon, Amurskaya Oblast', Russia",RS05,49.9787,130.76,,,28.0
4,"Stroyka, Primorskiy Kray, Russia",RS59,43.15,132.0,,,25.0
4,"Melkoye, Novosibirskaya Oblast', Russia",RS53,53.8101,78.2824,,,54.0
4,"Dulismar, Evenkiyskiy Avtonomnyy Okrug, Russia",RS18,68.525,94.65,,,
4,"Glubokoye, Tverskaya Oblast', Russia",RS77,56.7761,31.6779,,,69.0
4,"Dagi, Sakhalinskaya Oblast', Russia",RS64,52.1167,143.15,,,65.0
4,"Skoblyanka, Smolenskaya Oblast', Russia",RS69,54.208,31.8673,,,67.0
4,"Kolga, Tomskaya Oblast', Russia",RS75,58.0923,79.0078,,,70.0
4,"Staro, Novgorodskaya Oblast', Russia",RS52,57.7569,30.7714,,,53.0
4,"Kank, Saratovskaya Oblast', Russia",RS67,51.55,46.9167,,,64.0
4,"So Yana, Arkhangel'skaya Oblast', Russia",RS06,65.764,43.4744,,,29.0
4,"Korovyakovka, Kurskaya Oblast', Russia",RS41,51.3314,34.3763,,,46.0
4,"Zunga, Zabaykal'skiy Kray, Russia",RS93,51.1702,111.687,,,75.0
4,"Zakumi, Khabarovskiy Kray, Russia",RS30,47.4626,135.64,,,27.0
4,"Lukino, Vologodskaya Oblast', Russia",RS85,58.9637,35.2324,,,35.0
4,"Polomka, Kirovskaya Oblast', Russia",RS33,59.1703,48.4261,,,43.0
4,"Ovod, 92, Russia",RS92,55.4153,161.407,,,41.0
4,"Arkhan, Moskovskaya Oblast', Russia",RS47,55.8549,35.3287,,,50.0
4,"Korotkiy, Tul'skaya Oblast', Russia",RS76,53.5214,37.0178,,,71.0
4,"Karakuli, Kirovskaya Oblast', Russia",RS33,56.3528,51.0306,,,43.0
4,"Belorusskiy, Moskva, Russia",RS48,55.7833,37.5833,,,50.0
4,"Kichera, Buryatiya, Russia",RS11,55.9375,110.1,,,3.0
4,"Tushonka, Ul'yanovskaya Oblast', Russia",RS81,54.0566,48.5191,,,73.0
4,"Kality, Yaroslavskaya Oblast', Russia",RS88,57.9338,40.3732,,,76.0
4,"Pakhra, Khanty-Mansiyskiy Avtonomnyy Okrug, Russia",RS32,62.5833,67.05,,,86.0
4,"Kiriki, Orlovskaya Oblast', Russia",RS56,53.1603,37.0994,,,57.0
4,"But-It, 92, Russia",RS92,55.8556,161.066,,,41.0
4,"Timoshin, Irkutskaya Oblast', Russia",RS20,54.3886,104.73,,,38.0
4,"Panash, Permskiy Kray, Russia",RS90,58.2146,58.1538,,,59.0
4,"Rassypnoye, Voronezhskaya Oblast', Russia",RS86,50.5285,40.6674,,,36.0
4,"Zaytsevo, Moskovskaya Oblast', Russia",RS47,55.6292,37.1917,,,50.0
4,"Radishchev, Irkutskaya Oblast', Russia",RS20,57.2248,103.475,,,38.0
4,"Zapasnoye, Chelyabinskaya Oblast', Russia",RS13,53.1127,60.0402,,,74.0
4,"Barannikov, Krasnodarskiy Kray, Russia",RS38,45.8244,38.4619,,,23.0
4,"Sakha, Khabarovskiy Kray, Russia",RS30,59.4667,139.3,,,27.0
4,"Mosina, Permskiy Kray, Russia",RS90,58.0982,54.5872,,,59.0
4,"Bashilov, Saratovskaya Oblast', Russia",RS67,50.7167,48.95,,,64.0
4,"Navoloki, Pskovskaya Oblast', Russia",RS60,55.8167,31.0333,,,60.0
4,"Nigori, Sakhalinskaya Oblast', Russia",RS64,49.3669,154.822,,,65.0
4,"Razdelnaya, Kirovskaya Oblast', Russia",RS33,60.0431,52.0313,,,43.0
4,"Vertka, Smolenskaya Oblast', Russia",RS69,55.6723,32.3317,,,67.0
4,"Meniki, Vologodskaya Oblast', Russia",RS85,59.2025,39.5103,,,35.0
4,"Akimovka, Kaluzhskaya Oblast', Russia",RS25,54.4289,34.8106,,,40.0
4,"May Gaza, Bashkortostan, Russia",RS08,55.6061,58.8747,,,2.0
4,"Volchek, Kurskaya Oblast', Russia",RS41,52.1607,34.8275,,,46.0
4,"Jalovaara, Kareliya, Russia",RS28,62.0167,31.2,,,10.0
4,"Zabolotskaya, Smolenskaya Oblast', Russia",RS69,55.6723,32.3439,,,67.0
4,"Vassa, Khabarovskiy Kray, Russia",RS30,52.1167,140.217,,,27.0
4,"Khokhol, Voronezhskaya Oblast', Russia",RS86,51.5694,38.7577,1105.0,2.2138364942672135,36.0
4,"Sadovo, Nizhegorodskaya Oblast', Russia",RS51,57.7447,47.2209,,,52.0
4,"Raikoke, Sakhalinskaya Oblast', Russia",RS64,48.2917,153.242,,,65.0
4,"Varmer, Arkhangel'skaya Oblast', Russia",RS06,62.6242,44.5802,,,29.0
4,"Nanay, Sakhalinskaya Oblast', Russia",RS64,50.3333,142.167,,,65.0
4,"Malyutin, Belgorodskaya Oblast', Russia",RS09,51.1053,37.2544,,,31.0
4,"Viysk, Altayskiy Kray, Russia",RS04,52.5364,85.2072,,,22.0
4,"Beppi, Rsja, Russia",RSJA,45.2667,148.05,,,65.0
4,"Magina, Sverdlovskaya Oblast', Russia",RS71,59.3228,61.0923,,,66.0
4,"Khabarovsk, Khabarovskiy Kray, Russia",RS30,48.4808,135.093,860.0,1.2321994573502004,27.0
4,"Sesha, Bryanskaya Oblast', Russia",RS10,53.6619,33.6509,,,32.0
4,"Treugolnik, Lipetskaya Oblast', Russia",RS43,52.257,40.6522,,,48.0
4,"Ustye, Tverskaya Oblast', Russia",RS77,58.0476,35.2786,,,69.0
4,"Tyuleniy, Dagestan, Russia",RS17,44.4725,47.4828,,,5.0
4,"Olenya Guba, Murmanskaya Oblast', Russia",RS49,69.2216,33.3775,,,51.0
4,"Klyuchevskaya, Irkutskaya Oblast', Russia",RS20,56.195,107.491,,,38.0
4,"Khorosheye, Orlovskaya Oblast', Russia",RS56,52.6,36.8667,,,57.0
4,"Kolodezhnoye, Voronezhskaya Oblast', Russia",RS86,50.6355,39.8477,,,36.0
4,"Balashi, Permskiy Kray, Russia",RS90,56.9389,57.4885,,,59.0
4,"Chaun, Chukotskiy Avtonomnyy Okrug, Russia",RS15,68.7925,170.661,,,87.0
4,"Chaunskaya, Chukotskiy Avtonomnyy Okrug, Russia",RS15,68.8833,170.617,,,87.0
4,"Yashka, Arkhangel'skaya Oblast', Russia",RS06,61.3847,42.7386,,,29.0
4,"Rytkuchi, Chukotskiy Avtonomnyy Okrug, Russia",RS15,68.8972,170.719,,,87.0
4,"Chaun Bay, Chukotskiy Avtonomnyy Okrug, Russia",RS15,69.3494,169.774,,,87.0
4,"Sorya, Komi, Russia",RS34,60.5404,49.3126,,,11.0
4,"Bugayevka, Omskaya Oblast', Russia",RS54,54.55,72.5,,,55.0
4,"Nakhala, Buryatiya, Russia",RS11,52.4483,110.403,,,3.0
4,"Dom Kino, Leningradskaya Oblast', Russia",RS42,58.5942,29.8494,,,47.0
4,"Aksay, Volgogradskaya Oblast', Russia",RS84,47.9561,43.9702,,,34.0
4,"Barabanovo, Krasnoyarskiy Kray, Russia",RS39,56.2858,93.4203,,,24.0
4,"Pankov, Belgorodskaya Oblast', Russia",RS09,50.3811,37.1898,,,31.0
4,"Borisoglebsk, Murmanskaya Oblast', Russia",RS49,69.6504,30.1442,,,51.0
4,"Dariali, Chechnya And Ingushetiya, Russia",RSCI,42.8169,44.6833,,,20.0
4,"Chaplygin, Krasnodarskiy Kray, Russia",RS38,45.1078,40.7642,,,23.0
4,"Dobroye, Belgorodskaya Oblast', Russia",RS09,50.4691,36.9824,,,31.0
4,"Sambek, Rostovskaya Oblast', Russia",RS61,47.3301,39.0218,,,61.0
4,"Lipitsy, Kaluzhskaya Oblast', Russia",RS25,54.3263,35.6429,,,40.0
4,"Kantemirovka, Voronezhskaya Oblast', Russia",RS86,49.7089,39.8592,1086.0,0.821733284722527,36.0
4,"Talofka, Saratovskaya Oblast', Russia",RS67,50.8,46.75,,,64.0
4,"Khrushcheva, Saratovskaya Oblast', Russia",RS67,52.4167,48.5667,,,64.0
4,"Ikorets, Russia (General), Russia",RS00,50.9653,39.7533,,,91.0
4,"Dont So, Leningradskaya Oblast', Russia",RS42,59.4211,29.7816,,,47.0
4,"Khula, Tyva, Russia",RS79,51.4333,92.7333,,,17.0
4,"Yablokovo, Lipetskaya Oblast', Russia",RS43,52.3619,38.7431,,,48.0
4,"Sukhaya Balka, Krasnodarskiy Kray, Russia",RS38,45.6647,39.3231,,,23.0
4,"Ovstug, Bryanskaya Oblast', Russia",RS10,53.3676,33.8746,,,32.0
5,"Voronezhoblast, Voronezhskaya Oblast', Russia",RS86,51.0,40.5,,,36.0
5,"Moscowoblast, Moskovskaya Oblast', Russia",RS47,55.75,37.5,,,50.0
4,"Talovaya, Krasnoyarskiy Kray, Russia",RS39,56.8056,95.4939,,,24.0
4,"Babyakovo, Voronezhskaya Oblast', Russia",RS86,51.5193,40.8142,,,36.0
4,"Windward Island, Arkhangel'skaya Oblast', Russia",RS06,80.0833,50.1667,,,29.0
4,"Pervomayskoe, Chechnya And Ingushetiya, Russia",RSCI,43.2242,46.1942,,,20.0
4,"Omagari, Sakhalinskaya Oblast', Russia",RS64,47.0333,142.433,,,65.0
4,"Yelizavetovka, Rostovskaya Oblast', Russia",RS61,47.1346,39.4745,,,61.0
4,"Alap, Sverdlovskaya Oblast', Russia",RS71,56.9036,58.0192,,,66.0
4,"Bolshaya Sadovaya Ulitsa, Rostovskaya Oblast', Russia",RS61,47.2198,39.6941,,,61.0
4,"Bolshaya Sadovaya, Ryazanskaya Oblast', Russia",RS62,53.6422,39.5442,,,62.0
4,"Armu, Primorskiy Kray, Russia",RS59,45.7594,135.491,,,25.0
4,"Baburina, Tomskaya Oblast', Russia",RS75,56.2597,84.9736,,,70.0
4,"Debri, Kaluzhskaya Oblast', Russia",RS25,54.1538,34.3662,,,40.0
4,"Chadan, Tyva, Russia",RS79,51.2833,91.5833,403.0,1.1594968132702883,17.0
4,"Ogurtsovo, Pskovskaya Oblast', Russia",RS60,56.5508,28.4551,,,60.0
4,"Kharchi, Ivanovskaya Oblast', Russia",RS21,57.5267,42.0517,,,37.0
4,"Nochnaya, Tverskaya Oblast', Russia",RS77,56.5284,33.1279,,,69.0
4,"Mullova, Tomskaya Oblast', Russia",RS75,56.4456,83.4758,,,70.0
4,"Baturina, Tomskaya Oblast', Russia",RS75,56.4956,83.5639,,,70.0
4,"Kamenskaya, Arkhangel'skaya Oblast', Russia",RS06,61.2841,41.3874,,,29.0
4,"Kalaly, Russia (General), Russia",RS00,45.8834,41.3381,,,91.0
4,"-Shugur, Khanty-Mansiyskiy Avtonomnyy Okrug, Russia",RS32,60.2,66.6,,,86.0
4,"Trudovoye, Voronezhskaya Oblast', Russia",RS86,51.7765,39.7071,,,36.0
4,"Yekaterinodar, Krasnodarskiy Kray, Russia",RS38,45.0488,38.9725,,,23.0
4,"Novotitarovskaya, Krasnodarskiy Kray, Russia",RS38,45.2376,38.9806,,,23.0
4,"Evli, Chechnya And Ingushetiya, Russia",RSCI,42.9,46.05,,,20.0
4,"Bashmak, Permskiy Kray, Russia",RS90,59.0582,57.5174,,,59.0
4,"Pirozhok, Rostovskaya Oblast', Russia",RS61,47.5218,41.4277,,,61.0
4,"Lermontovo, Kaliningradskaya Oblast', Russia",RS23,54.6019,22.0492,,,39.0
4,"Tagada, Dagestan, Russia",RS17,42.2375,46.2708,,,5.0
4,"Samoylenko, Krasnodarskiy Kray, Russia",RS38,45.5919,40.0394,,,23.0
4,"Golovnoy, Permskiy Kray, Russia",RS90,61.1297,56.6779,,,59.0
4,"Ippolitovka, Primorskiy Kray, Russia",RS59,46.3667,134.3,,,25.0
4,"Smolnyy, Chelyabinskaya Oblast', Russia",RS13,52.9547,41.7819,,,74.0
4,"Groznyi, Chechnya And Ingushetiya, Russia",RSCI,43.3119,45.6889,461.0,0.9419169725778268,20.0
4,"Serezha, Tverskaya Oblast', Russia",RS77,56.9624,30.9883,,,69.0
4,"Petrovichi, Ryazanskaya Oblast', Russia",RS62,54.5045,40.2242,,,62.0
4,"Alkhan Kala, Chechnya And Ingushetiya, Russia",RSCI,43.2586,45.5392,,,20.0
4,"Gushcha, Tverskaya Oblast', Russia",RS77,57.2645,32.887,,,69.0
4,"Arestov, Volgogradskaya Oblast', Russia",RS84,49.6,45.4833,,,34.0
4,"Krymskaya, Krasnodarskiy Kray, Russia",RS38,44.9293,37.9912,644.0,0.2525728701614543,23.0
4,"Zaliman, Voronezhskaya Oblast', Russia",RS86,49.9494,40.5828,,,36.0
4,"Novoyakovlevka, Orlovskaya Oblast', Russia",RS56,52.2918,36.8395,,,57.0
4,"Privolye, Novgorodskaya Oblast', Russia",RS52,58.6452,33.0412,,,53.0
4,"Karabak, Bashkortostan, Russia",RS08,55.0833,56.2667,,,2.0
4,"Dolguchan, Sakha (Yakutiya), Russia",RS63,62.3,138.3,,,14.0
4,"Pinnacle Point, 92, Russia",RS92,52.9167,158.667,,,41.0
4,"Sloty, Kirovskaya Oblast', Russia",RS33,58.6757,49.8991,,,43.0
4,"Kurki, Kareliya, Russia",RS28,65.2201,32.8428,,,10.0
4,"Graam, Kaliningradskaya Oblast', Russia",RS23,54.8994,20.1244,,,39.0
4,"Karaki, 92, Russia",RS92,53.2804,158.213,,,41.0
4,"Rjasan, Ryazanskaya Oblast', Russia",RS62,54.6269,39.6916,,,62.0
4,"Oleshok, Bryanskaya Oblast', Russia",RS10,52.3133,34.4955,,,32.0
4,"Shepilov, Rostovskaya Oblast', Russia",RS61,49.4535,40.8171,,,61.0
4,"Dibi, Buryatiya, Russia",RS11,52.4393,99.8511,,,3.0
4,"Dankov, Lipetskaya Oblast', Russia",RS43,53.2516,39.1555,1414.0,0.3099404220107504,48.0
4,"Mirnoe, Krasnoyarskiy Kray, Russia",RS39,62.3,89.0,,,24.0
4,"Belenki, Ul'yanovskaya Oblast', Russia",RS81,54.4059,47.5582,,,73.0
4,"Kodar, Zabaykal'skiy Kray, Russia",RS93,56.5956,117.305,,,75.0
4,"Rybas, Kirovskaya Oblast', Russia",RS33,57.5488,50.0192,,,43.0
4,"Sugoi, Magadanskaya Oblast', Russia",RS44,64.25,154.483,,,49.0
4,"Prudok, Tverskaya Oblast', Russia",RS77,55.9202,31.8711,,,69.0
4,"Kislitsyn, Rostovskaya Oblast', Russia",RS61,46.2986,41.3211,,,61.0
4,"Yerokhin, Stavropol'skiy Kray, Russia",RS70,45.6917,42.3819,,,26.0
4,"Maskali, Permskiy Kray, Russia",RS90,60.0969,54.9241,,,59.0
4,"Kytmanovo, Altayskiy Kray, Russia",RS04,53.4593,85.4479,537.0,0.5135784570174897,22.0
4,"Mukka, Khabarovskiy Kray, Russia",RS30,60.2833,138.9,,,27.0
4,"Nevinnomyssk, Stavropol'skiy Kray, Russia",RS70,44.6333,41.9444,820.0,1.001873036739926,26.0
4,"Terekhin, Irkutskaya Oblast', Russia",RS20,57.1192,103.885,,,38.0
4,"Sovremennyy, Krasnoyarskiy Kray, Russia",RS39,58.9833,94.0167,,,24.0
4,"Terbuny, Lipetskaya Oblast', Russia",RS43,52.1493,38.2834,1426.0,0.43869997969235747,48.0
4,"Chertkovo, Rostovskaya Oblast', Russia",RS61,49.3847,40.1547,1843.0,0.6612151547191205,61.0
4,"Rogachev, Volgogradskaya Oblast', Russia",RS84,50.6737,42.4188,,,34.0
4,"Kaga, Bashkortostan, Russia",RS08,53.5239,57.6839,,,2.0
4,"Akademicheskiy, Sverdlovskaya Oblast', Russia",RS71,56.7857,60.5382,,,66.0
4,"Chenga, Sverdlovskaya Oblast', Russia",RS71,59.5115,62.4949,,,66.0
4,"Ma Khin, Rostovskaya Oblast', Russia",RS61,47.2092,39.9553,,,61.0
4,"Volkhonka, Ryazanskaya Oblast', Russia",RS62,53.55,40.6167,,,62.0
4,"Kanikurgan, Amurskaya Oblast', Russia",RS05,50.2167,127.633,,,28.0
4,"Kolchuga, Moskovskaya Oblast', Russia",RS47,55.7253,37.2031,,,50.0
4,"Talaka, Amurskaya Oblast', Russia",RS05,54.0531,125.341,,,28.0
4,"Primorskiy, Chukotskiy Avtonomnyy Okrug, Russia",RS15,69.9,171.633,,,87.0
4,"Mekhovo, Kaluzhskaya Oblast', Russia",RS25,54.2529,36.2117,,,40.0
4,"Zverinets, Komi, Russia",RS34,66.091,55.2318,,,11.0
4,"Grenzen, Kaliningradskaya Oblast', Russia",RS23,54.55,22.6833,,,39.0
4,"Pelageya, Sakha (Yakutiya), Russia",RS63,69.2,147.567,,,14.0
4,"Konishcheva, Smolenskaya Oblast', Russia",RS69,55.7862,34.5883,,,67.0
4,"Lavov, Mordoviya, Russia",RS46,54.4142,42.9684,,,13.0
4,"Navat, Nizhegorodskaya Oblast', Russia",RS51,55.4483,46.2772,,,52.0
4,"Zvyagin, Kurskaya Oblast', Russia",RS41,51.5513,34.6468,,,46.0
4,"Zaledeyevo, Krasnoyarskiy Kray, Russia",RS39,58.468,92.2933,,,24.0
4,"Rozhdestvenno, Moskovskaya Oblast', Russia",RS47,55.71,37.27,,,50.0
4,"Inel, Chuvashiya, Russia",RS16,55.2721,47.687,,,21.0
4,"Sergiyev-Posad, Moskovskaya Oblast', Russia",RS47,56.3,38.1333,1501.0,1.7124967158811004,50.0
4,"Myachkovo, Moskovskaya Oblast', Russia",RS47,55.2155,38.6731,,,50.0
4,"Turaga, Dagestan, Russia",RS17,41.9615,47.8019,,,5.0
4,"Gagarinskiy, Novosibirskaya Oblast', Russia",RS53,54.3171,77.7438,,,54.0
4,"Peschanoye, Primorskiy Kray, Russia",RS59,43.9061,132.112,,,25.0
4,"Varzuga, Murmanskaya Oblast', Russia",RS49,66.4009,36.5909,,,51.0
4,"Velikovisochnoye, Nenetskiy Avtonomnyy Okrug, Russia",RS50,67.2607,52.0324,,,83.0
4,"Osino, Ivanovskaya Oblast', Russia",RS21,56.804,42.6952,,,37.0
4,"Ioda, Yaroslavskaya Oblast', Russia",RS88,57.9782,38.8853,,,76.0
4,"Artemov, Rostovskaya Oblast', Russia",RS61,48.6529,42.1585,,,61.0
4,"Gubarev, Bryanskaya Oblast', Russia",RS10,53.8,33.6167,,,32.0
4,"Golubi, Smolenskaya Oblast', Russia",RS69,54.1824,32.5864,,,67.0
4,"Lozhok, Novosibirskaya Oblast', Russia",RS53,54.8405,83.1994,,,54.0
4,"Potanino, Kirovskaya Oblast', Russia",RS33,56.9521,47.394,,,43.0
4,"Stroitel, Belgorodskaya Oblast', Russia",RS09,50.7854,36.4831,952.0,0.16467248324712438,31.0
4,"Perevoznaya, Primorskiy Kray, Russia",RS59,43.0245,131.55,,,25.0
4,"Bashnya, Saratovskaya Oblast', Russia",RS67,51.7213,47.1324,,,64.0
4,"Balandina, Tyumenskaya Oblast', Russia",RS78,55.4869,69.342,,,72.0
4,"Neru, Magadanskaya Oblast', Russia",RS44,64.3333,151.183,,,49.0
4,"Priyutny, Krasnodarskiy Kray, Russia",RS38,46.1943,38.71,,,23.0
4,"Izberbash, Dagestan, Russia",RS17,42.5696,47.8645,111.0,0.205440261279681,5.0
4,"Inura, Yevreyskaya Avtonomnaya Oblast', Russia",RS89,48.4879,133.072,,,79.0
4,"Kongi, Sakhalinskaya Oblast', Russia",RS64,54.1617,142.403,,,65.0
4,"So Zero, Khabarovskiy Kray, Russia",RS30,48.8333,133.717,,,27.0
4,"Listopadov, Rostovskaya Oblast', Russia",RS61,47.75,40.9219,,,61.0
4,"Darino, Kaluzhskaya Oblast', Russia",RS25,55.2,35.5,,,40.0
4,"Aykhal, Sakha (Yakutiya), Russia",RS63,66.0,111.5,,,14.0
4,"Prigorskoye, Smolenskaya Oblast', Russia",RS69,54.6814,32.1468,,,67.0
4,"Popigai, Taymyrskiy (Dolgano-Nenetskiy) Avtonomnyy Okrug, Russia",RS74,72.9,106.6,,,24.0
4,"Kundy, Dagestan, Russia",RS17,42.2688,47.1643,,,5.0
4,"Yelizarov, Kostromskaya Oblast', Russia",RS37,58.3167,43.3,,,44.0
4,"Starikov, Rostovskaya Oblast', Russia",RS61,49.1167,42.0167,,,61.0
4,"Kisilev, Volgogradskaya Oblast', Russia",RS84,48.8692,42.8003,,,34.0
4,"Kondratenko, Severnaya Osetiya-Alaniya, Russia",RS68,43.7948,44.4957,,,15.0
4,"Bratets, Sakhalinskaya Oblast', Russia",RS64,50.7444,156.097,,,65.0
4,"Msta, Tverskaya Oblast', Russia",RS77,57.9156,34.5236,,,69.0
4,"Seymchan, Magadanskaya Oblast', Russia",RS44,62.8833,152.433,1434.0,5.752833952890225,49.0
5,"Magadanskaya Oblast, Magadanskaya Oblast', Russia",RS44,63.0,154.0,,,49.0
4,"Uzon, Zabaykal'skiy Kray, Russia",RS93,50.5822,113.6,,,75.0
4,"Yamo, Pskovskaya Oblast', Russia",RS60,56.9272,30.3944,,,60.0
4,"Chistaya, Vologodskaya Oblast', Russia",RS85,58.5977,40.3602,,,35.0
4,"Korovka, Ryazanskaya Oblast', Russia",RS62,54.0103,40.6827,,,62.0
4,"Korenovka, Omskaya Oblast', Russia",RS54,54.2283,74.3431,,,55.0
4,"Utan, Zabaykal'skiy Kray, Russia",RS93,52.5833,116.967,,,75.0
4,"Kalanga, Zabaykal'skiy Kray, Russia",RS93,51.1177,113.667,,,75.0
4,"Keras, Arkhangel'skaya Oblast', Russia",RS06,62.6692,46.2056,,,29.0
4,"Ilchenko, Tverskaya Oblast', Russia",RS77,56.25,34.3333,,,69.0
4,"Bort No, Ivanovskaya Oblast', Russia",RS21,56.8139,42.761,,,37.0
4,"Shkolnyy, Krasnodarskiy Kray, Russia",RS38,45.6,38.4833,,,23.0
4,"Veselovka, Penzenskaya Oblast', Russia",RS57,53.3667,45.45,,,58.0
4,"Palatka, Magadanskaya Oblast', Russia",RS44,60.1,150.9,1437.0,2.065662055891311,49.0
4,"Kant On, Bashkortostan, Russia",RS08,55.6209,57.1163,,,2.0
4,"Amko, Khabarovskiy Kray, Russia",RS30,59.0333,140.883,,,27.0
4,"Melekhov, Adygeya, Russia",RS01,45.0,39.45,,,1.0
4,"Bajal, Khabarovskiy Kray, Russia",RS30,51.05,134.433,,,27.0
4,"Avachinskiy Zaliv, 92, Russia",RS92,52.75,159.167,,,41.0
4,"Klychevka, Russia (General), Russia",RS00,44.3711,42.1767,,,91.0
4,"Valuyevo, Amurskaya Oblast', Russia",RS05,50.0599,129.561,,,28.0
4,"Velikiy, Rostovskaya Oblast', Russia",RS61,49.2333,40.4338,,,61.0
4,"Akinshino, Kaluzhskaya Oblast', Russia",RS25,54.2289,36.3756,,,40.0
4,"Krivosheino, Kaluzhskaya Oblast', Russia",RS25,54.7481,36.4708,,,40.0
4,"Yalynka, Sverdlovskaya Oblast', Russia",RS71,58.0422,63.6342,,,66.0
4,"Sanki, Nizhegorodskaya Oblast', Russia",RS51,54.8407,44.2213,,,52.0
4,"Verbin, Krasnodarskiy Kray, Russia",RS38,45.0125,39.8723,,,23.0
4,"Yefremova, Permskiy Kray, Russia",RS90,59.6401,56.4767,,,59.0
4,"Oybok, Altay, Russia",RS03,50.0722,85.8567,,,4.0
4,"Oboyan, Kurskaya Oblast', Russia",RS41,51.2098,36.2792,1379.0,0.25019507237818867,46.0
4,"Gerga, Chechnya And Ingushetiya, Russia",RSCI,43.2502,46.3527,,,20.0
4,"Kigach, Astrakhanskaya Oblast', Russia",RS07,46.6592,48.3258,,,30.0
4,"Martyshi, Pskovskaya Oblast', Russia",RS60,57.1595,28.9437,,,60.0
4,"Sheyna, Belgorodskaya Oblast', Russia",RS09,50.6819,36.8789,,,31.0
4,"Mylen, Magadanskaya Oblast', Russia",RS44,59.6875,148.247,,,49.0
4,"Hitola, Kareliya, Russia",RS28,61.2393,29.6907,,,10.0
4,"Priyutnoye, Orenburgskaya Oblast', Russia",RS55,52.3045,52.6376,,,56.0
4,"Gladkoye, Kaluzhskaya Oblast', Russia",RS25,54.6458,35.2717,,,40.0
4,"Volodarskogo, Moskovskaya Oblast', Russia",RS47,55.5035,37.9417,,,50.0
4,"Petrovskiy, Stavropol'skiy Kray, Russia",RS70,45.5139,42.7944,823.0,19.683724351206198,26.0
4,"Uzen, Tomskaya Oblast', Russia",RS75,57.297,86.2215,,,70.0
4,"Nekhoteyevka, Belgorodskaya Oblast', Russia",RS09,50.3423,36.2997,,,31.0
4,"Novostroyevka-Vtoraya, Belgorodskaya Oblast', Russia",RS09,50.4203,35.7834,,,31.0
4,"Polenovo, Tul'skaya Oblast', Russia",RS76,54.7529,37.2379,,,71.0
4,"Chizhovka, Kaluzhskaya Oblast', Russia",RS25,54.4814,36.1662,,,40.0
4,"Afanasyeva, Irkutskaya Oblast', Russia",RS20,54.6397,100.617,,,38.0
4,"Irgiz, Samarskaya Oblast', Russia",RS65,52.3167,49.85,,,63.0
4,"Vtoraya Rechka, Primorskiy Kray, Russia",RS59,43.1706,131.92,,,25.0
4,"Smolyanka, Komi, Russia",RS34,61.6035,54.8026,,,11.0
4,"Aleshin, Krasnoyarskiy Kray, Russia",RS39,54.9214,90.85,,,24.0
4,"Karada, Dagestan, Russia",RS17,42.4692,46.8645,,,5.0
4,"Novaya Lyalya, Sverdlovskaya Oblast', Russia",RS71,59.055,60.599,2028.0,0.3056565751388535,66.0
4,"Lopatkina, Sverdlovskaya Oblast', Russia",RS71,57.5206,63.4326,,,66.0
4,"Mashina, Bryanskaya Oblast', Russia",RS10,52.8874,32.4379,,,32.0
4,"Grazhdanin, Amurskaya Oblast', Russia",RS05,55.3167,123.317,,,28.0
4,"Uryupinsk, Volgogradskaya Oblast', Russia",RS84,50.8047,42.0138,1011.0,1.0397629774181978,34.0
4,"Sorochinsk, Orenburgskaya Oblast', Russia",RS55,52.4338,53.1583,1675.0,0.8092137395991335,56.0
4,"Kuratovo, Komi, Russia",RS34,60.9084,49.7215,,,11.0
4,"Vizinga, Komi, Russia",RS34,61.0749,50.1031,238.0,1.0111366964837272,11.0
4,"Isetskoye, Tyumenskaya Oblast', Russia",RS78,56.4858,65.3226,2202.0,1.2177027066864345,72.0
4,"Trinog, Amurskaya Oblast', Russia",RS05,49.6,130.6,,,28.0
4,"Klichevka, Russia (General), Russia",RS00,44.3711,42.1767,,,91.0
4,"Sadovy, Kurskaya Oblast', Russia",RS41,51.4104,36.1685,,,46.0
4,"Krupskoy, Krasnodarskiy Kray, Russia",RS38,45.8735,38.508,,,23.0
4,"Stavropolskaya, Krasnodarskiy Kray, Russia",RS38,44.7157,38.8264,,,23.0
4,"Arkhipo-Osipovka, Krasnodarskiy Kray, Russia",RS38,44.3719,38.5297,,,23.0
4,"Butun, Altayskiy Kray, Russia",RS04,53.0283,82.8822,,,22.0
4,"Soin, Sakhalinskaya Oblast', Russia",RS64,48.0333,142.633,,,65.0
4,"Sovetskiy, Khanty-Mansiyskiy Avtonomnyy Okrug, Russia",RS32,61.3614,63.5842,2235.0,1.2315998665295123,86.0
4,"Pochtovoye, Arkhangel'skaya Oblast', Russia",RS06,63.1564,42.0252,,,29.0
4,"Ilyasov, Volgogradskaya Oblast', Russia",RS84,49.9988,43.6507,,,34.0
4,"Novorossiysk Bay, Krasnodarskiy Kray, Russia",RS38,44.7068,37.813,627.0,3.9608659712511782,23.0
4,"Laskovo, Ryazanskaya Oblast', Russia",RS62,54.3423,40.0691,,,62.0
4,"Ponomareva, Irkutskaya Oblast', Russia",RS20,52.95,103.65,,,38.0
4,"So  Zero, Khabarovskiy Kray, Russia",RS30,48.8333,133.717,,,27.0
4,"Mokra, Vladimirskaya Oblast', Russia",RS83,55.4852,42.0623,,,33.0
4,"Bereznyaki, Irkutskaya Oblast', Russia",RS20,56.8854,103.537,,,38.0
4,"Ingal, Khabarovskiy Kray, Russia",RS30,57.2833,134.85,,,27.0
4,"Bird Island, 92, Russia",RS92,57.1667,156.6,,,41.0
4,"Salaryevo, Ryazanskaya Oblast', Russia",RS62,54.0938,39.3547,,,62.0
4,"Shirokoye, Saratovskaya Oblast', Russia",RS67,50.426,47.3084,,,64.0
4,"Ostrikovka, Dagestan, Russia",RS17,43.65,47.0167,,,5.0
4,"Russko-Vysotskoye, Leningradskaya Oblast', Russia",RS42,59.6996,29.944,,,47.0
4,"Koshkin, Rostovskaya Oblast', Russia",RS61,47.3454,38.8722,,,61.0
4,"Suluk, Permskiy Kray, Russia",RS90,57.552,56.4509,,,59.0
4,"In Amichi, Amurskaya Oblast', Russia",RS05,55.4315,127.611,,,28.0
4,"Karpova, Smolenskaya Oblast', Russia",RS69,55.9886,34.1962,,,67.0
4,"Koroleva, Irkutskaya Oblast', Russia",RS20,57.05,101.583,,,38.0
4,"Tsekh, Kaluzhskaya Oblast', Russia",RS25,54.1019,34.6667,,,40.0
4,"Shelina, Pskovskaya Oblast', Russia",RS60,57.0776,27.963,,,60.0
4,"Langra, Sakhalinskaya Oblast', Russia",RS64,53.05,141.917,,,65.0
4,"Kamensk, Krasnoyarskiy Kray, Russia",RS39,58.3419,92.4632,,,24.0
4,"Yashkino, Kirovskaya Oblast', Russia",RS33,56.9086,51.2818,,,43.0
4,"Desnogorsk, Smolenskaya Oblast', Russia",RS69,54.1508,33.2815,2045.0,0.44063454256707774,67.0
4,"Veseloye, Buryatiya, Russia",RS11,52.6333,111.7,,,3.0
4,"Kharada, Dagestan, Russia",RS17,42.2215,46.2587,,,5.0
4,"Bytosh, Bryanskaya Oblast', Russia",RS10,53.8186,34.0912,,,32.0
4,"Nachal, Volgogradskaya Oblast', Russia",RS84,47.5728,43.9667,,,34.0
4,"Obmen, Kirovskaya Oblast', Russia",RS33,59.1198,53.4742,,,43.0
4,"Zharikova, Kaluzhskaya Oblast', Russia",RS25,54.1792,34.5357,,,40.0
4,"-Tyumen, Tyumenskaya Oblast', Russia",RS78,57.1522,65.5272,2210.0,0.9211656326478782,72.0
4,"Kolmakov, Kurskaya Oblast', Russia",RS41,51.1756,35.3439,,,46.0
4,"Bityug, Voronezhskaya Oblast', Russia",RS86,51.5966,39.764,,,36.0
4,"Vorontsovka, Irkutskaya Oblast', Russia",RS20,58.8531,112.901,,,38.0
4,"Rogachevka, Voronezhskaya Oblast', Russia",RS86,51.5319,39.5448,,,36.0
4,"Salsk, Rostovskaya Oblast', Russia",RS61,46.4455,41.6149,1835.0,6.636712360713204,61.0
4,"Myata, Tverskaya Oblast', Russia",RS77,56.0036,33.0903,,,69.0
4,"Rudakov, Rostovskaya Oblast', Russia",RS61,48.2827,40.8959,,,61.0
4,"Runas, Vologodskaya Oblast', Russia",RS85,59.152,39.2029,,,35.0
4,"Khleborobnoye, Rostovskaya Oblast', Russia",RS61,46.6949,40.8955,,,61.0
4,"Kreuzberg, Kaliningradskaya Oblast', Russia",RS23,54.4425,20.7608,,,39.0
4,"Sunzha, Severnaya Osetiya-Alaniya, Russia",RS68,43.0586,44.8228,,,15.0
4,"Kaks, Kirovskaya Oblast', Russia",RS33,57.7547,49.2323,,,43.0
4,"Pskovskaya, Belgorodskaya Oblast', Russia",RS09,50.9062,35.9676,,,31.0
4,"Atyg, Irkutskaya Oblast', Russia",RS20,60.3292,105.699,,,38.0
4,"Shavka, Nizhegorodskaya Oblast', Russia",RS51,56.0905,44.4363,,,52.0
4,"-  Pereverzev, Stavropol'skiy Kray, Russia",RS70,45.3744,42.0567,,,26.0
4,"Berezki, Moskovskaya Oblast', Russia",RS47,56.1,37.0333,,,50.0
4,"Repyakhovka, Voronezhskaya Oblast', Russia",RS86,50.4967,40.7949,,,36.0
4,"Dolgoye, Moskovskaya Oblast', Russia",RS47,54.7833,39.1167,,,50.0
4,"Sapy, Nizhegorodskaya Oblast', Russia",RS51,56.7984,44.2418,,,52.0
4,"Bocharov, Voronezhskaya Oblast', Russia",RS86,51.3422,38.5752,,,36.0
4,"Terskol, Kabardino-Balkariya, Russia",RS22,43.2553,42.5153,,,7.0
4,"Tsvety, Kirovskaya Oblast', Russia",RS33,58.4931,46.6906,,,43.0
4,"Yena, Murmanskaya Oblast', Russia",RS49,67.604,31.161,,,51.0
4,"Arkadak, Saratovskaya Oblast', Russia",RS67,51.9326,43.4978,1916.0,1.2926402730764022,64.0
4,"Lugovoye, Amurskaya Oblast', Russia",RS05,50.76,129.052,,,28.0
4,"Taratino, Ivanovskaya Oblast', Russia",RS21,57.1252,42.4882,,,37.0
4,"Alza, Mordoviya, Russia",RS46,54.4223,45.7197,,,13.0
4,"Gusino, Kurganskaya Oblast', Russia",RS40,55.3333,68.45,,,45.0
4,"Mzensk, Orlovskaya Oblast', Russia",RS56,53.2766,36.5733,,,57.0
4,"Elnya, Smolenskaya Oblast', Russia",RS69,54.5786,33.1837,2053.0,0.42312756089880355,67.0
4,"Plava, Tul'skaya Oblast', Russia",RS76,53.9537,37.1705,,,71.0
4,"Oserki, Arkhangel'skaya Oblast', Russia",RS06,63.4542,40.2513,,,29.0
4,"Prokhorenko, Bryanskaya Oblast', Russia",RS10,53.1262,31.7894,,,32.0
4,"Konstitutsiya, Volgogradskaya Oblast', Russia",RS84,48.6667,45.7333,,,34.0
4,"Chernigovskiy, Rostovskaya Oblast', Russia",RS61,46.8714,39.9417,,,61.0
4,"Menshchikov, Chelyabinskaya Oblast', Russia",RS13,54.7333,60.35,,,74.0
4,"Krivtsovo, Smolenskaya Oblast', Russia",RS69,54.5964,32.1853,,,67.0
4,"Vorotynsk, Orlovskaya Oblast', Russia",RS56,52.5098,37.6382,,,57.0
4,"Nemchinovo, Moskovskaya Oblast', Russia",RS47,55.6786,37.3621,,,50.0
4,"Uktus, Sverdlovskaya Oblast', Russia",RS71,56.7828,60.67,,,66.0
4,"Birma, Kareliya, Russia",RS28,64.3316,35.1885,,,10.0
4,"Pridacha, Bryanskaya Oblast', Russia",RS10,53.2529,32.5941,,,32.0
4,"Umari, Bashkortostan, Russia",RS08,55.4487,56.1925,,,2.0
4,"Kilma, Kirovskaya Oblast', Russia",RS33,56.9439,51.065,,,43.0
4,"-Ohoi, Sakhalinskaya Oblast', Russia",RS64,46.2,142.25,,,65.0
4,"Linkova, Krasnoyarskiy Kray, Russia",RS39,54.9497,95.8312,,,24.0
4,"Trofimova, Tverskaya Oblast', Russia",RS77,56.3033,31.9821,,,69.0
4,"Milyutina, Kemerovskaya Oblast', Russia",RS29,55.8997,84.7871,,,42.0
4,"Melga, Murmanskaya Oblast', Russia",RS49,66.5446,36.2025,,,51.0
4,"Solomina, Kemerovskaya Oblast', Russia",RS29,55.3062,85.5048,,,42.0
4,"Sengileyevskoye, Stavropol'skiy Kray, Russia",RS70,45.0458,41.6142,,,26.0
4,"Mokon, Zabaykal'skiy Kray, Russia",RS93,49.8037,112.745,,,75.0
4,"Olovo, Novosibirskaya Oblast', Russia",RS53,54.8,81.9667,,,54.0
4,"Lyamin, Khanty-Mansiyskiy Avtonomnyy Okrug, Russia",RS32,61.285,71.8025,,,86.0
4,"Kalga, Zabaykal'skiy Kray, Russia",RS93,50.9251,118.898,583.0,0.19202686960653806,75.0
4,"Andreevski, Volgogradskaya Oblast', Russia",RS84,50.6167,42.8167,,,34.0
4,"Fastovo, Moskovskaya Oblast', Russia",RS47,55.4378,38.4833,,,50.0
4,"Yakhontov, Belgorodskaya Oblast', Russia",RS09,50.7233,36.4381,,,31.0
4,"Satarov, Volgogradskaya Oblast', Russia",RS84,50.2822,42.5954,,,34.0
4,"Olginka, Tul'skaya Oblast', Russia",RS76,53.5997,38.028,,,71.0
4,"Mezentseva, Altayskiy Kray, Russia",RS04,52.9746,83.7603,,,22.0
4,"Konakovo, Tverskaya Oblast', Russia",RS77,57.2137,33.9922,,,69.0
4,"Marksist, Chelyabinskaya Oblast', Russia",RS13,55.2088,60.7666,,,74.0
4,"Oloy, Irkutskaya Oblast', Russia",RS20,52.9069,105.04,,,38.0
4,"Novoorlovskaya, Krasnoyarskiy Kray, Russia",RS39,57.3302,92.9286,,,24.0
4,"Rozka, Tul'skaya Oblast', Russia",RS76,53.3396,36.9183,,,71.0
4,"Chany, Novosibirskaya Oblast', Russia",RS53,55.312,76.7647,1628.0,0.5436126648250303,54.0
4,"Sibirskaya, Novosibirskaya Oblast', Russia",RS53,54.9639,83.0559,,,54.0
4,"Gaydamak, Primorskiy Kray, Russia",RS59,43.1095,131.928,,,25.0
4,"Yelizavetgrad, Altayskiy Kray, Russia",RS04,52.7833,79.35,,,22.0
4,"Chernigovskaya, Krasnodarskiy Kray, Russia",RS38,44.7017,39.6678,,,23.0
4,"Nemtsev, Belgorodskaya Oblast', Russia",RS09,50.599,37.6856,,,31.0
4,"Druzhnaya, Nizhegorodskaya Oblast', Russia",RS51,55.8,45.1833,,,52.0
4,"Skopin, Ryazanskaya Oblast', Russia",RS62,53.8249,39.5505,1867.0,0.17287382593659323,62.0
4,"Vagan, Novgorodskaya Oblast', Russia",RS52,59.0406,33.3943,,,53.0
4,"Dolgorukova, Leningradskaya Oblast', Russia",RS42,59.9272,30.4428,,,47.0
4,"Kindal, Tomskaya Oblast', Russia",RS75,59.155,80.5728,,,70.0
4,"Khrabrovo, Moskovskaya Oblast', Russia",RS47,54.7998,38.4832,,,50.0
4,"Pustynnoye, Kalmykiya, Russia",RS24,47.3532,46.4324,,,8.0
4,"Novinskoye, Ivanovskaya Oblast', Russia",RS21,57.1273,41.8272,,,37.0
4,"Varykino, Smolenskaya Oblast', Russia",RS69,55.2188,34.067,,,67.0
4,"Lake Beloe, Vologodskaya Oblast', Russia",RS85,60.2025,37.6598,,,35.0
4,"Kurp, Russia (General), Russia",RS00,43.6843,44.4303,,,91.0
4,"Mariinsky Canal, Vologodskaya Oblast', Russia",RS85,60.9167,36.8,,,35.0
4,"Novoaleksandrovskaya, Volgogradskaya Oblast', Russia",RS84,48.8,42.9833,,,34.0
4,"Uralkhimmash, Sverdlovskaya Oblast', Russia",RS71,56.7555,60.7301,,,66.0
4,"Taraval, Bashkortostan, Russia",RS08,53.0038,57.1773,,,2.0
4,"Gungo, Buryatiya, Russia",RS11,52.4782,109.713,,,3.0
4,"Belozersk, Buryatiya, Russia",RS11,50.6505,105.712,,,3.0
4,"Tarba, Murmanskaya Oblast', Russia",RS49,66.7206,33.895,,,51.0
4,"Novinskaya, Khanty-Mansiyskiy Avtonomnyy Okrug, Russia",RS32,63.5864,65.0958,,,86.0
4,"Anaka, Khabarovskiy Kray, Russia",RS30,50.6569,136.099,,,27.0
4,"Boks On, Buryatiya, Russia",RS11,51.9667,100.333,,,3.0
4,"Razliv, Kostromskaya Oblast', Russia",RS37,57.8374,40.6419,,,44.0
4,"Kotelnikov, Volgogradskaya Oblast', Russia",RS84,47.6464,43.1832,1025.0,3.478391920659673,34.0
4,"Studenets, Ivanovskaya Oblast', Russia",RS21,56.7962,39.9611,,,37.0
4,"Nuris, Kareliya, Russia",RS28,66.1655,30.6,,,10.0
4,"Ljubimovka, Orenburgskaya Oblast', Russia",RS55,52.1599,52.375,,,56.0
4,"Karaul, Kirovskaya Oblast', Russia",RS33,57.9752,51.1085,,,43.0
4,"Nosh, Permskiy Kray, Russia",RS90,58.5823,54.1579,,,59.0
4,"Shikha, Ivanovskaya Oblast', Russia",RS21,56.8069,39.6905,,,37.0
4,"Chikun, Rostovskaya Oblast', Russia",RS61,49.5869,40.2828,,,61.0
4,"Spiridonova Buda, Bryanskaya Oblast', Russia",RS10,52.2807,31.7811,,,32.0
4,"Osyp, Sverdlovskaya Oblast', Russia",RS71,56.7824,58.191,,,66.0
4,"Gimry, Dagestan, Russia",RS17,42.7597,46.8396,,,5.0
4,"Chirkata, Dagestan, Russia",RS17,42.7847,46.7162,,,5.0
4,"Ingol, Zabaykal'skiy Kray, Russia",RS93,53.1708,118.127,,,75.0
4,"Ilek-Penkovka, Belgorodskaya Oblast', Russia",RS09,50.7631,35.5494,,,31.0
4,"Serebryanskiy, Novosibirskaya Oblast', Russia",RS53,54.75,82.2667,,,54.0
4,"Krasnaya Presnya, Moskovskaya Oblast', Russia",RS47,55.75,37.55,1459.0,15.359290717564534,50.0
4,"Kozi, Kurskaya Oblast', Russia",RS41,51.6073,35.3883,,,46.0
4,"A Ya Ya, Sakha (Yakutiya), Russia",RS63,60.1333,134.8,,,14.0
4,"Gromki, Volgogradskaya Oblast', Russia",RS84,48.4974,44.8891,,,34.0
4,"Armenia Point, Rostovskaya Oblast', Russia",RS61,47.2649,39.0368,,,61.0
4,"Kabansk, Buryatiya, Russia",RS11,52.0486,106.653,94.0,0.4405269566639106,3.0
4,"Talim, Buryatiya, Russia",RS11,54.1167,112.1,,,3.0
4,"Shashka, Yaroslavskaya Oblast', Russia",RS88,58.4821,38.9663,,,76.0
4,"Tutayev, Yaroslavskaya Oblast', Russia",RS88,57.8853,39.5406,,,76.0
4,"Varnava, Nizhegorodskaya Oblast', Russia",RS51,54.7721,42.8354,,,52.0
4,"Shinova, Novgorodskaya Oblast', Russia",RS52,58.7064,32.9657,,,53.0
4,"Ketul, Udmurtiya, Russia",RS80,56.6863,53.4019,,,18.0
4,"Yampol, Omskaya Oblast', Russia",RS54,54.3099,74.3502,,,55.0
4,"Ulybino, Novosibirskaya Oblast', Russia",RS53,54.5834,82.9222,,,54.0
4,"Katama, Khabarovskiy Kray, Russia",RS30,51.3989,136.408,,,27.0
4,"Kirpy, Orenburgskaya Oblast', Russia",RS55,52.0167,56.6667,,,56.0
4,"Gimri, Dagestan, Russia",RS17,42.7597,46.8396,,,5.0
4,"Chirkova, Vologodskaya Oblast', Russia",RS85,59.7167,35.6167,,,35.0
4,"Izma, Tatarstan, Russia",RS73,56.1047,50.3962,,,16.0
4,"Tannu Tuva, Tyva, Russia",RS79,53.0,96.0,,,17.0
4,"Kipchak, Permskiy Kray, Russia",RS90,56.3867,55.4184,,,59.0
4,"Kamyshta, Khakasiya, Russia",RS31,53.2717,90.6958,,,19.0
4,"Vygozero, Kareliya, Russia",RS28,63.4167,35.2,,,10.0
4,"Ikra, Dagestan, Russia",RS17,41.5619,48.0126,,,5.0
4,"Oskino, Tomskaya Oblast', Russia",RS75,56.5136,84.1525,,,70.0
4,"Cherkassy, Orenburgskaya Oblast', Russia",RS55,51.8101,51.8101,,,56.0
4,"Tarasovka, Primorskiy Kray, Russia",RS59,43.9911,132.655,,,25.0
4,"Zhalga, Buryatiya, Russia",RS11,51.9961,101.453,,,3.0
4,"Tarusa, Kaluzhskaya Oblast', Russia",RS25,54.7244,37.1727,1219.0,0.7915902999570277,40.0
4,"Akishin, Volgogradskaya Oblast', Russia",RS84,50.7795,42.1559,,,34.0
4,"Shikhova, Permskiy Kray, Russia",RS90,58.2354,55.625,,,59.0
4,"Rudnya, Bryanskaya Oblast', Russia",RS10,53.1225,32.9118,,,32.0
4,"Koloma, Taymyrskiy (Dolgano-Nenetskiy) Avtonomnyy Okrug, Russia",RS74,70.25,94.7167,,,24.0
4,"Kosh-Agach, Altay, Russia",RS03,50.0,88.6667,11.0,0.6507208443664265,4.0
4,"Kyzylshin, Altay, Russia",RS03,50.6335,85.5949,,,4.0
4,"Razdolnoye, Kemerovskaya Oblast', Russia",RS29,56.1253,87.6209,,,42.0
4,"Urovo, Permskiy Kray, Russia",RS90,58.7882,54.1454,,,59.0
4,"Krasava, Ryazanskaya Oblast', Russia",RS62,54.0892,40.5351,,,62.0
4,"Olenevka, Rostovskaya Oblast', Russia",RS61,48.9465,40.4733,,,61.0
4,"Kirovskoye, Voronezhskaya Oblast', Russia",RS86,51.5304,39.9846,,,36.0
4,"Sanika, Ivanovskaya Oblast', Russia",RS21,57.1733,41.5904,,,37.0
4,"Palagay, Udmurtiya, Russia",RS80,57.952,52.3628,,,18.0
4,"Snov, , Russia",RS,51.5333,31.5333,,,
4,"Gladi, Novgorodskaya Oblast', Russia",RS52,59.1127,32.1041,,,53.0
4,"Sverdlovskiy, Sverdlovskaya Oblast', Russia",RS71,56.7637,60.5494,,,66.0
4,"Tobot, Dagestan, Russia",RS17,42.4894,46.739,,,5.0
4,"Bizhiktig-Khaya, Tyva, Russia",RS79,51.2,90.6833,,,17.0
4,"Yubileynoye, Amurskaya Oblast', Russia",RS05,51.5431,128.841,,,28.0
4,"Logvinovo, Tul'skaya Oblast', Russia",RS76,54.1446,37.2901,,,71.0
4,"Sitki, Kirovskaya Oblast', Russia",RS33,57.5764,47.9635,,,43.0
4,"Ishly, Bashkortostan, Russia",RS08,54.1972,55.9118,,,2.0
4,"Tretyakova, Novosibirskaya Oblast', Russia",RS53,55.4336,80.3083,,,54.0
4,"Prokopyevskaya, Kirovskaya Oblast', Russia",RS33,58.9762,53.1316,,,43.0
4,"Isayeva, Chelyabinskaya Oblast', Russia",RS13,55.55,61.4833,,,74.0
4,"Belovo, Pskovskaya Oblast', Russia",RS60,57.4054,28.5426,,,60.0
4,"Belovskaya, Yaroslavskaya Oblast', Russia",RS88,57.8727,37.7841,,,76.0
4,"Nikitskoye, Tverskaya Oblast', Russia",RS77,57.2342,37.7394,,,69.0
4,"Nazimova, Pskovskaya Oblast', Russia",RS60,56.4014,31.0838,,,60.0
4,"Vozrozhdeniye, Voronezhskaya Oblast', Russia",RS86,51.9057,39.396,,,36.0
4,"Dergachi, Tverskaya Oblast', Russia",RS77,56.6831,31.1698,,,69.0
4,"Kirsanov, Tambovskaya Oblast', Russia",RS72,52.6549,42.7224,2072.0,0.6848819217625256,68.0
4,"Frol, Vologodskaya Oblast', Russia",RS85,58.92,40.4842,,,35.0
4,"Mayevka, Tatarstan, Russia",RS73,55.9426,48.694,,,16.0
4,"Miasa, Russia (General), Russia",RS00,56.0935,64.501,,,91.0
4,"Terskiy Bereg, Murmanskaya Oblast', Russia",RS49,67.0,41.0,,,51.0
4,"Dvinskiy Zaliv, Arkhangel'skaya Oblast', Russia",RS06,64.9522,39.578,,,29.0
4,"Taibola, Murmanskaya Oblast', Russia",RS49,68.4372,33.3489,,,51.0
4,"Lapominka, Arkhangel'skaya Oblast', Russia",RS06,64.784,40.4581,,,29.0
4,"Novodvinsk, Arkhangel'skaya Oblast', Russia",RS06,64.4165,40.8122,895.0,0.9338340484097405,29.0
4,"Vaara, Kareliya, Russia",RS28,66.2167,33.1333,,,10.0
4,"Providenskiy Rayon, Chukotskiy Avtonomnyy Okrug, Russia",RS15,65.25,-175.0,,,87.0
4,"Anadyrskiy Rayon, Chukotskiy Avtonomnyy Okrug, Russia",RS15,65.0,173.0,,,87.0
4,"Tanyurer, Chukotskiy Avtonomnyy Okrug, Russia",RS15,64.8333,174.233,,,87.0
4,"Iultinskiy Rayon, Chukotskiy Avtonomnyy Okrug, Russia",RS15,66.6667,-179.0,,,87.0
4,"Algama, Sakha (Yakutiya), Russia",RS63,56.2939,129.962,,,14.0
4,"Nefteyugansk, Khanty-Mansiyskiy Avtonomnyy Okrug, Russia",RS32,61.0833,72.7,2220.0,4.984997237911154,86.0
4,"Alatyr, Nizhegorodskaya Oblast', Russia",RS51,54.8251,43.7255,,,52.0
4,"Viry, Pskovskaya Oblast', Russia",RS60,56.6524,28.3997,,,60.0
4,"Ishimbay, Bashkortostan, Russia",RS08,53.4545,56.0415,57.0,0.16051334885722557,2.0
4,"Alapayevsk, Sverdlovskaya Oblast', Russia",RS71,57.8516,61.6963,2015.0,0.1166777130976486,66.0
4,"Klyuev, Rostovskaya Oblast', Russia",RS61,46.7319,40.6445,,,61.0
4,"Merey, Sakha (Yakutiya), Russia",RS63,63.5833,118.7,,,14.0
4,"Arani, Dagestan, Russia",RS17,42.5569,46.7228,,,5.0
4,"Khodary, Chuvashiya, Russia",RS16,55.5853,46.6124,,,21.0
4,"Mityushikha, Arkhangel'skaya Oblast', Russia",RS06,73.6667,55.3833,,,29.0
4,"Rezets, Murmanskaya Oblast', Russia",RS49,68.9504,33.001,,,51.0
4,"Burlaki, Kirovskaya Oblast', Russia",RS33,58.3019,48.9285,,,43.0
4,"Sukhov, Stavropol'skiy Kray, Russia",RS70,44.01,44.3503,,,26.0
4,"Ramenskoe, Moskovskaya Oblast', Russia",RS47,55.5669,38.2303,1500.0,0.4676363474071074,50.0
4,"Kulu, Magadanskaya Oblast', Russia",RS44,61.9167,147.417,,,49.0
4,"Lorka, Rsja, Russia",RSJA,45.225,147.876,,,65.0
4,"Sychev, Volgogradskaya Oblast', Russia",RS84,51.1203,41.9031,,,34.0
4,"Tulay, Altayskiy Kray, Russia",RS04,53.1265,81.883,,,22.0
4,"Zabrodina, Altayskiy Kray, Russia",RS04,53.8056,83.6648,,,22.0
4,"Vyra, Leningradskaya Oblast', Russia",RS42,59.3504,29.9625,,,47.0
4,"Dvortsovy, Stavropol'skiy Kray, Russia",RS70,44.6079,42.0931,,,26.0
4,"Shadrinsk, Kurganskaya Oblast', Russia",RS40,56.0852,63.6335,1354.0,0.3464689227473967,45.0
4,"Rovnopolye, Krasnodarskiy Kray, Russia",RS38,45.1606,40.9067,,,23.0
4,"Shirokov, Saratovskaya Oblast', Russia",RS67,50.426,47.3084,,,64.0
4,"Talgat, Krasnoyarskiy Kray, Russia",RS39,55.2023,92.2706,,,24.0
4,"Srednik, Ryazanskaya Oblast', Russia",RS62,54.5354,41.0658,,,62.0
4,"Nezabudka, Sakhalinskaya Oblast', Russia",RS64,49.1,144.267,,,65.0
4,"Prozorova, Orlovskaya Oblast', Russia",RS56,52.2464,36.5191,,,57.0
4,"Solnechnyy, Kemerovskaya Oblast', Russia",RS29,55.35,86.0667,,,42.0
4,"Kholodnyy, Belgorodskaya Oblast', Russia",RS09,50.8354,37.087,,,31.0
4,"Carelia, Russia (General), Russia",RS00,64.0,32.0,,,91.0
4,"Zaozersk, Murmanskaya Oblast', Russia",RS49,69.4005,32.4476,1515.0,0.24965031431796056,51.0
4,"Vonda, Nenetskiy Avtonomnyy Okrug, Russia",RS50,67.0833,53.8667,,,83.0
4,"Blackpoint, 92, Russia",RS92,54.6833,167.85,,,41.0
4,"Ikat, Buryatiya, Russia",RS11,54.25,111.917,,,3.0
4,"Karavay, Udmurtiya, Russia",RS80,56.7301,52.4985,,,18.0
4,"Karafuto, Sakhalinskaya Oblast', Russia",RS64,51.0,143.0,,,65.0
4,"Zayar, Volgogradskaya Oblast', Russia",RS84,48.6945,44.9332,,,34.0
4,"Kabardinka, Krasnodarskiy Kray, Russia",RS38,44.5058,39.4902,,,23.0
4,"Kolonka, Bashkortostan, Russia",RS08,54.05,54.7,,,2.0
4,"Shetinovka, Irkutskaya Oblast', Russia",RS20,55.8167,97.6333,,,38.0
4,"Tsugol, Zabaykal'skiy Kray, Russia",RS93,51.0468,115.603,,,75.0
4,"Franz Josef Islands, Arkhangel'skaya Oblast', Russia",RS06,81.0,55.0,,,29.0
4,"Chernovets, Kurskaya Oblast', Russia",RS41,51.2565,36.9556,,,46.0
4,"Karymshina, 92, Russia",RS92,52.9528,158.292,,,41.0
4,"Slobodskoye, Nizhegorodskaya Oblast', Russia",RS51,56.0102,44.3923,,,52.0
4,"Revolyutsiya, Mariy-El, Russia",RS45,56.1411,46.251,,,12.0
4,"Sobachka, (Rs58), Russia",RS58,60.0667,59.6667,,,
4,"Internatsional, Kirovskaya Oblast', Russia",RS33,59.7667,47.7833,,,43.0
4,"Chirok, Vologodskaya Oblast', Russia",RS85,60.0144,37.1863,,,35.0
4,"Ekonomiya, Arkhangel'skaya Oblast', Russia",RS06,64.6964,40.5072,,,29.0
4,"Ashka, Sverdlovskaya Oblast', Russia",RS71,57.908,59.2317,,,66.0
4,"Mazada, Dagestan, Russia",RS17,42.198,46.3927,,,5.0
4,"Sosta, Kalmykiya, Russia",RS24,45.4094,45.3494,,,8.0
4,"Domna, Zabaykal'skiy Kray, Russia",RS93,51.8971,113.157,,,75.0
4,"Merkushina, Sverdlovskaya Oblast', Russia",RS71,56.8333,62.4167,,,66.0
4,"Krugly, Voronezhskaya Oblast', Russia",RS86,50.2131,40.7874,,,36.0
4,"Popovka, Voronezhskaya Oblast', Russia",RS86,49.7958,40.1828,,,36.0
4,"Orlyanka, Smolenskaya Oblast', Russia",RS69,55.3051,34.0734,,,67.0
4,"-Dinamo, Arkhangel'skaya Oblast', Russia",RS06,64.4481,40.6629,,,29.0
4,"Nikulina, Smolenskaya Oblast', Russia",RS69,55.6412,32.315,,,67.0
4,"Boguchany, Krasnoyarskiy Kray, Russia",RS39,58.3814,97.4531,689.0,0.5186929184201512,24.0
4,"Ostanin, Russia (General), Russia",RS00,63.3611,46.9381,,,91.0
4,"Yadgar, Bashkortostan, Russia",RS08,53.6613,58.4455,,,2.0
4,"Shikhan, Samarskaya Oblast', Russia",RS65,54.2677,50.9905,,,63.0
4,"Groznyy, Chechnya And Ingushetiya, Russia",RSCI,43.3119,45.6889,461.0,0.9419169725778268,20.0
4,"Zelenyy Dol, Irkutskaya Oblast', Russia",RS20,55.3333,102.0,,,38.0
4,"Komsomolskiy, Kostromskaya Oblast', Russia",RS37,57.8525,43.8614,,,44.0
4,"Lipov, Rostovskaya Oblast', Russia",RS61,48.2061,40.5144,,,61.0
4,"Sekta, Khakasiya, Russia",RS31,54.6833,89.2333,,,19.0
4,"Khangar, Buryatiya, Russia",RS11,51.4151,102.799,,,3.0
4,"Morye, Leningradskaya Oblast', Russia",RS42,60.166,31.0413,,,47.0
4,"Medvezhiy Ruchey, Irkutskaya Oblast', Russia",RS20,55.4,103.25,,,38.0
4,"Krasovka, Tul'skaya Oblast', Russia",RS76,53.3501,38.0102,,,71.0
4,"Cherikovo, Kaluzhskaya Oblast', Russia",RS25,55.1176,36.8734,,,40.0
4,"Balabanov, Rostovskaya Oblast', Russia",RS61,47.7475,39.3586,,,61.0
4,"Iskon, Tul'skaya Oblast', Russia",RS76,54.7925,37.2942,,,71.0
4,"Kizil, Tyva, Russia",RS79,51.7,94.45,,,17.0
4,"Kukushkin, Sakha (Yakutiya), Russia",RS63,55.8928,127.428,,,14.0
4,"Grinev, Belgorodskaya Oblast', Russia",RS09,50.6477,37.6792,,,31.0
4,"Redkino, Orlovskaya Oblast', Russia",RS56,52.2167,37.85,,,57.0
4,"Sakhalin, Buryatiya, Russia",RS11,51.669,108.728,,,3.0
4,"Gremyachinskoye, Zabaykal'skiy Kray, Russia",RS93,50.3258,108.63,,,75.0
4,"But Kent, Dagestan, Russia",RS17,41.6001,48.18,,,5.0
4,"Promstroy, Chelyabinskaya Oblast', Russia",RS13,53.308,59.1344,,,74.0
4,"Korochka, Belgorodskaya Oblast', Russia",RS09,51.0156,37.2911,942.0,23.748468977910708,31.0
4,"Novaya Zhizn, Tambovskaya Oblast', Russia",RS72,52.6745,41.1518,,,68.0
4,"Chembar, Ryazanskaya Oblast', Russia",RS62,54.1312,40.6168,,,62.0
4,"Kamyshev, Rostovskaya Oblast', Russia",RS61,46.8837,42.5121,,,61.0
4,"Ekaterinodar, Krasnodarskiy Kray, Russia",RS38,45.0488,38.9725,,,23.0
4,"Islamey, Kabardino-Balkariya, Russia",RS22,43.6756,43.455,,,7.0
4,"Ukolka, 92, Russia",RS92,57.3,162.75,,,41.0
4,"Belavin, Rostovskaya Oblast', Russia",RS61,49.3027,42.0037,,,61.0
4,"Robchik, Bryanskaya Oblast', Russia",RS10,52.7882,32.4916,,,32.0
4,"Kuropatkino, Sverdlovskaya Oblast', Russia",RS71,59.1095,61.2506,,,66.0
4,"Shatura, Moskovskaya Oblast', Russia",RS47,55.5725,39.5368,1485.0,0.7887758430660546,50.0
4,"Lukyanova, Ryazanskaya Oblast', Russia",RS62,54.3167,41.9,,,62.0
4,"Myaglovo, Leningradskaya Oblast', Russia",RS42,59.8912,30.6908,,,47.0
4,"Sidorkin, Belgorodskaya Oblast', Russia",RS09,50.5973,38.606,,,31.0
4,"Fabrichnaya, Moskovskaya Oblast', Russia",RS47,55.5717,38.2053,,,50.0
4,"Lyubuchany, Moskovskaya Oblast', Russia",RS47,55.2509,37.5499,,,50.0
4,"Storozhevoye, Permskiy Kray, Russia",RS90,59.2167,58.4,,,59.0
4,"Chirik, Altayskiy Kray, Russia",RS04,52.8908,83.7426,,,22.0
4,"Babki, Yaroslavskaya Oblast', Russia",RS88,57.2041,39.3583,,,76.0
4,"Prost Or, Arkhangel'skaya Oblast', Russia",RS06,61.4778,38.2678,,,29.0
4,"Ever On, Khabarovskiy Kray, Russia",RS30,51.5406,136.501,,,27.0
4,"Chugunov, Volgogradskaya Oblast', Russia",RS84,49.0167,45.45,,,34.0
4,"Arkhangelskaya, Tambovskaya Oblast', Russia",RS72,53.62,41.5944,,,68.0
4,"Oyat, Leningradskaya Oblast', Russia",RS42,60.5028,33.0307,,,47.0
4,"Kharampur, Yamalo-Nenetskiy Avtonomnyy Okrug, Russia",RS87,64.3333,78.05,,,89.0
4,"Tyungur, Altay, Russia",RS03,50.2,86.3333,,,4.0
4,"Ariy, Sverdlovskaya Oblast', Russia",RS71,56.7715,58.1413,,,66.0
4,"To Masha, Arkhangel'skaya Oblast', Russia",RS06,62.393,45.1499,,,29.0
4,"Tarasy, Pskovskaya Oblast', Russia",RS60,56.3262,28.9705,,,60.0
4,"Aidat, Krasnoyarskiy Kray, Russia",RS39,56.4806,89.2478,,,24.0
4,"Ochaki, Chechnya And Ingushetiya, Russia",RSCI,42.8369,45.3194,,,20.0
4,"Malakhova, Permskiy Kray, Russia",RS90,59.0969,54.2664,,,59.0
4,"Chikunova, Sverdlovskaya Oblast', Russia",RS71,56.6955,62.8331,,,66.0
4,"Henrietta Island, Sakha (Yakutiya), Russia",RS63,77.1,156.5,,,14.0
4,"Herald Island, Chukotskiy Avtonomnyy Okrug, Russia",RS15,71.3833,-175.667,,,87.0
4,"Kens, Amurskaya Oblast', Russia",RS05,55.6224,129.934,,,28.0
4,"Monetka, Sakhalinskaya Oblast', Russia",RS64,46.4314,143.38,,,65.0
4,"-Khitab, Dagestan, Russia",RS17,42.0759,46.8645,,,5.0
4,"Novodevichiy, Belgorodskaya Oblast', Russia",RS09,50.4838,37.5826,,,31.0
4,"Nusa, Kirovskaya Oblast', Russia",RS33,56.9056,49.9576,,,43.0
4,"Kuybyshevskiy, Samarskaya Oblast', Russia",RS65,52.6483,49.6041,,,63.0
4,"Kurul, Sverdlovskaya Oblast', Russia",RS71,57.2405,58.081,,,66.0
4,"Gasha, Dagestan, Russia",RS17,42.3359,47.8307,,,5.0
4,"Kugener, Mariy-El, Russia",RS45,56.7364,48.6003,,,12.0
4,"Izmailovskaya, Arkhangel'skaya Oblast', Russia",RS06,62.1037,38.8434,,,29.0
4,"Zapadnaya, Rsja, Russia",RSJA,43.7667,145.433,,,65.0
4,"Emta, Khabarovskiy Kray, Russia",RS30,61.8,146.017,,,27.0
4,"Povorot, Buryatiya, Russia",RS11,50.9194,106.624,,,3.0
4,"Koshkar, Samarskaya Oblast', Russia",RS65,54.3451,50.7104,1897.0,22.082414592217976,63.0
4,"Alazeya, Sakha (Yakutiya), Russia",RS63,70.85,153.7,,,14.0
4,"Zapadnaya Litsa, Murmanskaya Oblast', Russia",RS49,69.4246,32.2763,,,51.0
4,"Uspenovka, Amurskaya Oblast', Russia",RS05,49.6954,129.225,,,28.0
4,"Kusha, Arkhangel'skaya Oblast', Russia",RS06,63.7221,37.053,,,29.0
4,"Astrakhanskoye, Khabarovskiy Kray, Russia",RS30,53.0175,140.919,,,27.0
4,"Orenburgskoye, Khabarovskiy Kray, Russia",RS30,46.7951,134.24,,,27.0
4,"Nelta, Khabarovskiy Kray, Russia",RS30,48.55,136.45,,,27.0
4,"Kedrovaya Pad, Primorskiy Kray, Russia",RS59,43.0979,131.558,,,25.0
4,"Kilina, Tomskaya Oblast', Russia",RS75,58.0303,87.6825,,,70.0
4,"Buldak, Voronezhskaya Oblast', Russia",RS86,51.0514,41.7381,,,36.0
4,"Shirokaya Balka, Krasnodarskiy Kray, Russia",RS38,44.4828,39.4145,,,23.0
4,"Ivushka, Novosibirskaya Oblast', Russia",RS53,55.5431,78.2238,,,54.0
5,"Mariy El, Mariy-El, Russia",RS45,56.5,48.0,,,12.0
4,"Privolzhsk, Ivanovskaya Oblast', Russia",RS21,57.387,41.2867,1125.0,0.8118596994145698,37.0
4,"Kratovo, Moskovskaya Oblast', Russia",RS47,55.5973,38.1774,,,50.0
4,"Oleynikov, Volgogradskaya Oblast', Russia",RS84,49.7167,45.6333,,,34.0
4,"Sadovoe, Voronezhskaya Oblast', Russia",RS86,51.5311,40.5019,,,36.0
4,"Ayaga, Buryatiya, Russia",RS11,50.85,108.217,,,3.0
4,"Daraganovka, Rostovskaya Oblast', Russia",RS61,47.2417,38.7838,,,61.0
4,"Kubinskaya, Vologodskaya Oblast', Russia",RS85,60.5217,39.5909,,,35.0
4,"Sobolyatnik, Primorskiy Kray, Russia",RS59,43.1939,133.356,,,25.0
4,"Dolinka, Leningradskaya Oblast', Russia",RS42,58.6333,30.0833,,,47.0
4,"Samina, Russia (General), Russia",RS00,61.2742,36.6205,,,91.0
4,"Kaindy, Altay, Russia",RS03,51.4667,85.4167,,,4.0
4,"Bolshaya Pikhtovaya, Tyumenskaya Oblast', Russia",RS78,58.9567,72.3435,,,72.0
4,"Niya, Permskiy Kray, Russia",RS90,58.3595,55.1055,,,59.0
4,"Yakimov, Kurskaya Oblast', Russia",RS41,51.836,35.3373,,,46.0
4,"Lzen, Novgorodskaya Oblast', Russia",RS52,58.2685,31.7166,,,53.0
4,"Enbekshikazakh, Omskaya Oblast', Russia",RS54,55.3189,71.5181,,,55.0
4,"Tsinga, Tyumenskaya Oblast', Russia",RS78,59.7682,70.8951,,,72.0
4,"Kovalevka, Pskovskaya Oblast', Russia",RS60,56.1705,28.7364,,,60.0
4,"Smolino, Moskovskaya Oblast', Russia",RS47,55.3556,36.4422,,,50.0
4,"Gatika, Leningradskaya Oblast', Russia",RS42,59.6372,31.9521,,,47.0
4,"Sovkino, Tverskaya Oblast', Russia",RS77,56.1769,31.6648,,,69.0
4,"Schirwindt, Kaliningradskaya Oblast', Russia",RS23,54.7822,22.845,,,39.0
4,"Buchki, Bryanskaya Oblast', Russia",RS10,52.7072,33.1546,,,32.0
4,"Baymak, Bashkortostan, Russia",RS08,52.4667,58.25,35.0,15.101417916026149,2.0
4,"Taimir, Taymyrskiy (Dolgano-Nenetskiy) Avtonomnyy Okrug, Russia",RS74,76.0,104.0,,,24.0
4,"Smolina, Omskaya Oblast', Russia",RS54,57.4961,71.0188,,,55.0
4,"Fetisova, Sverdlovskaya Oblast', Russia",RS71,59.8333,62.65,,,66.0
4,"Gornyak, Ryazanskaya Oblast', Russia",RS62,53.6042,39.4876,,,62.0
4,"Mikun, Komi, Russia",RS34,62.1994,49.9428,,,11.0
4,"Mordva, Tatarstan, Russia",RS73,56.3477,52.9216,,,16.0
4,"Narofominsk, Moskovskaya Oblast', Russia",RS47,55.3875,36.7331,1468.0,0.7039020523386785,50.0
4,"Khlysty, Penzenskaya Oblast', Russia",RS57,53.3567,43.6947,,,58.0
4,"Pokrovskoe, Kurskaya Oblast', Russia",RS41,51.8,37.2667,,,46.0
4,"Cheshkovo, Moskovskaya Oblast', Russia",RS47,55.3971,36.6157,,,50.0
4,"-Arag, Dagestan, Russia",RS17,41.6727,48.1317,,,5.0
4,"Golden Horn Bay, Primorskiy Kray, Russia",RS59,43.1084,131.889,,,25.0
4,"Chichagov, Primorskiy Kray, Russia",RS59,43.3987,131.967,,,25.0
4,"Diveyevo, Nizhegorodskaya Oblast', Russia",RS51,55.0433,43.2418,,,52.0
4,"Mayory, Udmurtiya, Russia",RS80,58.1255,53.9327,,,18.0
4,"Beregovo, Tverskaya Oblast', Russia",RS77,57.0917,37.9098,,,69.0
4,"Mayorskoye, Orenburgskaya Oblast', Russia",RS55,52.0333,55.2333,,,56.0
4,"Rossoshi, Voronezhskaya Oblast', Russia",RS86,51.1209,38.5116,,,36.0
4,"Verkhneuralsk, Chelyabinskaya Oblast', Russia",RS13,53.8769,59.2106,2296.0,0.6249939390476474,74.0
4,"Lineynoye, Kaliningradskaya Oblast', Russia",RS23,54.5424,20.57,,,39.0
4,"Zmeyevka, Permskiy Kray, Russia",RS90,59.2833,56.5167,,,59.0
4,"Kukisvumchorr, Murmanskaya Oblast', Russia",RS49,67.6638,33.7221,,,51.0
4,"Vorgashor, Komi, Russia",RS34,67.5833,63.95,,,11.0
4,"Ulka, Adygeya, Russia",RS01,45.0561,40.0043,,,1.0
4,"Razdolye, Voronezhskaya Oblast', Russia",RS86,51.2981,42.6931,,,36.0
4,"Gabya, Russia (General), Russia",RS00,53.7421,33.6997,,,91.0
4,"Karabayeva, Sverdlovskaya Oblast', Russia",RS71,58.6361,62.2144,,,66.0
4,"Davydkovo, Tverskaya Oblast', Russia",RS77,56.7192,32.9528,,,69.0
4,"Matang, Khabarovskiy Kray, Russia",RS30,57.5667,135.933,,,27.0
4,"Klinok, Ryazanskaya Oblast', Russia",RS62,53.8341,40.3884,,,62.0
4,"Talaya, Permskiy Kray, Russia",RS90,59.7855,57.709,,,59.0
4,"Solonka, Volgogradskaya Oblast', Russia",RS84,50.1986,41.4667,,,34.0
4,"Aginskoe, Zabaykal'skiy Kray, Russia",RS93,51.1,114.533,604.0,0.840829019330091,75.0
4,"Tomashi, Permskiy Kray, Russia",RS90,58.0,54.2,,,59.0
4,"Aginskoye, Zabaykal'skiy Kray, Russia",RS93,51.1,114.533,604.0,0.840829019330091,75.0
4,"Maynila, Leningradskaya Oblast', Russia",RS42,60.2333,29.8833,,,47.0
4,"Karimova, Bashkortostan, Russia",RS08,54.6954,59.8154,,,2.0
4,"Mogol, Irkutskaya Oblast', Russia",RS20,57.2667,108.2,,,38.0
4,"Kenxi, Chechnya And Ingushetiya, Russia",RSCI,43.5438,45.5144,,,20.0
4,"Srednekolymsk, Sakha (Yakutiya), Russia",RS63,67.45,153.683,335.0,1.197281297740862,14.0
4,"Karpovo, Vologodskaya Oblast', Russia",RS85,58.8782,35.6709,,,35.0
4,"Malaya Neva, Sankt-Peterburg, Russia",RS66,59.9619,30.2342,,,47.0
4,"Kazaki, Smolenskaya Oblast', Russia",RS69,54.0425,33.0506,,,67.0
4,"Ryazanskaya, Krasnodarskiy Kray, Russia",RS38,44.9553,39.5889,,,23.0
4,"Volynskaya, Krasnoyarskiy Kray, Russia",RS39,56.3706,89.1583,,,24.0
4,"Dmitrovskaya, Moskva, Russia",RS48,55.8078,37.5781,,,50.0
4,"Troparevo, Moskovskaya Oblast', Russia",RS47,55.3783,35.8978,,,50.0
4,"Kurkino, Kurskaya Oblast', Russia",RS41,51.8665,36.2655,,,46.0
4,"Khovrino, Ul'yanovskaya Oblast', Russia",RS81,54.1107,47.1718,,,73.0
4,"Biryukov, Saratovskaya Oblast', Russia",RS67,50.0983,48.2817,,,64.0
4,"Adaga, Dagestan, Russia",RS17,42.0097,47.7136,,,5.0
4,"Belushya Guba, Arkhangel'skaya Oblast', Russia",RS06,71.5392,52.3321,894.0,0.40999364263293264,29.0
4,"Malkas, Krasnoyarskiy Kray, Russia",RS39,56.9206,95.815,,,24.0
4,"Krasnogor, Nizhegorodskaya Oblast', Russia",RS51,57.7565,46.298,,,52.0
4,"Shita, Adygeya, Russia",RS01,43.9976,40.3274,,,1.0
4,"Grebnevo, Tverskaya Oblast', Russia",RS77,57.4884,33.4222,,,69.0
4,"Derevyannoye, Kareliya, Russia",RS28,61.6043,34.6662,,,10.0
4,"Usty, Smolenskaya Oblast', Russia",RS69,55.6075,32.7411,,,67.0
4,"Porsha, Vologodskaya Oblast', Russia",RS85,60.5917,44.178,,,35.0
4,"Khuzhir, Irkutskaya Oblast', Russia",RS20,53.1939,107.34,,,38.0
4,"Sakhyurta, Irkutskaya Oblast', Russia",RS20,53.0208,106.88,,,38.0
4,"Khamnigan, Buryatiya, Russia",RS11,50.8556,103.836,,,3.0
4,"Sakharnaya Golovka, Primorskiy Kray, Russia",RS59,42.6989,130.597,,,25.0
4,"Bakala, Altay, Russia",RS03,51.8894,86.0386,,,4.0
4,"Tolyatti, Samarskaya Oblast', Russia",RS65,53.5428,49.6222,1882.0,14.534777201719931,63.0
4,"Chutkin, Astrakhanskaya Oblast', Russia",RS07,47.8319,45.7465,,,30.0
4,"Karpovka, Rostovskaya Oblast', Russia",RS61,47.402,40.5849,,,61.0
4,"Yelokhovo, Tverskaya Oblast', Russia",RS77,57.4047,34.3019,,,69.0
4,"Zaychik, 92, Russia",RS92,52.9833,158.233,,,41.0
4,"Nadezhdovka, Kurskaya Oblast', Russia",RS41,51.5698,35.0396,,,46.0
4,"- Rakushka, Primorskiy Kray, Russia",RS59,43.9361,135.453,,,25.0
4,"Lysva, Permskiy Kray, Russia",RS90,58.1086,57.8053,731.0,0.41961631950868766,59.0
4,"Amya, Permskiy Kray, Russia",RS90,57.0455,55.5847,,,59.0
4,"Oulankajoki, Russia (General), Russia",RS00,66.1667,30.7167,,,91.0
4,"Trushin, Khakasiya, Russia",RS31,54.5481,89.5428,,,19.0
4,"Pozharskaya, Primorskiy Kray, Russia",RS59,46.29,134.02,799.0,27.535955629011486,25.0
4,"Ivanovskiy, Amurskaya Oblast', Russia",RS05,49.3333,130.717,,,28.0
4,"Achkasovo, Lipetskaya Oblast', Russia",RS43,52.5939,38.0591,,,48.0
4,"Kemenka, Sakha (Yakutiya), Russia",RS63,60.2611,117.058,,,14.0
4,"Kayum, 92, Russia",RS92,58.9333,162.8,,,41.0
4,"Gyda, Yamalo-Nenetskiy Avtonomnyy Okrug, Russia",RS87,70.8814,78.4661,,,89.0
4,"Mankovka, Rostovskaya Oblast', Russia",RS61,48.7708,41.5512,,,61.0
4,"Staromikhaylovka, Bashkortostan, Russia",RS08,55.2,58.1667,,,2.0
4,"Bolshaya Martynovka, Rostovskaya Oblast', Russia",RS61,47.2742,41.6668,1821.0,0.36219340863485994,61.0
4,"Khalta, Irkutskaya Oblast', Russia",RS20,53.0527,102.712,,,38.0
4,"Adelino, Saratovskaya Oblast', Russia",RS67,52.1667,44.25,,,64.0
4,"Novoslobodsk, Kaluzhskaya Oblast', Russia",RS25,53.9669,34.817,,,40.0
4,"Gastello, Sakhalinskaya Oblast', Russia",RS64,49.1167,142.967,,,65.0
4,"Dappy, Khabarovskiy Kray, Russia",RS30,50.1883,137.385,,,27.0
4,"Chen Na, Khabarovskiy Kray, Russia",RS30,49.5167,136.883,,,27.0
4,"Novoyegorovka, Rostovskaya Oblast', Russia",RS61,47.6144,39.6081,,,61.0
4,"Gavrilov Posad, Ivanovskaya Oblast', Russia",RS21,56.5593,40.121,1115.0,0.0875065572957232,37.0
4,"Inesh, Russia (General), Russia",RS00,55.3901,47.873,,,91.0
4,"Ravnopol, Rostovskaya Oblast', Russia",RS61,47.7586,39.0761,,,61.0
4,"Detchino, Kaluzhskaya Oblast', Russia",RS25,54.8092,36.3075,,,40.0
4,"Vyshka, Permskiy Kray, Russia",RS90,57.8,57.5,,,59.0
4,"Chaplinka, Tverskaya Oblast', Russia",RS77,57.2915,37.8114,,,69.0
4,"Alasa, Sakha (Yakutiya), Russia",RS63,60.1333,133.917,,,14.0
4,"Pimenov, Rostovskaya Oblast', Russia",RS61,47.413,38.7568,,,61.0
4,"Kuliga, Arkhangel'skaya Oblast', Russia",RS06,62.7578,43.242,,,29.0
4,"Talovka, Tyumenskaya Oblast', Russia",RS78,56.5867,65.6195,,,72.0
4,"Khomyakovo, Udmurtiya, Russia",RS80,58.0,52.5333,,,18.0
4,"Zarechensk, Murmanskaya Oblast', Russia",RS49,66.6667,31.3833,,,51.0
4,"Kalakala, Krasnoyarskiy Kray, Russia",RS91,57.9565,100.692,,,24.0
4,"Baltasi, Tatarstan, Russia",RS73,56.3462,50.2062,367.0,0.36620974593806904,16.0
4,"Tastakh, Sakha (Yakutiya), Russia",RS63,71.0167,137.583,,,14.0
4,"Umalta, Khabarovskiy Kray, Russia",RS30,51.65,133.3,,,27.0
4,"Pistash, Mariy-El, Russia",RS45,56.855,48.85,,,12.0
4,"Sazonova, Tverskaya Oblast', Russia",RS77,56.2375,32.0081,,,69.0
4,"Kolotilovka, Belgorodskaya Oblast', Russia",RS09,50.8555,35.6007,,,31.0
4,"Kuva, Permskiy Kray, Russia",RS90,59.1259,54.1748,,,59.0
4,"Sankichi, Kirovskaya Oblast', Russia",RS33,59.3097,49.1432,,,43.0
4,"Irba, Krasnoyarskiy Kray, Russia",RS39,58.1167,99.0,,,24.0
4,"Seym, Kurskaya Oblast', Russia",RS41,51.3565,37.0402,,,46.0
4,"Tungusy, Irkutskaya Oblast', Russia",RS20,52.7878,102.45,,,38.0
4,"Shakhtinskiy, Tul'skaya Oblast', Russia",RS76,53.9574,38.4968,,,71.0
4,"Chalba, Zabaykal'skiy Kray, Russia",RS93,51.2403,119.771,,,75.0
4,"Bekon, Sverdlovskaya Oblast', Russia",RS71,56.7291,63.0198,,,66.0
4,"Kartsev, Adygeya, Russia",RS01,44.7469,40.3569,,,1.0
4,"Hohensalzburg, Kaliningradskaya Oblast', Russia",RS23,54.9192,22.0781,,,39.0
4,"Boochi, Altay, Russia",RS03,50.742,85.8198,,,4.0
4,"Kuokkala, Sankt-Peterburg, Russia",RS66,60.1688,29.8702,,,47.0
4,"Ust Padenga, Arkhangel'skaya Oblast', Russia",RS06,61.9058,42.6536,,,29.0
4,"Karauzek, Astrakhanskaya Oblast', Russia",RS07,46.5466,48.6288,,,30.0
4,"Khapsagay, Irkutskaya Oblast', Russia",RS20,53.3503,105.607,,,38.0
4,"Spasskiy, Tomskaya Oblast', Russia",RS75,56.9006,84.9889,,,70.0
4,"Spasskiye, Orlovskaya Oblast', Russia",RS56,52.15,37.1167,,,57.0
4,"Karagandy, Orenburgskaya Oblast', Russia",RS55,51.6667,59.0667,,,56.0
4,"Zolotar, Vologodskaya Oblast', Russia",RS85,60.4167,45.4833,,,35.0
4,"Kondrovo, Tul'skaya Oblast', Russia",RS76,53.9325,38.1437,,,71.0
4,"Zoloto, Sverdlovskaya Oblast', Russia",RS71,57.1322,61.8466,,,66.0
4,"Petrushevo, Ryazanskaya Oblast', Russia",RS62,54.9938,41.0903,,,62.0
4,"Port Novorossiysk, Krasnodarskiy Kray, Russia",RS38,44.73,37.7987,,,23.0
4,"Larionov, Arkhangel'skaya Oblast', Russia",RS06,63.2049,47.1184,,,29.0
4,"Ukazatel, Sverdlovskaya Oblast', Russia",RS71,57.0046,62.1326,,,66.0
4,"Patiki, Smolenskaya Oblast', Russia",RS69,55.5177,31.4006,,,67.0
4,"Dederkoy, Krasnodarskiy Kray, Russia",RS38,44.0538,39.1286,,,23.0
4,"Kedon, Magadanskaya Oblast', Russia",RS44,64.1333,159.233,,,49.0
4,"Upay, Bashkortostan, Russia",RS08,53.747,56.6958,,,2.0
4,"Gorkey, Nizhegorodskaya Oblast', Russia",RS51,56.3269,44.0075,,,52.0
4,"Chesnok, Khanty-Mansiyskiy Avtonomnyy Okrug, Russia",RS32,59.6869,68.6183,,,86.0
4,"Karali, Kareliya, Russia",RS28,62.3833,31.1333,,,10.0
4,"Tatul, Tomskaya Oblast', Russia",RS75,56.5772,86.1149,,,70.0
4,"Ravenstvo, Orenburgskaya Oblast', Russia",RS55,53.5,52.7,,,56.0
4,"Sargat, Tomskaya Oblast', Russia",RS75,56.4833,84.05,,,70.0
4,"Sergiyev, Moskovskaya Oblast', Russia",RS47,56.3,38.1333,1501.0,1.7124967158811004,50.0
4,"Kennya, Sakha (Yakutiya), Russia",RS63,61.8,138.35,,,14.0
4,"Pridorozhnaya, Krasnodarskiy Kray, Russia",RS38,45.9927,38.9671,,,23.0
4,"Goryachevodsk, Chechnya And Ingushetiya, Russia",RSCI,43.4281,45.7764,,,20.0
4,"Georgiyevsk, Zabaykal'skiy Kray, Russia",RS93,51.3667,119.45,,,75.0
4,"Zhabenka, Tverskaya Oblast', Russia",RS77,57.5018,33.6753,,,69.0
4,"Vikhor, Kurganskaya Oblast', Russia",RS40,55.4336,65.0247,,,45.0
4,"Kupa, Irkutskaya Oblast', Russia",RS20,56.8272,104.889,,,38.0
4,"Zeleny Klin, Samarskaya Oblast', Russia",RS65,52.8333,49.8,,,63.0
4,"Molokovo, Tverskaya Oblast', Russia",RS77,58.1661,36.7628,2130.0,0.39325539457488773,69.0
4,"Korna, Kaluzhskaya Oblast', Russia",RS25,54.4169,35.0197,,,40.0
4,"Buly, Krasnoyarskiy Kray, Russia",RS39,57.7243,96.3532,,,24.0
4,"Somov, Belgorodskaya Oblast', Russia",RS09,50.3512,36.319,,,31.0
4,"Tersk, Novosibirskaya Oblast', Russia",RS53,55.5285,84.3105,,,54.0
4,"Chapoma, Murmanskaya Oblast', Russia",RS49,66.1041,38.8696,,,51.0
4,"Chausy, Bryanskaya Oblast', Russia",RS10,52.1097,32.0797,,,32.0
4,"Brodi, Novgorodskaya Oblast', Russia",RS52,58.4633,35.1196,,,53.0
4,"Akti, Dagestan, Russia",RS17,42.2583,45.828,,,5.0
4,"-Zabaykalsk, Irkutskaya Oblast', Russia",RS20,51.7208,103.696,,,38.0
4,"Marchenkov, Belgorodskaya Oblast', Russia",RS09,50.7928,37.281,,,31.0
4,"Krasnozavodsk, Moskovskaya Oblast', Russia",RS47,56.45,38.2167,,,50.0
4,"Reshetilova, Krasnodarskiy Kray, Russia",RS38,46.2401,39.9889,,,23.0
4,"As Acha, 92, Russia",RS92,52.1,158.3,,,41.0
4,"Zolotaya Podkova, Sakha (Yakutiya), Russia",RS63,56.1167,125.6,,,14.0
4,"Chernaya Gora, Kirovskaya Oblast', Russia",RS33,59.0388,49.9773,,,43.0
4,"Dolya, Sakha (Yakutiya), Russia",RS63,69.9,132.283,,,14.0
4,"Yelka, Mariy-El, Russia",RS45,56.7678,49.7194,,,12.0
4,"Kokol, Permskiy Kray, Russia",RS90,59.5746,55.1037,,,59.0
4,"Zapolyarnaya, Kurganskaya Oblast', Russia",RS40,55.8236,65.3558,,,45.0
4,"Zharkova, Tomskaya Oblast', Russia",RS75,58.0,87.2833,,,70.0
4,"Levitsa, Pskovskaya Oblast', Russia",RS60,56.5041,30.9163,,,60.0
4,"Bechevinka, Vologodskaya Oblast', Russia",RS85,59.7347,37.6696,,,35.0
5,"Tverskaya Oblast, Tverskaya Oblast', Russia",RS77,57.0096,35.0049,,,69.0
4,"Lesnaya, Sakhalinskaya Oblast', Russia",RS64,49.4333,142.2,,,65.0
4,"Kandal, Khabarovskiy Kray, Russia",RS30,50.1167,131.633,,,27.0
4,"Kar-Ben, Kaliningradskaya Oblast', Russia",RS23,54.4694,19.8964,,,39.0
4,"Obukhovo, Kostromskaya Oblast', Russia",RS37,58.9901,46.7355,,,44.0
4,"Vystrel, Tyumenskaya Oblast', Russia",RS78,55.8786,70.286,,,72.0
4,"Bakhcha, Bashkortostan, Russia",RS08,54.8124,54.2461,,,2.0
4,"Teysin, Khabarovskiy Kray, Russia",RS30,50.0231,136.428,,,27.0
4,"Zabava, Bryanskaya Oblast', Russia",RS10,52.5104,32.9801,,,32.0
4,"Kutikh, Dagestan, Russia",RS17,42.1259,46.789,,,5.0
4,"Kuleshovka, Lipetskaya Oblast', Russia",RS43,52.7316,38.7297,,,48.0
4,"Bokovskaya, Rostovskaya Oblast', Russia",RS61,49.229,41.8306,1806.0,0.3012503323528473,61.0
4,"Veshenskaya, Rostovskaya Oblast', Russia",RS61,49.6303,41.7334,1844.0,0.6148338596868741,61.0
4,"Rayskoye, Khabarovskiy Kray, Russia",RS30,49.509,136.899,,,27.0
4,"Tamuda, Dagestan, Russia",RS17,42.21,46.382,,,5.0
4,"Magnitka, Sverdlovskaya Oblast', Russia",RS71,56.8669,59.9719,,,66.0
4,"Roseta, Rostovskaya Oblast', Russia",RS61,48.147,40.0621,,,61.0
4,"Leninaul, Dagestan, Russia",RS17,43.0914,46.5743,,,5.0
4,"Leninavan, Rostovskaya Oblast', Russia",RS61,47.2825,39.6188,,,61.0
4,"Bayero, Tverskaya Oblast', Russia",RS77,56.0349,31.8298,,,69.0
4,"Razdolnaya, Zabaykal'skiy Kray, Russia",RS93,53.8046,119.661,,,75.0
4,"Ulitka, Primorskiy Kray, Russia",RS59,46.6667,134.467,,,25.0
4,"Oktyabrsk, Irkutskaya Oblast', Russia",RS20,55.2628,102.248,,,38.0
4,"Solomino, Kemerovskaya Oblast', Russia",RS29,55.3062,85.5048,,,42.0
4,"Marulla, Khabarovskiy Kray, Russia",RS30,60.1167,139.933,,,27.0
4,"Piskunov, Astrakhanskaya Oblast', Russia",RS07,48.0075,46.8449,,,30.0
4,"Podrezkovo, Moskovskaya Oblast', Russia",RS47,55.9333,37.35,,,50.0
4,"Adryushchenko, Krasnodarskiy Kray, Russia",RS38,44.3892,39.8689,,,23.0
4,"Primore, Kaliningradskaya Oblast', Russia",RS23,54.9419,20.0375,,,39.0
4,"Shatun, Sakhalinskaya Oblast', Russia",RS64,50.4608,143.734,,,65.0
4,"Rakitnoye, Kaluzhskaya Oblast', Russia",RS25,54.0423,35.4931,,,40.0
4,"Pushkarnoye, Kurskaya Oblast', Russia",RS41,51.2211,36.2736,,,46.0
4,"Kurbatov, Kurskaya Oblast', Russia",RS41,51.687,38.3747,,,46.0
4,"- Strela, Bryanskaya Oblast', Russia",RS10,52.28,31.9578,,,32.0
4,"Brinkovskaya, Krasnodarskiy Kray, Russia",RS38,46.0287,38.5858,,,23.0
4,"Urol, Permskiy Kray, Russia",RS90,60.3325,56.3341,,,59.0
4,"Chekman, Permskiy Kray, Russia",RS90,59.5658,57.8501,,,59.0
4,"Sennoy, Astrakhanskaya Oblast', Russia",RS07,46.4461,48.0372,,,30.0
4,"Mzymta, Krasnodarskiy Kray, Russia",RS38,43.4151,39.9248,,,23.0
4,"Mamat, Khakasiya, Russia",RS31,52.6,89.8,,,19.0
4,"Spitsyna, Kurganskaya Oblast', Russia",RS40,56.3371,63.3975,,,45.0
4,"Neralakh, Krasnoyarskiy Kray, Russia",RS91,69.5856,89.9254,,,24.0
4,"Soltsy, Novgorodskaya Oblast', Russia",RS52,58.1239,30.3238,1591.0,0.9920447111390176,53.0
4,"Talinskoye, Vologodskaya Oblast', Russia",RS85,59.6654,38.1339,,,35.0
4,"Novokuli, Dagestan, Russia",RS17,43.1664,46.5195,,,5.0
4,"Kokur, Zabaykal'skiy Kray, Russia",RS93,52.2037,117.553,,,75.0
4,"Yukki, Leningradskaya Oblast', Russia",RS42,60.1102,30.285,,,47.0
4,"Yantyk, Tyumenskaya Oblast', Russia",RS78,57.3224,65.87,,,72.0
4,"Kylym, Komi, Russia",RS34,63.6144,56.6448,,,11.0
4,"Ugol, Arkhangel'skaya Oblast', Russia",RS06,60.7833,40.0,,,29.0
4,"Kurganinsk, Krasnodarskiy Kray, Russia",RS38,44.88,40.5986,645.0,0.9205358252026158,23.0
4,"Margush, Severnaya Osetiya-Alaniya, Russia",RS68,43.3694,43.7622,,,15.0
4,"Atoka, Pskovskaya Oblast', Russia",RS60,56.512,30.6148,,,60.0
4,"Gorshechnoe, Kurskaya Oblast', Russia",RS41,51.5244,38.0365,1367.0,0.8931025476370191,46.0
4,"Shchigry, Kurskaya Oblast', Russia",RS41,51.8755,36.9043,1363.0,0.8019647378511738,46.0
4,"Kumtorkala, Dagestan, Russia",RS17,43.0025,47.2469,140.0,4.540976925471179,5.0
4,"Shurin, Pskovskaya Oblast', Russia",RS60,57.7159,28.6833,,,60.0
4,"Somba, Kareliya, Russia",RS28,61.8065,36.952,,,10.0
4,"Tikhoye, Kaliningradskaya Oblast', Russia",RS23,54.4753,21.4617,,,39.0
4,"Glukhov, Volgogradskaya Oblast', Russia",RS84,49.0667,45.3833,,,34.0
4,"Bolshoye Soldatskoye, Kurskaya Oblast', Russia",RS41,51.3353,35.5114,1365.0,0.16638665378758108,46.0
4,"Gorshechnoye, Kurskaya Oblast', Russia",RS41,51.5244,38.0365,1367.0,0.8931025476370191,46.0
4,"Shchegry, Kareliya, Russia",RS28,62.2833,35.1333,,,10.0
4,"Nordvik, Taymyrskiy (Dolgano-Nenetskiy) Avtonomnyy Okrug, Russia",RS74,73.55,110.3,,,24.0
4,"Bataisk, Rostovskaya Oblast', Russia",RS61,47.1667,39.7333,,,61.0
4,"Usady, Tatarstan, Russia",RS73,55.6815,49.2207,,,16.0
4,"Gavrilin, Volgogradskaya Oblast', Russia",RS84,50.0833,42.9667,,,34.0
4,"Bekhteri, Kirovskaya Oblast', Russia",RS33,58.0896,49.0299,,,43.0
4,"Tagoy, Irkutskaya Oblast', Russia",RS20,54.8663,104.975,,,38.0
4,"Vorobeva, Vologodskaya Oblast', Russia",RS85,59.4019,41.4919,,,35.0
4,"Samokhvalov, Krasnodarskiy Kray, Russia",RS38,46.7333,39.4167,,,23.0
4,"Chikunda, Irkutskaya Oblast', Russia",RS20,56.8284,99.9298,,,38.0
4,"Zhigulevsk, Samarskaya Oblast', Russia",RS65,53.3997,49.4953,1875.0,0.09201436581125799,63.0
4,"Usun, Sakha (Yakutiya), Russia",RS63,64.5272,121.034,,,14.0
4,"Pereslavskoye, Kaliningradskaya Oblast', Russia",RS23,54.8136,20.2569,,,39.0
4,"Lebedi, Belgorodskaya Oblast', Russia",RS09,51.3026,37.593,,,31.0
4,"Tamala, Penzenskaya Oblast', Russia",RS57,52.541,43.2514,1762.0,0.2778948397272183,58.0
4,"Istomin, Krasnodarskiy Kray, Russia",RS38,44.9486,38.4667,,,23.0
4,"Sergeyeva, Kurganskaya Oblast', Russia",RS40,56.1019,63.4043,,,45.0
4,"Polushkin, Rostovskaya Oblast', Russia",RS61,47.2237,39.3881,,,61.0
4,"Bolshaya Laba, Russia (General), Russia",RS00,44.2867,40.8999,,,91.0
4,"Kaspa, Krasnoyarskiy Kray, Russia",RS39,54.2333,93.1833,,,24.0
4,"Berezovka, Kemerovskaya Oblast', Russia",RS29,56.1167,85.25,,,42.0
4,"Maloross, Saratovskaya Oblast', Russia",RS67,52.1167,45.3667,,,64.0
4,"Ponoy, Murmanskaya Oblast', Russia",RS49,67.0744,41.1244,,,51.0
4,"Shulgina, Irkutskaya Oblast', Russia",RS20,53.3952,102.726,,,38.0
4,"Borodkina, Pskovskaya Oblast', Russia",RS60,56.3283,31.2109,,,60.0
4,"Sumsk, Leningradskaya Oblast', Russia",RS42,59.292,29.085,,,47.0
4,"Bulun, Sakha (Yakutiya), Russia",RS63,62.9333,133.4,,,14.0
4,"Olochi, Zabaykal'skiy Kray, Russia",RS93,51.3523,119.91,,,75.0
4,"Elektrougli, Moskovskaya Oblast', Russia",RS47,55.7244,38.2091,1488.0,16.235136413252846,50.0
4,"Klyazma Reservoir, Moskovskaya Oblast', Russia",RS47,55.9897,37.5667,,,50.0
4,"Kolbin, Chelyabinskaya Oblast', Russia",RS13,54.4,61.3333,,,74.0
4,"Zapov, Zabaykal'skiy Kray, Russia",RS93,54.706,118.863,,,75.0
4,"Komissarov, Rostovskaya Oblast', Russia",RS61,48.2692,41.1494,,,61.0
4,"Ayta, Zabaykal'skiy Kray, Russia",RS93,51.3823,111.51,,,75.0
4,"Tygyn, Bashkortostan, Russia",RS08,54.4247,58.7281,,,2.0
4,"Taganay, Chelyabinskaya Oblast', Russia",RS13,55.1621,59.7794,,,74.0
4,"Lidma, Kareliya, Russia",RS28,64.0167,33.4833,,,10.0
4,"Oleshin Island, Kareliya, Russia",RS28,64.9619,35.216,,,10.0
4,"Kuzova, Kaluzhskaya Oblast', Russia",RS25,55.1119,35.5175,,,40.0
4,"Kamga, Altay, Russia",RS03,51.7953,87.7158,,,4.0
4,"Logovezh, Tverskaya Oblast', Russia",RS77,56.9259,35.3136,,,69.0
4,"Friedrichstein, Kaliningradskaya Oblast', Russia",RS23,54.6457,20.7295,,,39.0
4,"Rudaki, Pskovskaya Oblast', Russia",RS60,57.361,28.1508,,,60.0
4,"Forel, Khabarovskiy Kray, Russia",RS30,49.0859,135.155,,,27.0
4,"Tawe, Kaliningradskaya Oblast', Russia",RS23,55.0561,21.2228,,,39.0
4,"Sumiya, Dagestan, Russia",RS17,42.0434,47.4562,,,5.0
4,"Burun, Magadanskaya Oblast', Russia",RS44,61.6136,156.238,,,49.0
4,"Zavodovka, Krasnoyarskiy Kray, Russia",RS39,56.5123,97.0611,,,24.0
4,"Mednoye, Tverskaya Oblast', Russia",RS77,56.9275,35.4702,,,69.0
4,"Okana, Orenburgskaya Oblast', Russia",RS55,54.115,52.4083,,,56.0
4,"Avtopribor, Vladimirskaya Oblast', Russia",RS83,56.1592,40.4868,,,33.0
4,"Polovtsy, Smolenskaya Oblast', Russia",RS69,55.8709,34.4389,,,67.0
4,"Kurt Sova, Smolenskaya Oblast', Russia",RS69,55.4196,34.228,,,67.0
4,"Sabro, Tverskaya Oblast', Russia",RS77,57.1538,32.8155,,,69.0
4,"Garbuzovo, Belgorodskaya Oblast', Russia",RS09,50.4523,38.7683,,,31.0
4,"Novotroitskaya, Primorskiy Kray, Russia",RS59,45.7844,134.122,,,25.0
4,"Sukhareva, Krasnoyarskiy Kray, Russia",RS39,53.5333,92.45,,,24.0
4,"Devichye, Tverskaya Oblast', Russia",RS77,56.9304,33.0391,,,69.0
4,"Trekhgorka, Sakha (Yakutiya), Russia",RS63,61.4833,137.333,,,14.0
4,"Strigino, Yaroslavskaya Oblast', Russia",RS88,58.1225,38.3893,,,76.0
4,"Central Chernozem, Russia (General), Russia",RS00,51.0,39.0,,,91.0
4,"Drakino, Voronezhskaya Oblast', Russia",RS86,51.139,39.4021,,,36.0
4,"Bugulma, Tatarstan, Russia",RS73,54.5378,52.7985,368.0,0.1994811010683874,16.0
4,"Topkanovo, Moskovskaya Oblast', Russia",RS47,54.7147,38.4828,,,50.0
4,"Molno, Smolenskaya Oblast', Russia",RS69,55.7167,33.6392,,,67.0
4,"Nikonova, Pskovskaya Oblast', Russia",RS60,57.3069,28.3626,,,60.0
4,"Novopokrovskoye, Amurskaya Oblast', Russia",RS05,50.7333,127.317,,,28.0
4,"Vongozero, Kareliya, Russia",RS28,64.5061,30.9633,,,10.0
4,"Khokhly, Smolenskaya Oblast', Russia",RS69,55.5114,32.1397,,,67.0
4,"Churka, Astrakhanskaya Oblast', Russia",RS07,46.2991,48.763,,,30.0
4,"Mitkovo, Smolenskaya Oblast', Russia",RS69,54.8689,32.6436,,,67.0
4,"Kitay Gorod, Primorskiy Kray, Russia",RS59,45.7094,134.123,,,25.0
4,"Putilkovo, Moskovskaya Oblast', Russia",RS47,55.8627,37.3883,,,50.0
4,"Rubtsovo, Permskiy Kray, Russia",RS90,59.6012,56.7673,,,59.0
4,"Kiselevsk, Kemerovskaya Oblast', Russia",RS29,53.99,86.6621,1229.0,2.4094241942870087,42.0
4,"Radika, Kurskaya Oblast', Russia",RS41,51.7475,35.0967,,,46.0
4,"Chuka, Leningradskaya Oblast', Russia",RS42,60.546,33.8753,,,47.0
4,"Finny, Omskaya Oblast', Russia",RS54,56.8515,73.5001,,,55.0
4,"Sorovo, Arkhangel'skaya Oblast', Russia",RS06,61.2626,48.3723,,,29.0
4,"Viled, Arkhangel'skaya Oblast', Russia",RS06,61.3069,47.5206,,,29.0
4,"Lesozavod, Nizhegorodskaya Oblast', Russia",RS51,54.9605,43.546,,,52.0
4,"Burla, Altayskiy Kray, Russia",RS04,53.3362,78.3301,519.0,0.04638784780698712,22.0
4,"Okskaya, Nizhegorodskaya Oblast', Russia",RS51,56.1553,43.8143,,,52.0
4,"Ogonek, Orenburgskaya Oblast', Russia",RS55,53.2027,52.7957,,,56.0
4,"Rychkov, Volgogradskaya Oblast', Russia",RS84,48.4663,43.2747,,,34.0
4,"Kalinkin, Volgogradskaya Oblast', Russia",RS84,49.8733,43.274,,,34.0
4,"Krasnokamenskaya, Krasnoyarskiy Kray, Russia",RS39,54.9025,90.9922,,,24.0
4,"Antipayuta, Yamalo-Nenetskiy Avtonomnyy Okrug, Russia",RS87,69.0667,76.8333,,,89.0
4,"Baklanov, Volgogradskaya Oblast', Russia",RS84,50.8127,42.6371,,,34.0
4,"Otdykh, Moskovskaya Oblast', Russia",RS47,55.5953,38.1203,,,50.0
4,"Kholodnaya, Kirovskaya Oblast', Russia",RS33,58.5092,46.716,,,43.0
4,"Blagoveshchenka, Novosibirskaya Oblast', Russia",RS53,54.5,78.1667,,,54.0
4,"Kuchuk, Tatarstan, Russia",RS73,55.6084,50.6734,,,16.0
4,"Selitrennoye, Astrakhanskaya Oblast', Russia",RS07,47.1685,47.4526,,,30.0
4,"Gamayunov, Belgorodskaya Oblast', Russia",RS09,50.2653,38.7053,,,31.0
4,"Stepnoye Ozero, Tatarstan, Russia",RS73,54.4825,50.5638,,,16.0
4,"Aeroflot, Novosibirskaya Oblast', Russia",RS53,54.9918,82.6811,,,54.0
4,"Bystron, Kurskaya Oblast', Russia",RS41,51.6418,34.7182,,,46.0
4,"Kashkar, Bashkortostan, Russia",RS08,53.6298,55.065,,,2.0
4,"Skovorodka, Primorskiy Kray, Russia",RS59,46.8278,138.439,,,25.0
4,"Musatov, Voronezhskaya Oblast', Russia",RS86,50.9533,38.9436,,,36.0
4,"Vasilyeva, Permskiy Kray, Russia",RS90,59.4567,56.3891,,,59.0
4,"Yangel, Irkutskaya Oblast', Russia",RS20,57.0558,103.646,,,38.0
4,"Trubnaya, Volgogradskaya Oblast', Russia",RS84,48.7863,44.8151,,,34.0
4,"Zelenokumsk, Stavropol'skiy Kray, Russia",RS70,44.4069,43.8806,825.0,0.5016718457677072,26.0
4,"Zernovo, Bryanskaya Oblast', Russia",RS10,52.1925,34.0916,,,32.0
4,"Kamyshovaya, Khakasiya, Russia",RS31,53.8333,91.4,,,19.0
4,"Abez, Komi, Russia",RS34,66.5333,61.7833,,,11.0
4,"Petrun, Komi, Russia",RS34,66.4833,60.7333,,,11.0
4,"Batran, Vologodskaya Oblast', Russia",RS85,58.9636,38.4122,,,35.0
4,"Great Neva, Sankt-Peterburg, Russia",RS66,59.9167,30.2575,,,47.0
4,"Kachalka, Yaroslavskaya Oblast', Russia",RS88,58.3614,40.3493,,,76.0
4,"Lisova, Sverdlovskaya Oblast', Russia",RS71,57.3939,61.8535,,,66.0
4,"Nesterova, Irkutskaya Oblast', Russia",RS20,53.3333,102.917,,,38.0
4,"Tsivilsk, Chuvashiya, Russia",RS16,55.8697,47.4787,497.0,0.5067571105571976,21.0
4,"Yefremovka, Krasnoyarskiy Kray, Russia",RS39,55.1167,90.9167,,,24.0
4,"Antipina, Smolenskaya Oblast', Russia",RS69,55.1039,34.7228,,,67.0
4,"Nikolskoe, Voronezhskaya Oblast', Russia",RS86,51.4652,38.8296,,,36.0
4,"Sheremtyevo, Omskaya Oblast', Russia",RS54,54.849,72.5586,,,55.0
4,"Krasota, Novgorodskaya Oblast', Russia",RS52,57.503,32.9784,,,53.0
4,"Chastsy, Moskovskaya Oblast', Russia",RS47,55.6181,36.8644,,,50.0
4,"Vasha, Ryazanskaya Oblast', Russia",RS62,54.0637,42.1412,,,62.0
4,"Zaprudnya, Kostromskaya Oblast', Russia",RS37,58.0336,41.2164,,,44.0
4,"Dalnegorsk, Primorskiy Kray, Russia",RS59,44.5521,135.564,779.0,1.249743206962749,25.0
4,"Tamno, Khabarovskiy Kray, Russia",RS30,48.7333,134.433,,,27.0
4,"Luni, Kirovskaya Oblast', Russia",RS33,58.3834,47.32,,,43.0
4,"Senin, Kirovskaya Oblast', Russia",RS33,58.1045,46.8636,,,43.0
4,"Uaza, Sakhalinskaya Oblast', Russia",RS64,50.9375,143.511,,,65.0
4,"Medvedeva, Permskiy Kray, Russia",RS90,57.3542,57.4849,,,59.0
4,"Kadysh, Arkhangel'skaya Oblast', Russia",RS06,63.0707,41.0516,,,29.0
4,"Svyatsk, Bryanskaya Oblast', Russia",RS10,52.6704,31.5554,,,32.0
4,"Vpered, Chelyabinskaya Oblast', Russia",RS13,55.1302,61.794,,,74.0
4,"Novy Mir, Ryazanskaya Oblast', Russia",RS62,54.0168,41.0434,,,62.0
4,"Khvalynsk, Saratovskaya Oblast', Russia",RS67,52.4906,48.1058,1951.0,0.5447765241592585,64.0
4,"Strelnya, Kaluzhskaya Oblast', Russia",RS25,54.5,35.18,,,40.0
4,"Yanovo, Nizhegorodskaya Oblast', Russia",RS51,55.4797,45.3068,,,52.0
4,"Khotilovo, Tverskaya Oblast', Russia",RS77,57.7256,34.0739,,,69.0
4,"Khutorok, Krasnodarskiy Kray, Russia",RS38,45.117,41.0267,,,23.0
4,"Dandal, Sakha (Yakutiya), Russia",RS63,71.1333,129.75,,,14.0
4,"Perekhody, Smolenskaya Oblast', Russia",RS69,54.9522,34.28,,,67.0
4,"Starbeyevo, Moskovskaya Oblast', Russia",RS47,55.92,37.477,,,50.0
4,"Khimi, Khabarovskiy Kray, Russia",RS30,49.5781,136.07,,,27.0
4,"Kulebaki, Nizhegorodskaya Oblast', Russia",RS51,55.4133,42.5325,1528.0,2.203088270246246,52.0
4,"Spasskoye-Lutovinovo, Orlovskaya Oblast', Russia",RS56,53.3701,36.623,,,57.0
4,"Kallioniemi, Kareliya, Russia",RS28,62.2667,32.2167,,,10.0
4,"Uritskoye, Ryazanskaya Oblast', Russia",RS62,54.1676,40.3609,,,62.0
4,"Novosokolniki, Tambovskaya Oblast', Russia",RS72,53.4092,41.7865,,,68.0
4,"Ponyri, Kurskaya Oblast', Russia",RS41,52.3175,36.3026,1381.0,0.19392900606909103,46.0
4,"Novgorod, Novgorodskaya Oblast', Russia",RS52,58.5167,31.2833,1586.0,4.923312547925286,53.0
4,"Pervomayskaya, Bryanskaya Oblast', Russia",RS10,53.8514,33.6294,,,32.0
4,"Chekalov, Rostovskaya Oblast', Russia",RS61,48.1375,42.0254,,,61.0
4,"Bologovo, Tverskaya Oblast', Russia",RS77,56.902,31.7009,,,69.0
4,"Rasik, Permskiy Kray, Russia",RS90,59.0581,57.5561,,,59.0
4,"Chenna, Khabarovskiy Kray, Russia",RS30,49.5167,136.883,,,27.0
4,"Chadar, Sverdlovskaya Oblast', Russia",RS71,58.0497,60.0111,,,66.0
4,"Kolvitsa, Murmanskaya Oblast', Russia",RS49,67.0892,32.9858,,,51.0
4,"Kivioja, Leningradskaya Oblast', Russia",RS42,61.0833,28.9,,,47.0
4,"Anabar, Sakha (Yakutiya), Russia",RS63,73.2864,113.624,,,14.0
4,"Komarovka, Kurganskaya Oblast', Russia",RS40,56.3159,63.6682,,,45.0
4,"Sharapov, Krasnodarskiy Kray, Russia",RS38,45.1331,41.2667,,,23.0
4,"Prospikhino, Krasnoyarskiy Kray, Russia",RS39,58.595,99.3803,,,24.0
4,"Lizhma, Kareliya, Russia",RS28,62.3823,34.5238,,,10.0
4,"Krasin, Krasnodarskiy Kray, Russia",RS38,44.8635,41.1622,,,23.0
4,"Akademicheskaya, Tverskaya Oblast', Russia",RS77,57.7183,34.3436,,,69.0
4,"Perevalnoye, Voronezhskaya Oblast', Russia",RS86,50.5423,39.5093,,,36.0
4,"Kaverina, Tambovskaya Oblast', Russia",RS72,52.6167,40.8833,,,68.0
4,"Malyshka, 92, Russia",RS92,52.4556,158.439,,,41.0
4,"Smelaya, Amurskaya Oblast', Russia",RS05,50.5388,129.21,,,28.0
4,"Perevalny, Krasnodarskiy Kray, Russia",RS38,44.2044,39.4375,,,23.0
4,"Tabola, Astrakhanskaya Oblast', Russia",RS07,46.1328,48.0737,,,30.0
4,"Varvarka, Bryanskaya Oblast', Russia",RS10,52.6066,34.7063,,,32.0
4,"Shat, Tul'skaya Oblast', Russia",RS76,54.1167,37.9167,,,71.0
4,"Batetskaya, Novgorodskaya Oblast', Russia",RS52,58.648,30.3752,1576.0,4.3618800976759005,53.0
4,"Pogoy, Chechnya And Ingushetiya, Russia",RSCI,42.6483,45.3436,,,20.0
4,"Shishkovo, Tverskaya Oblast', Russia",RS77,56.4814,35.2604,,,69.0
4,"Adygei, Adygeya, Russia",RS01,45.0252,38.9371,2.0,25.450774637083533,1.0
4,"Novoselovo, Krasnoyarskiy Kray, Russia",RS39,56.8233,90.6698,,,24.0
4,"Voznesenka, Altayskiy Kray, Russia",RS04,52.7876,86.6945,,,22.0
4,"Khar, Khabarovskiy Kray, Russia",RS30,49.0133,136.618,,,27.0
4,"Lavrukhin, Vologodskaya Oblast', Russia",RS85,59.4,42.25,,,35.0
4,"Landysh, Chuvashiya, Russia",RS16,56.0333,46.7729,,,21.0
4,"Krasnovka, Rostovskaya Oblast', Russia",RS61,48.3738,40.2567,,,61.0
4,"Golubkova, Nenetskiy Avtonomnyy Okrug, Russia",RS50,67.5833,52.3,,,83.0
4,"Mandy Chan, Magadanskaya Oblast', Russia",RS44,62.4,154.75,,,49.0
4,"Kopanya, Voronezhskaya Oblast', Russia",RS86,51.0498,39.9459,,,36.0
4,"Maslovo, Smolenskaya Oblast', Russia",RS69,55.3594,34.1136,,,67.0
4,"Kamanka, Saratovskaya Oblast', Russia",RS67,51.7597,45.746,,,64.0
4,"Utka, Nizhegorodskaya Oblast', Russia",RS51,55.2927,45.2902,,,52.0
4,"Kraskovo, Vologodskaya Oblast', Russia",RS85,59.786,38.1693,,,35.0
4,"Naydenova, Krasnoyarskiy Kray, Russia",RS39,57.3061,94.3919,,,24.0
4,"Gogolevo, Tverskaya Oblast', Russia",RS77,57.9739,34.2439,,,69.0
4,"Rybinka, Tul'skaya Oblast', Russia",RS76,54.0904,38.1267,,,71.0
4,"Chechera, Kaluzhskaya Oblast', Russia",RS25,53.5575,35.8503,,,40.0
4,"Belyanka, Belgorodskaya Oblast', Russia",RS09,50.4663,37.1901,,,31.0
4,"Plotvyanka, Belgorodskaya Oblast', Russia",RS09,50.3642,37.5713,,,31.0
4,"Akkurum, Altay, Russia",RS03,51.1333,87.9833,,,4.0
4,"Kurum, Sakha (Yakutiya), Russia",RS63,60.95,115.483,,,14.0
4,"Khandala, Krasnoyarskiy Kray, Russia",RS39,57.1282,94.9178,,,24.0
4,"Plekhanovka, Lipetskaya Oblast', Russia",RS43,52.1368,38.2481,,,48.0
4,"Gidrouzel, Tambovskaya Oblast', Russia",RS72,52.9354,41.5366,,,68.0
4,"Eschan, Magadanskaya Oblast', Russia",RS44,63.1333,149.45,,,49.0
4,"Yevlash, Udmurtiya, Russia",RS80,56.2429,53.9771,,,18.0
4,"Manuy, Sakhalinskaya Oblast', Russia",RS64,47.9047,142.517,,,65.0
4,"Solonko, Volgogradskaya Oblast', Russia",RS84,50.1986,41.4667,,,34.0
4,"Chayya, Sakha (Yakutiya), Russia",RS63,59.3833,135.05,,,14.0
4,"Kaigarajima, Rsja, Russia",RSJA,43.4,145.867,,,65.0
4,"Obraztsovo, Vologodskaya Oblast', Russia",RS85,58.5646,40.5217,,,35.0
4,"Mudr, Vologodskaya Oblast', Russia",RS85,60.7,37.3833,,,35.0
4,"Sokolovskaya, Moskovskaya Oblast', Russia",RS47,55.9333,37.95,,,50.0
4,"Shagol, Chelyabinskaya Oblast', Russia",RS13,55.237,61.2969,,,74.0
4,"Chelyuskintsev, Tyumenskaya Oblast', Russia",RS78,55.763,69.6256,,,72.0
4,"Dalbar, Sakha (Yakutiya), Russia",RS63,71.3,118.667,,,14.0
4,"Kamysheva, Khanty-Mansiyskiy Avtonomnyy Okrug, Russia",RS32,62.1167,66.5333,,,86.0
4,"Grafskaya, Permskiy Kray, Russia",RS90,60.4833,53.45,,,59.0
4,"Poltavskaya, Krasnodarskiy Kray, Russia",RS38,45.3661,38.2117,642.0,0.07864797570974447,23.0
4,"Sarym, Tambovskaya Oblast', Russia",RS72,53.5088,41.5672,,,68.0
4,"Satis, Nizhegorodskaya Oblast', Russia",RS51,55.0226,43.8154,,,52.0
4,"Krasnoye Pole, Tatarstan, Russia",RS73,54.8961,48.4628,,,16.0
4,"Kaskova, Yaroslavskaya Oblast', Russia",RS88,57.9114,40.3668,,,76.0
4,"Ekateringofka, Sankt-Peterburg, Russia",RS66,59.8836,30.2264,,,47.0
4,"Cheremykino, Leningradskaya Oblast', Russia",RS42,59.6505,29.658,,,47.0
4,"Zagan, Amurskaya Oblast', Russia",RS05,51.5461,128.493,,,28.0
4,"Shipilovka, Kaluzhskaya Oblast', Russia",RS25,53.9592,34.4878,,,40.0
4,"Kedrovaya, Krasnoyarskiy Kray, Russia",RS39,54.1756,92.03,,,24.0
4,"Ilet, Mariy-El, Russia",RS45,56.5721,49.5023,,,12.0
4,"Pasynkovo, Orlovskaya Oblast', Russia",RS56,53.0333,37.8167,,,57.0
4,"Malayev, Krasnodarskiy Kray, Russia",RS38,45.6282,38.4978,,,23.0
4,"Kokora, Kareliya, Russia",RS28,65.2737,33.3764,,,10.0
4,"Volkovskoye, Sverdlovskaya Oblast', Russia",RS71,56.7406,62.3522,,,66.0
4,"Krasikova, Novosibirskaya Oblast', Russia",RS53,55.9071,79.3493,,,54.0
4,"Lidus, Nenetskiy Avtonomnyy Okrug, Russia",RS50,66.2333,45.7833,,,83.0
4,"Pavlovskaya Sloboda, Moskovskaya Oblast', Russia",RS47,55.8152,37.0825,,,50.0
4,"Granitnaya, Primorskiy Kray, Russia",RS59,43.4936,131.264,,,25.0
4,"Choga, Leningradskaya Oblast', Russia",RS42,60.0494,34.6243,,,47.0
4,"Ninni, Amurskaya Oblast', Russia",RS05,53.4,128.6,,,28.0
4,"Smorodino, Tverskaya Oblast', Russia",RS77,57.4533,34.7227,,,69.0
4,"Prokhorovskoye, Yaroslavskaya Oblast', Russia",RS88,57.436,39.7212,,,76.0
4,"Zernograd, Rostovskaya Oblast', Russia",RS61,46.8452,40.3083,1813.0,0.26812354970739377,61.0
4,"Inery, Yaroslavskaya Oblast', Russia",RS88,57.0545,39.4531,,,76.0
4,"Dikoye, Smolenskaya Oblast', Russia",RS69,55.6613,33.6382,,,67.0
4,"Volovichi, Moskovskaya Oblast', Russia",RS47,55.0277,38.6573,,,50.0
4,"Promezhitsy, Pskovskaya Oblast', Russia",RS60,57.7615,28.3658,,,60.0
4,"Shirvindt, Kaliningradskaya Oblast', Russia",RS23,54.7822,22.845,,,39.0
4,"Syuk, Adygeya, Russia",RS01,44.1792,40.1574,,,1.0
4,"Sinitsyn, Volgogradskaya Oblast', Russia",RS84,49.8167,46.3333,,,34.0
4,"Orcha, Tverskaya Oblast', Russia",RS77,56.4922,33.8889,,,69.0
4,"Kostylev, Rostovskaya Oblast', Russia",RS61,47.4396,40.7199,,,61.0
4,"Kresti, Komi, Russia",RS34,59.8683,48.5171,,,11.0
4,"Tuymazy, Bashkortostan, Russia",RS08,54.6067,53.7097,75.0,0.7923342498552637,2.0
4,"Karabash, Tatarstan, Russia",RS73,55.5667,52.6333,,,16.0
4,"Iliya, Zabaykal'skiy Kray, Russia",RS93,52.1278,117.92,,,75.0
4,"Skirvite, Russia (General), Russia",RS00,55.2453,21.2747,,,91.0
4,"Margen, Kaliningradskaya Oblast', Russia",RS23,54.9146,21.6422,,,39.0
4,"Kamit, Amurskaya Oblast', Russia",RS05,54.727,127.365,,,28.0
4,"Ugolny, Magadanskaya Oblast', Russia",RS44,63.15,146.783,,,49.0
4,"Furukamappu, Rsja, Russia",RSJA,44.0306,145.856,,,65.0
4,"Khmelnik, Permskiy Kray, Russia",RS90,59.914,56.2658,,,59.0
4,"Mungu, Yamalo-Nenetskiy Avtonomnyy Okrug, Russia",RS87,66.3,82.1333,,,89.0
4,"Chayki, Pskovskaya Oblast', Russia",RS60,56.0704,29.0938,,,60.0
4,"Zhiglovka, Smolenskaya Oblast', Russia",RS69,55.21,35.2906,,,67.0
4,"Ussuriyskiy, Khabarovskiy Kray, Russia",RS30,48.4352,135.061,,,27.0
4,"Smirnykh, Sakhalinskaya Oblast', Russia",RS64,49.75,142.833,1965.0,0.8532870616246201,65.0
4,"Ryumina, Yaroslavskaya Oblast', Russia",RS88,57.3202,39.3684,,,76.0
4,"Stvor, Permskiy Kray, Russia",RS90,58.2359,58.0854,,,59.0
4,"Insya, Tatarstan, Russia",RS73,56.0533,49.3292,,,16.0
4,"Talip, Kemerovskaya Oblast', Russia",RS29,52.8913,87.8444,,,42.0
4,"Kopanka, Smolenskaya Oblast', Russia",RS69,54.5815,32.0663,,,67.0
4,"Gumrak, Volgogradskaya Oblast', Russia",RS84,48.7967,44.3552,,,34.0
4,"Novofedorovka, Moskovskaya Oblast', Russia",RS47,55.3932,36.7645,,,50.0
4,"Funtovo, Astrakhanskaya Oblast', Russia",RS07,46.229,48.1033,,,30.0
4,"Yakovlevo, Tul'skaya Oblast', Russia",RS76,54.7826,37.3985,,,71.0
4,"Lesishche, Leningradskaya Oblast', Russia",RS42,59.0303,28.9698,,,47.0
4,"Chepelevo, Moskovskaya Oblast', Russia",RS47,55.1836,37.4928,,,50.0
4,"Yermolova, Lipetskaya Oblast', Russia",RS43,52.4883,38.1522,,,48.0
4,"Lu China, Permskiy Kray, Russia",RS90,58.4186,55.3353,,,59.0
4,"Kartashov, Rostovskaya Oblast', Russia",RS61,49.2443,40.3898,,,61.0
4,"Veselaya Lopan, Belgorodskaya Oblast', Russia",RS09,50.494,36.3896,,,31.0
4,"Domanik, Komi, Russia",RS34,63.4728,53.7118,,,11.0
4,"Abalak, Tyumenskaya Oblast', Russia",RS78,58.1286,68.5944,,,72.0
4,"Rechnoye, Kurganskaya Oblast', Russia",RS40,55.1844,66.3703,,,45.0
4,"Privolzhye, Tverskaya Oblast', Russia",RS77,56.2003,34.5548,,,69.0
4,"Raznochinovka, Astrakhanskaya Oblast', Russia",RS07,46.6371,47.9057,,,30.0
4,"Yandyki, Astrakhanskaya Oblast', Russia",RS07,45.7691,47.1258,,,30.0
4,"Basy, Kalmykiya, Russia",RS24,46.1159,47.1292,,,8.0
4,"Tsagan Aman, Kalmykiya, Russia",RS24,47.5639,46.7218,191.0,0.23817255791916722,8.0
4,"Dolban, Astrakhanskaya Oblast', Russia",RS07,45.7846,47.2241,,,30.0
4,"Sarmantayevka, Astrakhanskaya Oblast', Russia",RS07,46.3322,48.7793,,,30.0
4,"Vostochnoye, Khabarovskiy Kray, Russia",RS30,48.4797,135.264,,,27.0
4,"Ikryanoye, Astrakhanskaya Oblast', Russia",RS07,46.0932,47.7308,923.0,0.6733752959927793,30.0
4,"Iki-Burul, Kalmykiya, Russia",RS24,45.8208,44.6472,182.0,0.24488273337290561,8.0
4,"Malaya Vishera, Novgorodskaya Oblast', Russia",RS52,58.5667,31.45,,,53.0
4,"Semiluki, Voronezhskaya Oblast', Russia",RS86,51.5211,39.1552,1102.0,20.947198181116576,36.0
4,"Turginovo, Tverskaya Oblast', Russia",RS77,56.5155,35.9712,,,69.0
4,"Kisloye, Tyumenskaya Oblast', Russia",RS78,55.9703,69.2773,,,72.0
4,"Izmaylovo, Smolenskaya Oblast', Russia",RS69,55.4089,34.04,,,67.0
4,"Rakkola, Leningradskaya Oblast', Russia",RS42,60.772,28.3466,,,47.0
4,"Tomilovskaya, Arkhangel'skaya Oblast', Russia",RS06,61.8825,48.3803,,,29.0
4,"Berseneva, Bashkortostan, Russia",RS08,56.0667,58.7167,,,2.0
4,"Glazova, Kostromskaya Oblast', Russia",RS37,58.2506,41.2822,,,44.0
4,"Brazhkina, Permskiy Kray, Russia",RS90,59.1373,54.4486,,,59.0
4,"Znamya Truda, Kareliya, Russia",RS28,62.2167,33.0833,,,10.0
4,"Kumukh, Dagestan, Russia",RS17,42.1704,47.1161,137.0,0.1794916523610772,5.0
4,"Goncharnaya, Altayskiy Kray, Russia",RS04,53.9167,83.05,,,22.0
4,"Uchebnyy, Saratovskaya Oblast', Russia",RS67,51.3419,48.2196,,,64.0
4,"Burkovskaya, Kirovskaya Oblast', Russia",RS33,58.2495,46.8105,,,43.0
4,"Lendery, Kareliya, Russia",RS28,63.4148,31.2015,,,10.0
4,"Dolgova, Novosibirskaya Oblast', Russia",RS53,55.4381,84.4539,,,54.0
4,"Taman Bay, Krasnodarskiy Kray, Russia",RS38,45.2828,36.8217,,,23.0
4,"Kupchino, Sankt-Peterburg, Russia",RS66,59.8528,30.3567,,,47.0
4,"Mutnaya, Permskiy Kray, Russia",RS90,58.3388,56.8865,,,59.0
4,"Pustozero, Kareliya, Russia",RS28,64.0298,33.8493,,,10.0
4,"Staroturukhansk, Krasnoyarskiy Kray, Russia",RS39,65.9,87.6167,,,24.0
4,"Shaumyan, Krasnodarskiy Kray, Russia",RS38,44.3233,39.2931,,,23.0
4,"Seredyna, Novgorodskaya Oblast', Russia",RS52,57.9032,30.5619,,,53.0
4,"Kustanay, Primorskiy Kray, Russia",RS59,45.8167,134.683,,,25.0
4,"Karyernoye, Kaliningradskaya Oblast', Russia",RS23,54.9201,20.5762,,,39.0
4,"Proletarka, Rostovskaya Oblast', Russia",RS61,47.884,40.1963,,,61.0
4,"Ponyatovka, Smolenskaya Oblast', Russia",RS69,53.811,32.4562,,,67.0
4,"Balba, Khabarovskiy Kray, Russia",RS30,51.4667,139.483,,,27.0
4,"Unya, Amurskaya Oblast', Russia",RS05,54.0558,129.882,,,28.0
4,"Fedotov, Saratovskaya Oblast', Russia",RS67,51.6632,50.4292,,,64.0
4,"Glotov, Voronezhskaya Oblast', Russia",RS86,51.3667,38.3667,,,36.0
4,"Poloskova, Irkutskaya Oblast', Russia",RS20,53.5242,105.993,,,38.0
4,"Torgo, Irkutskaya Oblast', Russia",RS20,58.35,118.25,,,38.0
4,"Sike, Evenkiyskiy Avtonomnyy Okrug, Russia",RS18,62.7167,101.067,,,
4,"Bayr, Kalmykiya, Russia",RS24,45.7897,44.8789,,,8.0
4,"Naumovna, Belgorodskaya Oblast', Russia",RS09,50.4002,36.315,,,31.0
4,"Inki, Dagestan, Russia",RS17,42.3131,47.2681,,,5.0
4,"Afanasyevskiy, Sverdlovskaya Oblast', Russia",RS71,56.8526,58.3351,,,66.0
4,"Kryazh, Astrakhanskaya Oblast', Russia",RS07,47.4769,47.1433,,,30.0
4,"Umanka, Bashkortostan, Russia",RS08,53.4857,54.8829,,,2.0
4,"Ternei, Primorskiy Kray, Russia",RS59,45.0503,136.609,801.0,0.37170427664082156,25.0
4,"Shkotovo, Primorskiy Kray, Russia",RS59,43.3196,132.352,807.0,9.169566286636641,25.0
4,"Wehlau, Kaliningradskaya Oblast', Russia",RS23,54.6095,21.208,,,39.0
4,"Zdorovo, Nizhegorodskaya Oblast', Russia",RS51,56.6495,44.2812,,,52.0
4,"Karakan, Altayskiy Kray, Russia",RS04,52.9706,86.4664,,,22.0
4,"Aleisk, Altayskiy Kray, Russia",RS04,52.4926,82.7822,,,22.0
4,"Kornilova, Kemerovskaya Oblast', Russia",RS29,55.128,85.6336,,,42.0
4,"Sayansk, Irkutskaya Oblast', Russia",RS20,53.0753,102.258,,,38.0
4,"Brata, Kalmykiya, Russia",RS24,46.2253,44.2434,,,8.0
4,"Umay, Nizhegorodskaya Oblast', Russia",RS51,55.4565,44.3373,,,52.0
4,"Bolshaya Lubyanka, Ryazanskaya Oblast', Russia",RS62,54.2803,39.3532,,,62.0
4,"Tenken, Taymyrskiy (Dolgano-Nenetskiy) Avtonomnyy Okrug, Russia",RS74,72.8667,93.5,,,24.0
4,"Kosika, Astrakhanskaya Oblast', Russia",RS07,47.0945,47.2155,,,30.0
4,"Konkov, Rostovskaya Oblast', Russia",RS61,48.8271,41.6994,,,61.0
4,"Berezovo, Tul'skaya Oblast', Russia",RS76,54.3178,38.3175,,,71.0
4,"Pridneprovskaya, Smolenskaya Oblast', Russia",RS69,54.7494,32.4995,,,67.0
4,"Novaya Guta, Smolenskaya Oblast', Russia",RS69,55.2606,33.0464,,,67.0
4,"Veyer, Sverdlovskaya Oblast', Russia",RS71,56.9079,60.6172,,,66.0
4,"Saarijarvi, Kareliya, Russia",RS28,61.9833,36.3333,,,10.0
4,"Sopka, Krasnoyarskiy Kray, Russia",RS39,57.4692,90.0669,,,24.0
4,"Prochnookopskaya, Krasnodarskiy Kray, Russia",RS38,45.0666,41.1175,,,23.0
4,"Indoy, Irkutskaya Oblast', Russia",RS20,56.7491,100.823,,,38.0
4,"Batum, Yevreyskaya Avtonomnaya Oblast', Russia",RS89,48.9859,131.961,,,79.0
4,"Nagayevo, Tul'skaya Oblast', Russia",RS76,53.3833,36.9833,,,71.0
4,"Tarabarov, Voronezhskaya Oblast', Russia",RS86,51.4737,39.1074,,,36.0
4,"Volgo, Tverskaya Oblast', Russia",RS77,56.9025,33.1664,,,69.0
4,"Demyanki, Yaroslavskaya Oblast', Russia",RS88,58.2491,40.3887,,,76.0
4,"Darovoye, Moskovskaya Oblast', Russia",RS47,54.6891,38.7403,,,50.0
4,"Cheremoshnya, Kaluzhskaya Oblast', Russia",RS25,54.547,35.5206,,,40.0
4,"Vazi, Sakhalinskaya Oblast', Russia",RS64,51.5,143.217,,,65.0
4,"Trishkin, Altay, Russia",RS03,50.0114,85.1097,,,4.0
4,"Noka, Omskaya Oblast', Russia",RS54,54.85,72.55,,,55.0
4,"Yevsino, Kirovskaya Oblast', Russia",RS33,57.5398,47.9733,,,43.0
4,"Vichkinza, Nizhegorodskaya Oblast', Russia",RS51,54.9228,43.2743,,,52.0
4,"Temerlin, Tatarstan, Russia",RS73,54.5043,50.3961,,,16.0
4,"Khasanova, Bashkortostan, Russia",RS08,52.6528,58.5725,,,2.0
4,"Cape Heller, Arkhangel'skaya Oblast', Russia",RS06,80.7645,59.6452,,,29.0
4,"Akushkino, Kemerovskaya Oblast', Russia",RS29,53.4792,87.2077,,,42.0
4,"Karabanov, Chelyabinskaya Oblast', Russia",RS13,54.3403,61.3857,,,74.0
4,"Yergalakh, Taymyrskiy (Dolgano-Nenetskiy) Avtonomnyy Okrug, Russia",RS74,69.1311,87.7761,,,24.0
4,"Ayakli, Taymyrskiy (Dolgano-Nenetskiy) Avtonomnyy Okrug, Russia",RS74,70.2333,95.3667,,,24.0
4,"Malshevo, Novosibirskaya Oblast', Russia",RS53,53.742,82.0526,,,54.0
4,"Klinovoye, Kurskaya Oblast', Russia",RS41,51.4419,36.4186,,,46.0
4,"Choron, Sakha (Yakutiya), Russia",RS63,60.8,119.426,,,14.0
4,"Trudovik, Penzenskaya Oblast', Russia",RS57,53.2875,44.7216,,,58.0
4,"Nurinsk, Zabaykal'skiy Kray, Russia",RS93,51.0836,115.665,,,75.0
4,"Vyatskiye Polyany, Kirovskaya Oblast', Russia",RS33,56.226,51.0656,1259.0,0.6651809038336123,43.0
4,"Vedenka, Primorskiy Kray, Russia",RS59,45.8775,133.912,,,25.0
4,"Krymskiy, Permskiy Kray, Russia",RS90,58.0292,55.8443,,,59.0
4,"Uspenskaya, Nizhegorodskaya Oblast', Russia",RS51,55.3533,44.1372,,,52.0
4,"Subor, Smolenskaya Oblast', Russia",RS69,54.7941,33.9142,,,67.0
4,"Khoka, Khabarovskiy Kray, Russia",RS30,59.4667,139.3,,,27.0
4,"Mayat, Sakha (Yakutiya), Russia",RS63,71.3167,113.85,,,14.0
4,"Shipitsyno, Vologodskaya Oblast', Russia",RS85,59.3901,38.852,,,35.0
4,"Lukashevo, Smolenskaya Oblast', Russia",RS69,55.4706,32.8464,,,67.0
4,"Argamak, Bashkortostan, Russia",RS08,55.4676,54.8892,,,2.0
4,"Volnorez, Taymyrskiy (Dolgano-Nenetskiy) Avtonomnyy Okrug, Russia",RS74,74.17,91.4917,,,24.0
4,"Krasny Desant, Rostovskaya Oblast', Russia",RS61,47.1688,38.7474,,,61.0
4,"Malinauka, Pskovskaya Oblast', Russia",RS60,57.05,27.9833,,,60.0
4,"Balakhna, Arkhangel'skaya Oblast', Russia",RS06,65.8969,43.5191,,,29.0
4,"Yakutskaya, Amurskaya Oblast', Russia",RS05,52.7667,131.733,,,28.0
4,"Korzina, Permskiy Kray, Russia",RS90,58.8338,55.0353,,,59.0
4,"Proskokovo, Kemerovskaya Oblast', Russia",RS29,55.8394,84.7261,,,42.0
4,"Metrostroy, Kirovskaya Oblast', Russia",RS33,58.8632,52.3319,,,43.0
4,"Borovlevo, Tverskaya Oblast', Russia",RS77,56.7929,35.9313,,,69.0
4,"Zhirovaya, Tomskaya Oblast', Russia",RS75,58.5,85.35,,,70.0
4,"Belyana, Kirovskaya Oblast', Russia",RS33,57.65,50.2,,,43.0
4,"Garbuzov, Rostovskaya Oblast', Russia",RS61,49.1827,40.2707,,,61.0
4,"Begovaya, Moskva, Russia",RS48,55.7667,37.5667,,,50.0
4,"Ubinskoye, Novosibirskaya Oblast', Russia",RS53,55.3068,79.6802,1626.0,0.052948196061899294,54.0
4,"Privolnoye, Omskaya Oblast', Russia",RS54,54.4136,74.764,,,55.0
4,"Siklyuk, Chukotskiy Avtonomnyy Okrug, Russia",RS15,64.5167,-172.483,,,87.0
4,"Varnek, Nenetskiy Avtonomnyy Okrug, Russia",RS50,69.7142,60.0529,,,83.0
4,"Pushkino, Amurskaya Oblast', Russia",RS05,51.2565,129.018,,,28.0
4,"Akveduk, Kabardino-Balkariya, Russia",RS22,43.6228,44.4391,,,7.0
4,"Shanka, Zabaykal'skiy Kray, Russia",RS93,52.1611,117.032,,,75.0
4,"Telemba, Buryatiya, Russia",RS11,52.739,113.287,,,3.0
4,"Salagay, Irkutskaya Oblast', Russia",RS20,57.4199,97.7399,,,38.0
4,"Sinyavskaya, Rostovskaya Oblast', Russia",RS61,47.2759,39.2585,,,61.0
4,"Stepok, Bryanskaya Oblast', Russia",RS10,52.6084,32.8667,,,32.0
4,"Zabaykalskiy, Zabaykal'skiy Kray, Russia",RS93,52.1401,113.597,,,75.0
4,"Verbovy, Krasnodarskiy Kray, Russia",RS38,45.2375,40.4858,,,23.0
4,"Kapanen, Kareliya, Russia",RS28,61.3667,31.7667,,,10.0
4,"Taina, Zabaykal'skiy Kray, Russia",RS93,51.5833,118.45,,,75.0
4,"Sukhorukova, Kostromskaya Oblast', Russia",RS37,58.0435,41.2958,,,44.0
4,"Pelma, Vologodskaya Oblast', Russia",RS85,59.6012,39.6085,,,35.0
4,"Moldovanka, Rsja, Russia",RSJA,44.5361,146.939,,,65.0
4,"Zaozerye, Leningradskaya Oblast', Russia",RS42,59.7333,28.7,,,47.0
4,"Dubovo, Tverskaya Oblast', Russia",RS77,57.6312,37.4569,,,69.0
4,"Pudozh, Kareliya, Russia",RS28,61.8099,36.5345,220.0,0.18209746102906776,10.0
4,"Isakovo, Kaluzhskaya Oblast', Russia",RS25,54.5927,37.0261,,,40.0
4,"Serka, Pskovskaya Oblast', Russia",RS60,56.8985,30.8614,,,60.0
4,"Budennovskaya, Stavropol'skiy Kray, Russia",RS70,43.8842,42.7233,,,26.0
4,"Irek, Bashkortostan, Russia",RS08,54.25,54.2,,,2.0
4,"Novy Arysh, Tatarstan, Russia",RS73,55.6518,50.301,,,16.0
4,"Ichan, Sakhalinskaya Oblast', Russia",RS64,46.7667,143.35,,,65.0
4,"Kunya, Pskovskaya Oblast', Russia",RS60,56.2898,30.9745,1772.0,0.7290892303692321,60.0
4,"Kalta, Permskiy Kray, Russia",RS90,56.5884,54.7112,,,59.0
4,"Priamurye, Russia (General), Russia",RS00,52.0,132.0,,,91.0
4,"Pori, Tomskaya Oblast', Russia",RS75,58.757,82.1425,,,70.0
4,"Kirei, Irkutskaya Oblast', Russia",RS20,54.2002,100.662,,,38.0
4,"Korabelnaya, Murmanskaya Oblast', Russia",RS49,69.2,35.2333,,,51.0
4,"Perekhoda, Novgorodskaya Oblast', Russia",RS52,58.1363,31.217,,,53.0
4,"Lozhki, Volgogradskaya Oblast', Russia",RS84,48.7538,43.3767,,,34.0
4,"Sayany, Russia (General), Russia",RS00,52.75,96.0,,,91.0
4,"Lyza, Smolenskaya Oblast', Russia",RS69,54.2379,31.8935,,,67.0
4,"Gavrilov Yam, Yaroslavskaya Oblast', Russia",RS88,57.3019,39.8533,2324.0,0.15631648662346392,76.0
4,"Tulyanka, Belgorodskaya Oblast', Russia",RS09,50.2435,37.9296,,,31.0
4,"Akhtuba, Saratovskaya Oblast', Russia",RS67,51.6101,44.3811,,,64.0
4,"Avilo-Uspenka, Rostovskaya Oblast', Russia",RS61,47.6937,38.6756,,,61.0
4,"Koto, Evenkiyskiy Avtonomnyy Okrug, Russia",RS18,63.8681,96.3201,,,
4,"Pugoy, Chechnya And Ingushetiya, Russia",RSCI,42.6841,45.3255,,,20.0
4,"Peschany, Rostovskaya Oblast', Russia",RS61,48.7344,40.4495,,,61.0
4,"Zoby, Tverskaya Oblast', Russia",RS77,57.7343,36.7149,,,69.0
4,"Iultin, Chukotskiy Avtonomnyy Okrug, Russia",RS15,67.87,-178.734,,,87.0
4,"Bratskoe, Chechnya And Ingushetiya, Russia",RSCI,43.6536,44.8889,,,20.0
4,"Berezkin, Stavropol'skiy Kray, Russia",RS70,44.2494,45.0658,,,26.0
4,"Ponomarov, Chelyabinskaya Oblast', Russia",RS13,54.7833,60.25,,,74.0
4,"Koryakia, Russia (General), Russia",RS00,62.0,166.0,,,91.0
4,"Chernigovka, Amurskaya Oblast', Russia",RS05,49.6197,129.938,,,28.0
4,"Kayur, Magadanskaya Oblast', Russia",RS44,59.2778,147.539,,,49.0
4,"Preobrazhenskaya, Irkutskaya Oblast', Russia",RS20,54.2,101.383,,,38.0
4,"Gurovo, Volgogradskaya Oblast', Russia",RS84,49.9538,43.2122,,,34.0
4,"Krasnokamsk, Permskiy Kray, Russia",RS90,58.0796,55.7552,748.0,0.2762764099005349,59.0
4,"Korova, Sverdlovskaya Oblast', Russia",RS71,57.063,62.8792,,,66.0
4,"Maminskaya, Arkhangel'skaya Oblast', Russia",RS06,61.1796,46.3067,,,29.0
4,"Maminskoye, Sverdlovskaya Oblast', Russia",RS71,56.4437,61.4026,,,66.0
4,"Laborem, Komi, Russia",RS34,61.8747,52.6066,,,11.0
4,"Brodilovka, Tul'skaya Oblast', Russia",RS76,53.3959,37.7585,,,71.0
4,"Gorokhovets, Vladimirskaya Oblast', Russia",RS83,56.2015,42.6935,993.0,1.057477931717016,33.0
4,"Simanovskaya, Leningradskaya Oblast', Russia",RS42,60.6,34.7167,,,47.0
4,"Nefteprovod, Samarskaya Oblast', Russia",RS65,53.2091,48.3671,,,63.0
4,"Birobijan, Yevreyskaya Avtonomnaya Oblast', Russia",RS89,48.7916,132.925,2338.0,0.44830051494320133,79.0
4,"Gusli, Bryanskaya Oblast', Russia",RS10,52.6181,32.7561,,,32.0
4,"Munali, Khabarovskiy Kray, Russia",RS30,52.2928,135.035,,,27.0
4,"Nashim, Sakha (Yakutiya), Russia",RS63,66.4167,123.433,,,14.0
4,"Bolotnoye, Kaluzhskaya Oblast', Russia",RS25,54.5573,36.2088,,,40.0
4,"Nusi, Dagestan, Russia",RS17,43.456,46.9706,,,5.0
4,"Sayranovo, Bashkortostan, Russia",RS08,54.4833,54.1833,,,2.0
4,"Millya, Tatarstan, Russia",RS73,55.3257,53.1169,,,16.0
4,"Skibitskiy, Primorskiy Kray, Russia",RS59,45.32,134.22,,,25.0
4,"Knevichi, Bryanskaya Oblast', Russia",RS10,52.6344,32.3443,,,32.0
4,"Uliss, Primorskiy Kray, Russia",RS59,43.0962,131.937,,,25.0
4,"Tumsa, Chechnya And Ingushetiya, Russia",RSCI,42.8333,45.63,,,20.0
4,"Dolga, Novgorodskaya Oblast', Russia",RS52,57.7207,31.1593,,,53.0
4,"Ureka, Mariy-El, Russia",RS45,56.9614,48.5031,,,12.0
4,"Aktash, Altay, Russia",RS03,50.3,87.7333,,,4.0
4,"Lisitsyn, Kurskaya Oblast', Russia",RS41,51.8597,35.4747,,,46.0
4,"Titarenko, Rostovskaya Oblast', Russia",RS61,49.4833,40.1333,,,61.0
4,"Reble, Pskovskaya Oblast', Russia",RS60,56.3174,29.6357,,,60.0
4,"Ulysses Bay, Primorskiy Kray, Russia",RS59,43.0756,131.92,,,25.0
4,"Belyashi, Altay, Russia",RS03,49.7333,87.4167,,,4.0
4,"Stanka, Pskovskaya Oblast', Russia",RS60,57.7528,28.1012,,,60.0
4,"Bimeni, Tatarstan, Russia",RS73,55.9894,49.3673,,,16.0
4,"Koshki, Chuvashiya, Russia",RS16,55.7933,47.045,,,21.0
4,"Naydenov, Volgogradskaya Oblast', Russia",RS84,49.0167,43.4833,,,34.0
4,"Khalkin, Chechnya And Ingushetiya, Russia",RSCI,42.8564,45.6503,,,20.0
4,"Argunskoye, Khabarovskiy Kray, Russia",RS30,47.9597,134.577,,,27.0
4,"Roman Chukov, Krasnodarskiy Kray, Russia",RS38,44.2186,41.5472,,,23.0
4,"Vaba, Leningradskaya Oblast', Russia",RS42,59.7509,28.8187,,,47.0
4,"Bannik, Chelyabinskaya Oblast', Russia",RS13,54.8743,60.4264,,,74.0
4,"Prokhody, Bryanskaya Oblast', Russia",RS10,52.7575,32.4406,,,32.0
4,"Dzhalingra, Amurskaya Oblast', Russia",RS05,55.2969,125.339,,,28.0
4,"Beltsy, Vladimirskaya Oblast', Russia",RS83,56.2199,39.0816,,,33.0
4,"Pakhomov, Chelyabinskaya Oblast', Russia",RS13,55.25,57.7333,,,74.0
4,"Rudak, Permskiy Kray, Russia",RS90,58.4667,55.8,,,59.0
4,"Medvedi, Kirovskaya Oblast', Russia",RS33,58.0758,50.6735,,,43.0
4,"Meret, Novosibirskaya Oblast', Russia",RS53,53.5743,82.3978,,,54.0
4,"Tashkirmen, Tatarstan, Russia",RS73,55.3191,49.3862,,,16.0
4,"Pekhotnoye, Orenburgskaya Oblast', Russia",RS55,51.3364,57.0096,,,56.0
4,"Uglesborochnaya, Tul'skaya Oblast', Russia",RS76,53.9107,38.8167,,,71.0
4,"Preobrazhenskiy, Krasnoyarskiy Kray, Russia",RS39,57.85,92.5667,,,24.0
4,"Polazna, Permskiy Kray, Russia",RS90,58.2922,56.4156,,,59.0
4,"Rybaki, Kirovskaya Oblast', Russia",RS33,57.6016,50.984,,,43.0
4,"Karl Marks, Tverskaya Oblast', Russia",RS77,56.6,36.6167,,,69.0
4,"-Kuzbass, Russia (General), Russia",RS00,54.0,86.0,,,91.0
4,"Pyramid Hill, Primorskiy Kray, Russia",RS59,43.4167,134.95,,,25.0
4,"Kondrashkin, Stavropol'skiy Kray, Russia",RS70,45.3231,43.8836,,,26.0
4,"Molotok, Orenburgskaya Oblast', Russia",RS55,52.5883,53.9673,,,56.0
4,"Saraki, Khabarovskiy Kray, Russia",RS30,51.4333,136.467,,,27.0
5,"Yaroslavskaya Oblast, Yaroslavskaya Oblast', Russia",RS88,58.0,39.5,,,76.0
5,"Ivanovskaya Oblast, Ivanovskaya Oblast', Russia",RS21,57.0,41.75,,,37.0
4,"Kostromskaya, Udmurtiya, Russia",RS80,58.3535,52.0013,,,18.0
4,"Bitsa, Moskovskaya Oblast', Russia",RS47,55.5675,37.6272,,,50.0
4,"Monastyrshchino, Penzenskaya Oblast', Russia",RS57,52.6036,43.5865,,,58.0
4,"Yak In, 92, Russia",RS92,61.8,170.35,,,41.0
4,"Kugai, Mariy-El, Russia",RS45,56.5794,45.6797,,,12.0
4,"Dulisma, Sakha (Yakutiya), Russia",RS63,59.1283,110.38,,,14.0
4,"Cape Flora, Arkhangel'skaya Oblast', Russia",RS06,79.9479,50.0898,,,29.0
4,"Shipilov, Rostovskaya Oblast', Russia",RS61,49.4535,40.8171,,,61.0
4,"Shilin, Volgogradskaya Oblast', Russia",RS84,49.8161,42.4991,,,34.0
4,"Menka, Smolenskaya Oblast', Russia",RS69,55.2852,34.534,,,67.0
4,"Nenastye, Permskiy Kray, Russia",RS90,56.5258,57.3109,,,59.0
4,"Khitrovka, Bashkortostan, Russia",RS08,52.9333,55.5833,,,2.0
4,"Sadovyy, Voronezhskaya Oblast', Russia",RS86,51.5101,39.684,,,36.0
4,"Zheleznodorozhnaya, Kaliningradskaya Oblast', Russia",RS23,54.4336,21.2447,,,39.0
4,"Aleksandropol, Altayskiy Kray, Russia",RS04,52.9558,78.791,,,22.0
4,"Lgov, Orlovskaya Oblast', Russia",RS56,53.2846,35.4157,,,57.0
4,"Sinta, Irkutskaya Oblast', Russia",RS20,52.6341,105.866,,,38.0
4,"Syrym, Orenburgskaya Oblast', Russia",RS55,50.9935,59.197,,,56.0
4,"Kashirskoye, Voronezhskaya Oblast', Russia",RS86,51.4194,39.6125,1087.0,2.0825982282517197,36.0
4,"Uyan, Irkutskaya Oblast', Russia",RS20,54.3444,101.995,,,38.0
4,"Derevo, Tverskaya Oblast', Russia",RS77,57.3028,33.7213,,,69.0
4,"Maksimovka, Tomskaya Oblast', Russia",RS75,57.3333,82.9833,,,70.0
4,"Averin, Volgogradskaya Oblast', Russia",RS84,50.0741,42.6217,,,34.0
4,"Bobkova, Altayskiy Kray, Russia",RS04,51.6667,81.4167,,,22.0
4,"Balagan, Sakhalinskaya Oblast', Russia",RS64,50.6333,143.417,,,65.0
4,"Tarasovskoye, Vologodskaya Oblast', Russia",RS85,60.4763,46.5848,,,35.0
4,"Zabelin, Kaluzhskaya Oblast', Russia",RS25,54.3742,36.71,,,40.0
4,"Kurana, Magadanskaya Oblast', Russia",RS44,62.95,152.467,,,49.0
4,"Shingar, Krasnodarskiy Kray, Russia",RS38,44.7994,37.3681,,,23.0
4,"Brosno, Tverskaya Oblast', Russia",RS77,56.8243,31.9141,,,69.0
4,"Arsa, Zabaykal'skiy Kray, Russia",RS93,52.08,111.959,,,75.0
4,"Narym, Tomskaya Oblast', Russia",RS75,58.9267,81.5925,,,70.0
4,"Vecherniy, Russia (General), Russia",RS00,46.984,135.047,,,91.0
4,"Vozvrashcheniye, Sakhalinskaya Oblast', Russia",RS64,49.35,142.883,,,65.0
4,"Zaostrovka, Permskiy Kray, Russia",RS90,58.0043,56.1059,,,59.0
4,"Isheyevo, Tatarstan, Russia",RS73,55.1664,48.6324,,,16.0
4,"In Chin, Sakhalinskaya Oblast', Russia",RS64,51.8167,143.15,,,65.0
4,"Anikin, Rostovskaya Oblast', Russia",RS61,48.1652,39.9849,,,61.0
4,"Letka, Komi, Russia",RS34,59.6011,49.4232,,,11.0
4,"Ustinova, Kostromskaya Oblast', Russia",RS37,58.5555,41.3468,,,44.0
4,"Aches, Permskiy Kray, Russia",RS90,59.7834,56.4876,,,59.0
4,"Shakha, Russia (General), Russia",RS00,56.7951,39.3629,,,91.0
4,"Kochergin, Volgogradskaya Oblast', Russia",RS84,49.0333,46.2667,,,34.0
4,"Verbovoi, Adygeya, Russia",RS01,45.0497,39.4167,,,1.0
4,"Sadovoy, Orlovskaya Oblast', Russia",RS56,52.8328,35.3717,,,57.0
4,"Kalinovo, Sverdlovskaya Oblast', Russia",RS71,57.1317,60.1464,,,66.0
4,"Gvardeyskoe, Chechnya And Ingushetiya, Russia",RSCI,43.6731,44.9589,,,20.0
4,"Chikoi, Russia (General), Russia",RS00,51.0333,106.65,,,91.0
4,"Korshunova, Irkutskaya Oblast', Russia",RS20,58.6019,110.141,,,38.0
4,"Verkhniye Tayaty, Krasnoyarskiy Kray, Russia",RS39,53.8059,93.5178,,,24.0
4,"Novovasilyevka, Bashkortostan, Russia",RS08,53.8,54.4167,,,2.0
4,"Dremuchka, Krasnoyarskiy Kray, Russia",RS39,53.7008,94.3495,,,24.0
4,"Kuvay, Orenburgskaya Oblast', Russia",RS55,52.1571,53.9016,,,56.0
4,"Nizhniye Tayaty, Krasnoyarskiy Kray, Russia",RS39,53.7718,93.4928,,,24.0
4,"Zhayma, Krasnoyarskiy Kray, Russia",RS39,54.8485,93.6818,,,24.0
4,"Karatuz, Krasnoyarskiy Kray, Russia",RS39,53.6072,92.8667,701.0,0.7421725238811314,24.0
4,"Seyba, Tyva, Russia",RS79,52.5039,94.9147,,,17.0
4,"Bolshoy Ungut, Krasnoyarskiy Kray, Russia",RS39,55.4204,93.4018,,,24.0
4,"Kazyr, Krasnoyarskiy Kray, Russia",RS39,53.6843,94.2033,,,24.0
4,"Kolbinskoye, Voronezhskaya Oblast', Russia",RS86,50.1046,39.7337,,,36.0
4,"Partizanskoye, Yevreyskaya Avtonomnaya Oblast', Russia",RS89,48.5676,134.456,,,79.0
4,"Tayaty, Krasnoyarskiy Kray, Russia",RS39,53.8634,94.3569,,,24.0
4,"Mozharka, Penzenskaya Oblast', Russia",RS57,53.2226,45.6375,,,58.0
4,"Saldat, Tatarstan, Russia",RS73,54.6,52.75,,,16.0
4,"Churikov, Saratovskaya Oblast', Russia",RS67,50.1195,48.2047,,,64.0
4,"Balapan, Bashkortostan, Russia",RS08,52.2322,58.0336,,,2.0
4,"Khitrovo, Lipetskaya Oblast', Russia",RS43,53.5208,39.0247,,,48.0
4,"Ilyushka, Sverdlovskaya Oblast', Russia",RS71,59.7903,61.9293,,,66.0
4,"Kalinova, Sverdlovskaya Oblast', Russia",RS71,57.4336,61.9373,,,66.0
4,"Karasev, Astrakhanskaya Oblast', Russia",RS07,48.1,46.9667,,,30.0
4,"Sukharnaya, Sakha (Yakutiya), Russia",RS63,69.4833,161.9,,,14.0
4,"Darial Gorge, Russia (General), Russia",RS00,42.7453,44.6253,,,91.0
4,"Derna, Tverskaya Oblast', Russia",RS77,56.5935,34.6762,,,69.0
4,"Tutta, Khabarovskiy Kray, Russia",RS30,48.8667,139.967,,,27.0
4,"Zalov, Amurskaya Oblast', Russia",RS05,56.045,120.468,,,28.0
4,"Tatishcheva, Orenburgskaya Oblast', Russia",RS55,51.6928,54.3133,,,56.0
4,"Golitsyna, Omskaya Oblast', Russia",RS54,55.859,73.0832,,,55.0
4,"Lukina, Smolenskaya Oblast', Russia",RS69,55.168,34.6523,,,67.0
4,"Nozhem, Vologodskaya Oblast', Russia",RS85,60.0395,35.7666,,,35.0
4,"Domanovo, Tverskaya Oblast', Russia",RS77,57.3086,37.9673,,,69.0
4,"Darkin, Karachayevo-Cherkesiya, Russia",RS27,44.1083,42.1519,,,9.0
4,"Yegorova, Permskiy Kray, Russia",RS90,58.6584,55.8405,,,59.0
4,"Komarovskoye, Altayskiy Kray, Russia",RS04,53.6404,85.0852,,,22.0
4,"Novovoronezhskaya, Voronezhskaya Oblast', Russia",RS86,51.3095,39.221,1075.0,0.3507608648940983,36.0
4,"Salya, Kirovskaya Oblast', Russia",RS33,57.0895,50.7753,,,43.0
4,"Moshchenka, Ivanovskaya Oblast', Russia",RS21,56.6068,40.9632,,,37.0
4,"Samoilovka, Saratovskaya Oblast', Russia",RS67,51.184,43.7081,,,64.0
4,"Ternovskaya, Rostovskaya Oblast', Russia",RS61,49.098,40.6588,,,61.0
4,"Urozhay, Bashkortostan, Russia",RS08,54.9574,56.724,,,2.0
4,"Kokh, Murmanskaya Oblast', Russia",RS49,67.6358,31.273,,,51.0
4,"Smolyan, Bryanskaya Oblast', Russia",RS10,53.3478,34.064,,,32.0
4,"Yemelyanova, Kirovskaya Oblast', Russia",RS33,60.5692,48.0619,,,43.0
4,"Munka, Kirovskaya Oblast', Russia",RS33,56.8938,50.5088,,,43.0
4,"So Rota, Chechnya And Ingushetiya, Russia",RSCI,42.9533,45.5928,,,20.0
4,"Snagost, Kurskaya Oblast', Russia",RS41,51.3153,34.8945,,,46.0
4,"Skat, Saratovskaya Oblast', Russia",RS67,52.2911,45.809,,,64.0
4,"Kurilovo, Nizhegorodskaya Oblast', Russia",RS51,55.8956,44.0357,,,52.0
4,"Sarony, Stavropol'skiy Kray, Russia",RS70,44.3942,43.1025,,,26.0
4,"Zmeyevik, Magadanskaya Oblast', Russia",RS44,62.3222,156.203,,,49.0
4,"Lapsha, Nizhegorodskaya Oblast', Russia",RS51,55.0872,43.7502,,,52.0
4,"Veneti, Tatarstan, Russia",RS73,55.961,49.9034,,,16.0
4,"Dvinskaya, Sverdlovskaya Oblast', Russia",RS71,57.3326,64.436,,,66.0
4,"Korenevskaya, Arkhangel'skaya Oblast', Russia",RS06,61.2556,41.6345,,,29.0
4,"Pankovo, Tverskaya Oblast', Russia",RS77,56.5801,34.8786,,,69.0
4,"Nate Ki, Ryazanskaya Oblast', Russia",RS62,54.2167,39.25,,,62.0
4,"Senga, Vologodskaya Oblast', Russia",RS85,58.8864,40.7396,,,35.0
4,"Chikan, Irkutskaya Oblast', Russia",RS20,54.9042,105.659,,,38.0
4,"Shalma, Mordoviya, Russia",RS46,54.2492,44.5557,,,13.0
4,"Sapozhok, Voronezhskaya Oblast', Russia",RS86,51.8874,38.7981,,,36.0
4,"Kunova, Kaluzhskaya Oblast', Russia",RS25,54.755,35.2333,,,40.0
4,"Lovushka, Rsja, Russia",RSJA,45.45,148.533,,,65.0
4,"Gorai, Pskovskaya Oblast', Russia",RS60,57.1316,28.5198,,,60.0
4,"Goju, Chechnya And Ingushetiya, Russia",RSCI,43.0561,45.6067,,,20.0
4,"Zavodskoi, Severnaya Osetiya-Alaniya, Russia",RS68,42.9835,44.6876,,,15.0
4,"Yanaul, Tatarstan, Russia",RS73,56.2141,52.8198,,,16.0
4,"Biryuch, Voronezhskaya Oblast', Russia",RS86,51.4222,39.5309,,,36.0
4,"Zadorozhny, Belgorodskaya Oblast', Russia",RS09,50.7463,35.5426,,,31.0
4,"Chervona-Dibrovka, Belgorodskaya Oblast', Russia",RS09,50.5264,37.2828,,,31.0
4,"Sankovo, Ivanovskaya Oblast', Russia",RS21,56.5701,40.3692,,,37.0
4,"Bolshetroitskoye, Belgorodskaya Oblast', Russia",RS09,50.5432,37.288,,,31.0
4,"Louhi, Kareliya, Russia",RS28,66.0762,33.0475,,,10.0
4,"Zhokhov, Orenburgskaya Oblast', Russia",RS55,51.8089,53.7622,,,56.0
4,"Shabalov, Samarskaya Oblast', Russia",RS65,52.2,50.7,,,63.0
4,"Buinaksk, Dagestan, Russia",RS17,42.819,47.1192,,,5.0
4,"Stalinka, Omskaya Oblast', Russia",RS54,54.9833,72.1167,,,55.0
4,"Dalnaya, Sakhalinskaya Oblast', Russia",RS64,45.9,142.083,,,65.0
4,"Ryaz, Bashkortostan, Russia",RS08,53.7,58.3,,,2.0
4,"Atish, Sverdlovskaya Oblast', Russia",RS71,56.9616,58.3154,,,66.0
4,"Moroshka, Sverdlovskaya Oblast', Russia",RS71,58.0396,65.0045,,,66.0
4,"Sista, Leningradskaya Oblast', Russia",RS42,59.6048,29.0329,,,47.0
4,"Chagry, Samarskaya Oblast', Russia",RS65,53.6,50.1833,,,63.0
4,"Monya, Udmurtiya, Russia",RS80,56.7538,51.5076,,,18.0
4,"Shchekino, Permskiy Kray, Russia",RS90,59.6094,55.8372,,,59.0
4,"Terebreno, Belgorodskaya Oblast', Russia",RS09,50.7199,35.5112,,,31.0
4,"Kamensk-Uralskiy, Sverdlovskaya Oblast', Russia",RS71,56.4185,61.9329,2024.0,0.9888733157425789,66.0
4,"Gorbo, Khabarovskiy Kray, Russia",RS30,60.4167,142.45,,,27.0
4,"Levsha, Sakhalinskaya Oblast', Russia",RS64,46.0339,150.24,,,65.0
4,"Pestrikova, Bryanskaya Oblast', Russia",RS10,52.6703,33.0629,,,32.0
4,"Rykovka, Primorskiy Kray, Russia",RS59,46.1333,134.333,,,25.0
4,"Novoye Devyatkino, Leningradskaya Oblast', Russia",RS42,60.0727,30.4784,,,47.0
4,"Soyot, Buryatiya, Russia",RS11,52.0333,101.133,,,3.0
4,"Demikhovo, Tverskaya Oblast', Russia",RS77,56.8924,31.7932,,,69.0
4,"Prilep, Orlovskaya Oblast', Russia",RS56,52.9889,36.5772,,,57.0
4,"Pronia, Ryazanskaya Oblast', Russia",RS62,54.2965,40.2458,,,62.0
4,"Neran, Khabarovskiy Kray, Russia",RS30,54.6933,135.278,,,27.0
4,"Kuday, Sakha (Yakutiya), Russia",RS63,60.2167,119.467,,,14.0
4,"Enurmino, Chukotskiy Avtonomnyy Okrug, Russia",RS15,66.95,-171.817,,,87.0
4,"Turets, Pskovskaya Oblast', Russia",RS60,58.5684,28.7352,,,60.0
4,"Paramonov, Rostovskaya Oblast', Russia",RS61,48.9841,41.9993,,,61.0
4,"Tsymlyanskiy, Stavropol'skiy Kray, Russia",RS70,44.8853,42.1311,,,26.0
4,"Telekino, Kareliya, Russia",RS28,63.218,34.8551,,,10.0
4,"Ogarev, Voronezhskaya Oblast', Russia",RS86,50.1036,41.3261,,,36.0
4,"Borcha, Bryanskaya Oblast', Russia",RS10,53.5162,33.6454,,,32.0
4,"Lemba, Permskiy Kray, Russia",RS90,60.3681,56.0086,,,59.0
4,"Karamatsu, Sakhalinskaya Oblast', Russia",RS64,46.858,142.751,,,65.0
4,"Sabu La, Khakasiya, Russia",RS31,54.8667,89.2333,,,19.0
4,"Tsori, Chechnya And Ingushetiya, Russia",RSCI,42.8086,45.1036,,,20.0
4,"Jeannette Island, Sakha (Yakutiya), Russia",RS63,76.8333,158.083,,,14.0
4,"Nakhon, Taymyrskiy (Dolgano-Nenetskiy) Avtonomnyy Okrug, Russia",RS74,71.85,101.95,,,24.0
4,"Bulygina, Kurganskaya Oblast', Russia",RS40,56.25,62.3333,,,45.0
4,"Zharkov, Kalmykiya, Russia",RS24,47.6465,44.5059,,,8.0
4,"Mashkina, Kurskaya Oblast', Russia",RS41,51.4462,35.3084,,,46.0
4,"Katyreva, Sverdlovskaya Oblast', Russia",RS71,56.6274,58.4963,,,66.0
4,"Maksy, Ryazanskaya Oblast', Russia",RS62,53.7024,41.283,,,62.0
4,"Dorogoshch, Belgorodskaya Oblast', Russia",RS09,50.5828,35.5712,,,31.0
4,"Masychevo, Voronezhskaya Oblast', Russia",RS86,50.7255,40.745,,,36.0
4,"Kolkhoz Rodina, Udmurtiya, Russia",RS80,57.2667,53.55,,,18.0
4,"Shlyakhovoye, Belgorodskaya Oblast', Russia",RS09,50.9347,38.1026,,,31.0
4,"Fedorovo, Yaroslavskaya Oblast', Russia",RS88,57.7648,40.2028,,,76.0
4,"Litsa, Murmanskaya Oblast', Russia",RS49,68.6292,37.7891,,,51.0
4,"Trema, Vladimirskaya Oblast', Russia",RS83,56.1112,42.2707,,,33.0
4,"Piterskaya, Vologodskaya Oblast', Russia",RS85,60.4578,41.7287,,,35.0
4,"Saush, Tatarstan, Russia",RS73,55.7975,50.193,,,16.0
4,"Kolchin, Orenburgskaya Oblast', Russia",RS55,52.3,60.0333,,,56.0
4,"Simka, Amurskaya Oblast', Russia",RS05,51.0233,129.299,,,28.0
4,"Amama, Chukotskiy Avtonomnyy Okrug, Russia",RS15,62.55,179.383,,,87.0
4,"Rusichi, Rostovskaya Oblast', Russia",RS61,48.2347,40.5885,,,61.0
4,"Boksitogorsk, Leningradskaya Oblast', Russia",RS42,59.474,33.8485,1392.0,0.12524380194076207,47.0
4,"Kotelnich, Kirovskaya Oblast', Russia",RS33,58.3089,48.348,1276.0,1.3078677412921187,43.0
4,"Bystryagi, Kirovskaya Oblast', Russia",RS33,58.3264,48.7351,,,43.0
4,"Fedorkovo, Vologodskaya Oblast', Russia",RS85,59.2887,38.2131,,,35.0
4,"Habomai Islands, Rsja, Russia",RSJA,43.5,146.167,,,65.0
4,"Povrakulka, Arkhangel'skaya Oblast', Russia",RS06,64.6336,40.6232,,,29.0
4,"Solombalka, Arkhangel'skaya Oblast', Russia",RS06,64.6128,40.4933,,,29.0
4,"Kuznechikha, Nizhegorodskaya Oblast', Russia",RS51,56.2746,44.0374,,,52.0
4,"Voronetskaya, Novosibirskaya Oblast', Russia",RS53,54.7297,76.3137,,,54.0
4,"Tinda, Amurskaya Oblast', Russia",RS05,55.1667,124.717,,,28.0
4,"Alykel, Sakha (Yakutiya), Russia",RS63,66.8667,152.033,,,14.0
4,"Kayerkan, Krasnoyarskiy Kray, Russia",RS39,69.3786,87.7439,,,24.0
4,"Karchi, Khabarovskiy Kray, Russia",RS30,51.2167,138.867,,,27.0
4,"Putilovskaya, Belgorodskaya Oblast', Russia",RS09,50.1203,38.0861,,,31.0
4,"Karachev, Volgogradskaya Oblast', Russia",RS84,47.6383,43.3286,,,34.0
4,"Rukhs, Chechnya And Ingushetiya, Russia",RSCI,43.2166,44.7973,,,20.0
4,"Tselik, Zabaykal'skiy Kray, Russia",RS93,52.7221,118.803,,,75.0
4,"Metina, Pskovskaya Oblast', Russia",RS60,55.9079,31.2178,,,60.0
4,"Shchetinin, Saratovskaya Oblast', Russia",RS67,50.65,48.35,,,64.0
4,"Baryshevskaya, Vologodskaya Oblast', Russia",RS85,60.7082,43.0854,,,35.0
4,"Kiyskiy, Nenetskiy Avtonomnyy Okrug, Russia",RS50,67.6587,44.0948,,,83.0
4,"Dubinin, Belgorodskaya Oblast', Russia",RS09,50.5957,36.3154,,,31.0
4,"Lazinki, Kaluzhskaya Oblast', Russia",RS25,54.227,34.2208,,,40.0
4,"Kuchino, Udmurtiya, Russia",RS80,58.2214,52.0203,,,18.0
4,"Mikhailovsk, Zabaykal'skiy Kray, Russia",RS93,51.1137,119.435,,,75.0
4,"Glubokaya, Tverskaya Oblast', Russia",RS77,56.7761,31.6779,,,69.0
4,"Yelash, Arkhangel'skaya Oblast', Russia",RS06,62.0203,41.7191,,,29.0
4,"Purna, Russia (General), Russia",RS00,60.7949,41.0458,,,91.0
4,"Kedi, Dagestan, Russia",RS17,42.5261,45.9664,,,5.0
4,"Puykkola, Kareliya, Russia",RS28,62.1,30.7,,,10.0
4,"Karely, Vladimirskaya Oblast', Russia",RS83,56.4833,38.45,,,33.0
4,"Shosseynaya, Sankt-Peterburg, Russia",RS66,59.8092,30.3322,,,47.0
4,"Pivovarikha, Irkutskaya Oblast', Russia",RS20,52.2706,104.446,,,38.0
4,"Umanskiy, Krasnodarskiy Kray, Russia",RS38,46.236,39.2669,,,23.0
4,"Burlatskoye, Stavropol'skiy Kray, Russia",RS70,45.0564,43.635,,,26.0
4,"Krasnodar, Krasnodarskiy Kray, Russia",RS38,45.0488,38.9725,622.0,4.2834860838784286,23.0
4,"Shishino, Irkutskaya Oblast', Russia",RS20,56.8965,97.6901,,,38.0
4,"Davlekanovo, Bashkortostan, Russia",RS08,54.2215,55.0343,49.0,0.9770809877356063,2.0
4,"Tsemes, Krasnodarskiy Kray, Russia",RS38,44.7289,37.7736,,,23.0
4,"Irsay, Irkutskaya Oblast', Russia",RS20,52.8789,104.974,,,38.0
4,"Tenke, Sakha (Yakutiya), Russia",RS63,62.0036,116.561,,,14.0
4,"Tarkhany, Chuvashiya, Russia",RS16,55.7417,47.4282,,,21.0
4,"Arkit, Dagestan, Russia",RS17,41.9473,48.0128,,,5.0
4,"Mazanka, Rostovskaya Oblast', Russia",RS61,47.3869,42.4885,,,61.0
4,"Dulma, Irkutskaya Oblast', Russia",RS20,55.3292,98.6744,,,38.0
4,"Kavle, Sakhalinskaya Oblast', Russia",RS64,51.2667,143.467,,,65.0
4,"Gryazi, Lipetskaya Oblast', Russia",RS43,52.4966,39.9359,1413.0,1.0177420757045577,48.0
4,"Sumka, Tatarstan, Russia",RS73,55.8277,48.6473,,,16.0
4,"Nedvigovka, Rostovskaya Oblast', Russia",RS61,47.2687,39.3488,,,61.0
4,"Yupiter, Bashkortostan, Russia",RS08,53.3329,55.9615,,,2.0
4,"Roshchin, Bryanskaya Oblast', Russia",RS10,52.6515,32.3116,,,32.0
4,"Moriko, Zabaykal'skiy Kray, Russia",RS93,53.5439,117.841,,,75.0
4,"Begichev, Nizhegorodskaya Oblast', Russia",RS51,55.3167,46.2,,,52.0
4,"Austrom, Bashkortostan, Russia",RS08,54.8119,56.7511,,,2.0
4,"Daur, Irkutskaya Oblast', Russia",RS20,54.7519,99.8896,,,38.0
4,"Peregon, Sverdlovskaya Oblast', Russia",RS71,56.8606,60.3818,,,66.0
4,"Voskresenka, Orenburgskaya Oblast', Russia",RS55,52.05,54.8167,,,56.0
4,"Sazan, Orenburgskaya Oblast', Russia",RS55,51.2207,51.2207,,,56.0
4,"Susuman, Magadanskaya Oblast', Russia",RS44,62.7833,148.167,1435.0,0.7881413733790754,49.0
4,"Kadykchan, Magadanskaya Oblast', Russia",RS44,63.0333,146.833,,,49.0
4,"Soldatskoye, Voronezhskaya Oblast', Russia",RS86,51.046,38.9682,,,36.0
4,"Novy Bor, Tverskaya Oblast', Russia",RS77,56.7333,31.1833,,,69.0
4,"Shakotan, Sakhalinskaya Oblast', Russia",RS64,49.6333,142.167,,,65.0
4,"Suzha, Buryatiya, Russia",RS11,51.7781,107.469,,,3.0
4,"Udan, Sakha (Yakutiya), Russia",RS63,63.8,119.183,,,14.0
4,"Baydar, Kurganskaya Oblast', Russia",RS40,55.0061,65.8539,,,45.0
4,"Patrina, Krasnoyarskiy Kray, Russia",RS39,56.3061,95.6383,,,24.0
4,"Yershov, Saratovskaya Oblast', Russia",RS67,51.3513,48.2766,,,64.0
4,"Burevesnik, Bryanskaya Oblast', Russia",RS10,52.714,33.1164,,,32.0
4,"Azarova, Bryanskaya Oblast', Russia",RS10,52.9355,34.9557,,,32.0
4,"Verkhniy Bor, Permskiy Kray, Russia",RS90,58.5842,55.9138,,,59.0
4,"Kovalevskiy, Rostovskaya Oblast', Russia",RS61,49.1151,40.83,,,61.0
4,"Skvortsova, Adygeya, Russia",RS01,44.4203,39.9256,,,1.0
4,"Black Brothers, Sakhalinskaya Oblast', Russia",RS64,46.4853,150.833,,,65.0
4,"Mukhamedyarov, Orenburgskaya Oblast', Russia",RS55,51.5242,56.9581,,,56.0
4,"Safonov, Belgorodskaya Oblast', Russia",RS09,50.0089,38.5514,,,31.0
4,"Serovskaya, Moskovskaya Oblast', Russia",RS47,55.3002,39.8111,,,50.0
4,"Vetoshkina, Sverdlovskaya Oblast', Russia",RS71,58.1298,62.8799,,,66.0
4,"Molova, Permskiy Kray, Russia",RS90,59.1968,54.6509,,,59.0
4,"Yudina, Irkutskaya Oblast', Russia",RS20,56.0333,105.867,,,38.0
4,"Megri, Kareliya, Russia",RS28,62.7833,32.3167,,,10.0
4,"Rusinga, Murmanskaya Oblast', Russia",RS49,67.1406,41.3022,,,51.0
4,"Nagat, Smolenskaya Oblast', Russia",RS69,54.6758,32.1402,,,67.0
4,"Kozyr, Russia (General), Russia",RS00,53.7833,92.8833,,,91.0
4,"Nevka, Krasnoyarskiy Kray, Russia",RS39,58.4167,98.3167,,,24.0
4,"Dvinskiy, Krasnoyarskiy Kray, Russia",RS39,56.4861,88.973,,,24.0
4,"Mstera, Vladimirskaya Oblast', Russia",RS83,56.3789,41.92,,,33.0
4,"Nikanorovka, Tambovskaya Oblast', Russia",RS72,52.6044,41.2132,,,68.0
4,"Vishnevoye, Volgogradskaya Oblast', Russia",RS84,50.7615,45.257,,,34.0
4,"Ozernoye, Kalmykiya, Russia",RS24,45.9817,41.7517,,,8.0
4,"Galushkin, Volgogradskaya Oblast', Russia",RS84,50.746,42.8472,,,34.0
4,"Sorokina, Krasnodarskiy Kray, Russia",RS38,44.0442,39.4028,,,23.0
4,"Vasileva, Novgorodskaya Oblast', Russia",RS52,58.9092,34.035,,,53.0
4,"Keler, Volgogradskaya Oblast', Russia",RS84,50.566,45.3827,,,34.0
4,"Sarayeva, Pskovskaya Oblast', Russia",RS60,57.5585,28.1119,,,60.0
4,"Preussisch Eylau, Kaliningradskaya Oblast', Russia",RS23,54.3871,20.6437,,,39.0
4,"Turnovo, Bashkortostan, Russia",RS08,55.7042,56.4936,,,2.0
4,"Prikhodko, Primorskiy Kray, Russia",RS59,44.3615,134.646,,,25.0
4,"Oymyaken, Sakha (Yakutiya), Russia",RS63,63.4667,142.817,,,14.0
4,"Kukly, Bryanskaya Oblast', Russia",RS10,52.937,33.7874,,,32.0
4,"Volki, Sverdlovskaya Oblast', Russia",RS71,57.0057,58.0247,,,66.0
4,"Beloye More, Murmanskaya Oblast', Russia",RS49,67.0794,32.265,,,51.0
4,"Anuchino, Penzenskaya Oblast', Russia",RS57,53.759,44.9452,,,58.0
4,"Popkova, Permskiy Kray, Russia",RS90,57.7333,57.7667,,,59.0
4,"Toyohara, Sakhalinskaya Oblast', Russia",RS64,46.9581,142.734,,,65.0
4,"Grankin, Stavropol'skiy Kray, Russia",RS70,45.1856,41.6214,,,26.0
4,"Khomuttsy, Belgorodskaya Oblast', Russia",RS09,51.1218,35.9457,,,31.0
4,"Meun, Amurskaya Oblast', Russia",RS05,52.9667,130.133,,,28.0
4,"Uzkovo, Yaroslavskaya Oblast', Russia",RS88,57.5967,40.366,,,76.0
4,"Ulyanovskaya, Arkhangel'skaya Oblast', Russia",RS06,60.8901,43.1109,,,29.0
4,"Maslennikova, Krasnoyarskiy Kray, Russia",RS39,58.1778,91.8883,,,24.0
4,"Talala, Sakha (Yakutiya), Russia",RS63,60.7333,137.867,,,14.0
4,"Dzhuen, Khabarovskiy Kray, Russia",RS30,49.8492,136.257,,,27.0
4,"Fadina, Permskiy Kray, Russia",RS90,61.0159,56.6756,,,59.0
4,"Gerli, Dagestan, Russia",RS17,42.9964,46.7464,,,5.0
4,"Gudovka, Ryazanskaya Oblast', Russia",RS62,53.7781,39.7401,,,62.0
4,"Zabrodskaya, Kaluzhskaya Oblast', Russia",RS25,54.3122,34.8561,,,40.0
4,"Muradymovo, Bashkortostan, Russia",RS08,53.3397,57.5254,,,2.0
4,"Ludonka, Russia (General), Russia",RS00,57.1667,27.8833,,,91.0
4,"Lopin, Astrakhanskaya Oblast', Russia",RS07,48.5131,45.4066,,,30.0
4,"Tsurai, Dagestan, Russia",RS17,42.2358,47.6582,,,5.0
4,"Cape Kamenny, Yamalo-Nenetskiy Avtonomnyy Okrug, Russia",RS87,68.5,73.5667,,,89.0
4,"Aikawa, Sakhalinskaya Oblast', Russia",RS64,47.5131,142.683,,,65.0
4,"Shelekhov, Irkutskaya Oblast', Russia",RS20,52.2139,104.1,1169.0,0.4879467505986495,38.0
4,"Panteleyevy, Kirovskaya Oblast', Russia",RS33,58.6445,49.8652,,,43.0
4,"Zyryanka, Sakha (Yakutiya), Russia",RS63,65.8333,150.85,318.0,11.261209144032376,14.0
4,"Shikma, 92, Russia",RS92,56.9375,162.471,,,41.0
4,"Yenesei, Russia (General), Russia",RS00,71.8333,82.6667,,,91.0
4,"Predivinsk, Krasnoyarskiy Kray, Russia",RS39,57.0631,93.4374,,,24.0
4,"Yeniseisk, Krasnoyarskiy Kray, Russia",RS39,58.4497,92.1703,,,24.0
4,"Bokova, Tyumenskaya Oblast', Russia",RS78,56.1675,70.3026,,,72.0
4,"Fedotovo, Kostromskaya Oblast', Russia",RS37,58.4827,41.2229,,,44.0
4,"Tenginka, Krasnodarskiy Kray, Russia",RS38,44.3683,38.7811,,,23.0
4,"Duldurga, Zabaykal'skiy Kray, Russia",RS93,50.6761,113.593,606.0,15.76412974962556,75.0
4,"Tugnui, Buryatiya, Russia",RS11,51.0938,107.145,,,3.0
4,"Kachug, Irkutskaya Oblast', Russia",RS20,53.9606,105.882,1153.0,0.20731321757955118,38.0
4,"Izhitsa, Novgorodskaya Oblast', Russia",RS52,58.0536,32.9421,,,53.0
4,"Ygyatta, Sakha (Yakutiya), Russia",RS63,62.9736,117.476,,,14.0
4,"Lopatina, Permskiy Kray, Russia",RS90,59.0178,54.7928,,,59.0
4,"Zemlya-Alexandra, Arkhangel'skaya Oblast', Russia",RS06,80.6066,46.2303,,,29.0
4,"Novosibirsk Islands, Sakha (Yakutiya), Russia",RS63,75.0,142.0,,,14.0
4,"Yushkovo, Lipetskaya Oblast', Russia",RS43,52.1987,38.2258,,,48.0
4,"Isaki, Pskovskaya Oblast', Russia",RS60,56.6643,28.606,,,60.0
4,"Krasnokamensk, Zabaykal'skiy Kray, Russia",RS93,50.0661,118.148,585.0,8.349589694065333,75.0
4,"Zhelezny, Krasnodarskiy Kray, Russia",RS38,45.2969,39.5608,,,23.0
4,"Rodnaya, Yaroslavskaya Oblast', Russia",RS88,57.9136,37.8426,,,76.0
4,"Nagahama, Sakhalinskaya Oblast', Russia",RS64,46.6125,143.131,,,65.0
4,"Puras, Arkhangel'skaya Oblast', Russia",RS06,62.3955,46.7415,,,29.0
4,"Muvazhi, Udmurtiya, Russia",RS80,56.0455,52.7019,,,18.0
4,"Golubets, Orlovskaya Oblast', Russia",RS56,52.4323,36.74,,,57.0
4,"Vodyanoy, Rostovskaya Oblast', Russia",RS61,46.7134,39.0239,,,61.0
4,"Pyalma, Kareliya, Russia",RS28,62.4016,35.8917,,,10.0
4,"Seltso, Smolenskaya Oblast', Russia",RS69,54.8667,32.95,,,67.0
4,"Romanovskoe, Buryatiya, Russia",RS11,53.2137,112.771,,,3.0
4,"Zorino, Buryatiya, Russia",RS11,53.5167,109.367,,,3.0
4,"Toyma, Tatarstan, Russia",RS73,56.0111,52.3932,,,16.0
4,"Novaya Derevnya, Belgorodskaya Oblast', Russia",RS09,50.5093,36.4413,,,31.0
4,"Karakul, Chelyabinskaya Oblast', Russia",RS13,52.7856,60.0772,,,74.0
4,"Teksan, Khabarovskiy Kray, Russia",RS30,49.5209,133.281,,,27.0
4,"Shchelkino, Tverskaya Oblast', Russia",RS77,56.1943,31.6316,,,69.0
4,"Elektrozavod, Orenburgskaya Oblast', Russia",RS55,52.5667,54.0167,,,56.0
4,"Zverina, Permskiy Kray, Russia",RS90,58.7233,56.052,,,59.0
4,"Bilino, Smolenskaya Oblast', Russia",RS69,55.2333,33.4833,,,67.0
4,"Terekhovo, Tverskaya Oblast', Russia",RS77,58.2024,35.0927,,,69.0
4,"Chisti, Vologodskaya Oblast', Russia",RS85,60.1988,38.2555,,,35.0
4,"Svyatki, Bryanskaya Oblast', Russia",RS10,53.6817,33.6694,,,32.0
4,"Kaki, Khabarovskiy Kray, Russia",RS30,53.1,140.4,,,27.0
4,"Yagul, Udmurtiya, Russia",RS80,58.2396,52.671,,,18.0
4,"Shcherbakova, Voronezhskaya Oblast', Russia",RS86,50.8051,39.3519,,,36.0
4,"Trusova, Komi, Russia",RS34,65.4589,51.3714,,,11.0
4,"Yamalpeninsula, Yamalo-Nenetskiy Avtonomnyy Okrug, Russia",RS87,70.0,70.0,,,89.0
4,"It Kara, Kemerovskaya Oblast', Russia",RS29,55.9511,84.9908,,,42.0
4,"Zhiguli Mountains, Samarskaya Oblast', Russia",RS65,53.4324,49.6533,1875.0,11.038284996657561,63.0
4,"Prioskolye, Belgorodskaya Oblast', Russia",RS09,51.0909,37.8357,,,31.0
4,"Prozhektor, Orenburgskaya Oblast', Russia",RS55,52.7833,55.0833,,,56.0
4,"Kauchuk, Kurskaya Oblast', Russia",RS41,51.5785,36.2228,,,46.0
4,"Kommunar, Saratovskaya Oblast', Russia",RS67,52.0677,47.4938,,,64.0
4,"Bednota, Smolenskaya Oblast', Russia",RS69,53.7689,32.3114,,,67.0
4,"Bubnov, Bryanskaya Oblast', Russia",RS10,53.5836,33.591,,,32.0
4,"Verkhne-Uralsk, Chelyabinskaya Oblast', Russia",RS13,53.8769,59.2106,2296.0,0.6249939390476474,74.0
4,"But It, 92, Russia",RS92,55.8556,161.066,,,41.0
4,"Telek, Krasnoyarskiy Kray, Russia",RS39,54.3319,91.9439,,,24.0
4,"Samolva, Pskovskaya Oblast', Russia",RS60,58.2913,27.6219,,,60.0
4,"Gorodishchenskoye, Krasnoyarskiy Kray, Russia",RS39,58.2905,92.4303,,,24.0
4,"Orekhovno, Novgorodskaya Oblast', Russia",RS52,57.5732,32.9065,,,53.0
4,"Latat, Tomskaya Oblast', Russia",RS75,56.7333,85.9167,,,70.0
4,"Remizov, Rostovskaya Oblast', Russia",RS61,47.9912,42.263,,,61.0
4,"Chuada, Dagestan, Russia",RS17,42.152,46.8715,,,5.0
4,"-Balkan, Bashkortostan, Russia",RS08,53.9744,55.2693,,,2.0
4,"Strekoza, Khabarovskiy Kray, Russia",RS30,59.3736,144.34,,,27.0
4,"Kokhanovo, Kaluzhskaya Oblast', Russia",RS25,54.6072,37.1448,,,40.0
4,"Solovyeva, Nizhegorodskaya Oblast', Russia",RS51,55.8723,45.0282,,,52.0
4,"Nairo, Sakhalinskaya Oblast', Russia",RS64,49.1167,142.967,,,65.0
4,"Bardan, Amurskaya Oblast', Russia",RS05,51.2858,128.136,,,28.0
4,"Romashkino, Kostromskaya Oblast', Russia",RS37,58.9022,46.9141,,,44.0
4,"Godza, Smolenskaya Oblast', Russia",RS69,55.267,31.5138,,,67.0
4,"Verblyuzhye, Omskaya Oblast', Russia",RS54,55.3944,73.1583,,,55.0
4,"Podstepnoye, Samarskaya Oblast', Russia",RS65,53.5151,49.1355,,,63.0
4,"Krasnovodsk, Zabaykal'skiy Kray, Russia",RS93,50.3667,108.75,586.0,0.6064471159368351,75.0
4,"Gakko, Dagestan, Russia",RS17,42.4702,45.882,,,5.0
4,"Poyma, Primorskiy Kray, Russia",RS59,42.8825,131.245,,,25.0
4,"Pokap, Sverdlovskaya Oblast', Russia",RS71,58.8299,59.2668,,,66.0
4,"Vesnik, Arkhangel'skaya Oblast', Russia",RS06,62.7442,41.3241,,,29.0
4,"Krokhino, Vologodskaya Oblast', Russia",RS85,60.0537,38.0619,,,35.0
4,"Medvezhyegorsk, Kareliya, Russia",RS28,62.9171,34.4569,214.0,0.8636704878047016,10.0
4,"Beloye, Ryazanskaya Oblast', Russia",RS62,54.5833,42.4333,,,62.0
4,"Burgunda, Buryatiya, Russia",RS11,53.7833,114.133,,,3.0
4,"Natalin, Bryanskaya Oblast', Russia",RS10,52.5168,33.0136,,,32.0
4,"Kukhari, Khabarovskiy Kray, Russia",RS30,48.6567,135.542,,,27.0
4,"Vasilkovskoye, Amurskaya Oblast', Russia",RS05,50.7178,129.132,,,28.0
4,"Peleda, Leningradskaya Oblast', Russia",RS42,59.1513,28.981,,,47.0
4,"Rybnoe, Ryazanskaya Oblast', Russia",RS62,54.7277,39.5173,1861.0,0.5502135427896538,62.0
4,"Balabanovo, Kirovskaya Oblast', Russia",RS33,57.21,48.8189,,,43.0
4,"Lazari, Permskiy Kray, Russia",RS90,57.5362,57.7095,,,59.0
4,"Mashiny, Kirovskaya Oblast', Russia",RS33,57.5252,49.3548,,,43.0
4,"Zagorskaya, Komi, Russia",RS34,60.3008,49.6419,,,11.0
4,"Nyal, Murmanskaya Oblast', Russia",RS49,69.0756,32.1205,,,51.0
4,"Mukna, Khabarovskiy Kray, Russia",RS30,60.2833,138.9,,,27.0
4,"Gusinoye, Kurganskaya Oblast', Russia",RS40,56.274,62.7267,,,45.0
4,"Detskaya, Moskovskaya Oblast', Russia",RS47,55.9667,37.9833,,,50.0
4,"Shalava, Yaroslavskaya Oblast', Russia",RS88,57.3389,39.8177,,,76.0
4,"Firsova, Altayskiy Kray, Russia",RS04,53.3175,83.9536,,,22.0
4,"Dzhava, Krasnodarskiy Kray, Russia",RS38,44.3753,38.5294,,,23.0
4,"Chelnokova, Tyumenskaya Oblast', Russia",RS78,56.507,70.5358,,,72.0
4,"Easta, Checheno-Ingushskaya Avtonomnaya Sovetskaya Sotsialistichesk, Russia",RS12,43.0233,45.8923,,,20.0
4,"Mokka, Irkutskaya Oblast', Russia",RS20,56.1167,102.933,,,38.0
4,"Krasnorechensk, 92, Russia",RS92,53.15,158.45,,,41.0
4,"Mantyniemi, Kareliya, Russia",RS28,66.2833,30.2833,,,10.0
4,"Askyz, Khakasiya, Russia",RS31,53.1431,90.5656,,,19.0
4,"Kyzlasov, Khakasiya, Russia",RS31,53.1158,89.9531,,,19.0
4,"Nizina, Orlovskaya Oblast', Russia",RS56,53.3195,35.4601,,,57.0
4,"Antoshka, Irkutskaya Oblast', Russia",RS20,55.5333,107.717,,,38.0
4,"Mokroye, Lipetskaya Oblast', Russia",RS43,52.9912,38.6346,,,48.0
4,"Tabol, Novgorodskaya Oblast', Russia",RS52,58.4092,31.121,,,53.0
4,"Grachevka, Penzenskaya Oblast', Russia",RS57,53.5427,44.9208,,,58.0
4,"Naro Fominsk, Moskovskaya Oblast', Russia",RS47,55.3875,36.7331,1468.0,0.7039020523386785,50.0
4,"Povarovo, Vologodskaya Oblast', Russia",RS85,58.9292,38.7351,,,35.0
4,"Kirsino, Leningradskaya Oblast', Russia",RS42,59.6333,31.1,,,47.0
4,"Yerema, Irkutskaya Oblast', Russia",RS20,60.3808,107.779,,,38.0
4,"Napalkova, Nizhegorodskaya Oblast', Russia",RS51,55.5108,45.0576,,,52.0
4,"Kega, Kostromskaya Oblast', Russia",RS37,58.4986,41.3342,,,44.0
4,"Usmanskoye, Kemerovskaya Oblast', Russia",RS29,55.95,87.4,,,42.0
4,"Kurut, Stavropol'skiy Kray, Russia",RS70,44.5158,44.7406,,,26.0
4,"Pukovo, Novgorodskaya Oblast', Russia",RS52,57.8362,30.5993,,,53.0
4,"Bukhalovo, Yaroslavskaya Oblast', Russia",RS88,57.944,40.534,,,76.0
4,"Popki, Pskovskaya Oblast', Russia",RS60,56.1804,30.0107,,,60.0
4,"Lokh, Saratovskaya Oblast', Russia",RS67,52.1301,45.8565,,,64.0
4,"Kagra, Kareliya, Russia",RS28,66.001,31.569,,,10.0
4,"Dubovka, Smolenskaya Oblast', Russia",RS69,55.7988,34.0864,,,67.0
4,"Zhuma, Orenburgskaya Oblast', Russia",RS55,50.9759,59.2118,,,56.0
4,"Loba, Chuvashiya, Russia",RS16,55.7819,46.1513,,,21.0
4,"Push China, Irkutskaya Oblast', Russia",RS20,58.19,109.309,,,38.0
4,"Belkino, Permskiy Kray, Russia",RS90,59.6151,56.6356,,,59.0
4,"Batenka, Russia (General), Russia",RS00,53.8375,33.7612,,,91.0
4,"Averina, Krasnoyarskiy Kray, Russia",RS39,58.9203,91.6972,,,24.0
4,"Sutara, Yevreyskaya Avtonomnaya Oblast', Russia",RS89,48.8294,131.251,,,79.0
4,"Gorevskoye, Novosibirskaya Oblast', Russia",RS53,54.4275,82.8109,,,54.0
4,"Okolitsa, Smolenskaya Oblast', Russia",RS69,55.732,34.414,,,67.0
4,"Kanton, Bashkortostan, Russia",RS08,55.6209,57.1163,,,2.0
4,"Duslyk, Bashkortostan, Russia",RS08,54.5502,53.7772,,,2.0
4,"Slavuta, Sakhalinskaya Oblast', Russia",RS64,46.966,142.653,,,65.0
4,"Gorlov, Krasnodarskiy Kray, Russia",RS38,45.6558,39.6969,,,23.0
4,"At Oran, Khabarovskiy Kray, Russia",RS30,59.5667,139.783,,,27.0
4,"Maltina, Bryanskaya Oblast', Russia",RS10,53.1423,34.9862,,,32.0
4,"Baronov, Moskovskaya Oblast', Russia",RS47,55.4925,35.5886,,,50.0
4,"Ilovo, Pskovskaya Oblast', Russia",RS60,56.2727,28.4518,,,60.0
4,"Chagan-Uzun, Altay, Russia",RS03,50.1,88.35,,,4.0
4,"Avlon, Magadanskaya Oblast', Russia",RS44,62.2833,156.467,,,49.0
4,"Chalna, Kareliya, Russia",RS28,61.8872,34.0637,,,10.0
4,"Barcha, Bashkortostan, Russia",RS08,53.3066,55.9444,,,2.0
4,"Ilinc, Lipetskaya Oblast', Russia",RS43,52.7178,39.6711,,,48.0
4,"-Zerno, Bryanskaya Oblast', Russia",RS10,53.4181,32.9092,,,32.0
4,"Porus, Novgorodskaya Oblast', Russia",RS52,57.3694,30.7809,,,53.0
4,"Timovka, Kaluzhskaya Oblast', Russia",RS25,54.856,36.2937,,,40.0
4,"Lunino, Smolenskaya Oblast', Russia",RS69,54.8044,34.7611,,,67.0
4,"Yumas, Khanty-Mansiyskiy Avtonomnyy Okrug, Russia",RS32,59.5333,66.4167,,,86.0
4,"Ogul, Irkutskaya Oblast', Russia",RS20,52.9,106.1,,,38.0
4,"Vyana, Russia (General), Russia",RS00,54.9534,41.8367,,,91.0
4,"Sovetskoye, Kaliningradskaya Oblast', Russia",RS23,54.6858,22.2028,,,39.0
4,"Shemyakin, Irkutskaya Oblast', Russia",RS20,56.5107,98.4298,,,38.0
4,"Spassk-Dalniy, Primorskiy Kray, Russia",RS59,44.5978,132.821,784.0,0.4202275827050269,25.0
4,"Kolobki, Buryatiya, Russia",RS11,51.6504,107.373,,,3.0
4,"Iriska, Omskaya Oblast', Russia",RS54,56.6031,75.2146,,,55.0
4,"Kyver, Komi, Russia",RS34,63.2222,47.492,,,11.0
4,"Zaprudka, Vologodskaya Oblast', Russia",RS85,59.076,39.8421,,,35.0
4,"Beya, Khakasiya, Russia",RS31,53.0533,90.9139,455.0,0.9526654792813699,19.0
4,"Delkyu, Khabarovskiy Kray, Russia",RS30,60.9333,142.6,,,27.0
4,"Uzkoe, Orlovskaya Oblast', Russia",RS56,53.3362,35.5744,,,57.0
4,"Bilya, Zabaykal'skiy Kray, Russia",RS93,50.8977,110.588,,,75.0
4,"Vonyshevo, Kostromskaya Oblast', Russia",RS37,58.7859,42.2075,,,44.0
4,"Podmoskovnaya, Moskva, Russia",RS48,55.8167,37.5167,,,50.0
4,"Mysovo, Smolenskaya Oblast', Russia",RS69,55.5612,34.1696,,,67.0
4,"Lianozovo, Moskva, Russia",RS48,55.8978,37.5868,,,50.0
4,"Serednikovo, Novgorodskaya Oblast', Russia",RS52,58.55,35.0667,,,53.0
4,"Shkolnaya, Tomskaya Oblast', Russia",RS75,58.5995,85.1172,,,70.0
4,"Vinogradovo, Moskovskaya Oblast', Russia",RS47,55.4272,38.5357,,,50.0
4,"Dolgiye, Kurganskaya Oblast', Russia",RS40,55.4453,67.735,,,45.0
4,"Levoberezhye, Moskovskaya Oblast', Russia",RS47,55.8833,37.4833,,,50.0
4,"Kulneva, Bryanskaya Oblast', Russia",RS10,53.1516,35.1379,,,32.0
4,"Kolyadin, Sakha (Yakutiya), Russia",RS63,67.4333,142.633,,,14.0
4,"Inso, Sakhalinskaya Oblast', Russia",RS64,48.0333,142.633,,,65.0
4,"Vvedenskoye, Leningradskaya Oblast', Russia",RS42,59.4,30.6167,,,47.0
4,"Berezkino, Novgorodskaya Oblast', Russia",RS52,58.5319,35.6723,,,53.0
4,"Ozernaya, Krasnoyarskiy Kray, Russia",RS39,58.4726,92.0714,,,24.0
4,"Goritsy, Tverskaya Oblast', Russia",RS77,57.7767,37.2337,,,69.0
4,"Andoga, Vologodskaya Oblast', Russia",RS85,59.1945,37.3879,,,35.0
4,"Kazran, Chechnya And Ingushetiya, Russia",RSCI,43.226,44.7732,,,20.0
4,"Batash, Kurganskaya Oblast', Russia",RS40,55.972,62.3702,,,45.0
4,"Afipskiy, Krasnodarskiy Kray, Russia",RS38,44.9021,38.8439,,,23.0
4,"Tsumada, Dagestan, Russia",RS17,42.4819,46.0525,155.0,8.570582008906168,5.0
4,"Krutoberegovo, 92, Russia",RS92,56.2622,162.703,,,41.0
4,"Polotnyany Zavod, Kaluzhskaya Oblast', Russia",RS25,54.7214,35.9661,,,40.0
4,"Yaguar, Sakhalinskaya Oblast', Russia",RS64,49.0167,142.683,,,65.0
4,"Bardak, Khabarovskiy Kray, Russia",RS30,51.1229,131.372,,,27.0
4,"Uytash, Dagestan, Russia",RS17,42.8192,47.6088,,,5.0
4,"Korabl, Zabaykal'skiy Kray, Russia",RS93,51.5265,118.289,,,75.0
4,"Rutul, Dagestan, Russia",RS17,41.5357,47.4239,144.0,0.24531222178914505,5.0
4,"Moscow Basin, Russia (General), Russia",RS00,55.0,34.0,,,91.0
4,"Leninkent, Dagestan, Russia",RS17,42.969,47.352,,,5.0
4,"Levashov, Rostovskaya Oblast', Russia",RS61,48.7692,40.9167,,,61.0
4,"Molvitino, Kostromskaya Oblast', Russia",RS37,58.1488,41.5948,,,44.0
4,"Krutaya, Kirovskaya Oblast', Russia",RS33,58.5567,46.9091,,,43.0
4,"Bessonovka, Kostromskaya Oblast', Russia",RS37,58.5933,44.1338,,,44.0
4,"Attol, Dagestan, Russia",RS17,41.667,47.0132,,,5.0
4,"Kaspiyskoye, Kaliningradskaya Oblast', Russia",RS23,54.6683,22.1006,,,39.0
4,"Novoye Delo, Kaluzhskaya Oblast', Russia",RS25,53.6486,34.9139,,,40.0
4,"Bardina, Kaluzhskaya Oblast', Russia",RS25,54.6842,35.0489,,,40.0
4,"Priyutovo, Orenburgskaya Oblast', Russia",RS55,51.8755,54.9273,,,56.0
4,"Ekaterinovka, Voronezhskaya Oblast', Russia",RS86,50.8397,39.6742,,,36.0
4,"Kuak, Tatarstan, Russia",RS73,54.6347,51.9534,,,16.0
4,"Makha, Vladimirskaya Oblast', Russia",RS83,55.5892,41.1519,,,33.0
4,"Potanina, Permskiy Kray, Russia",RS90,58.3333,55.1167,,,59.0
4,"Volok, Tverskaya Oblast', Russia",RS77,56.8394,32.5572,,,69.0
4,"Kislyar, Chelyabinskaya Oblast', Russia",RS13,54.75,57.3667,,,74.0
4,"Kargalinskaya, Chechnya And Ingushetiya, Russia",RSCI,43.7438,46.4782,,,20.0
4,"Chiryurt, Dagestan, Russia",RS17,43.207,46.8679,,,5.0
4,"Agrakhan Peninsula, Dagestan, Russia",RS17,43.7075,47.5458,,,5.0
4,"Kurakh, Dagestan, Russia",RS17,41.5849,47.7831,136.0,0.09946677497101884,5.0
4,"Shlyakh, Orlovskaya Oblast', Russia",RS56,52.0864,37.5575,,,57.0
4,"Livna, Smolenskaya Oblast', Russia",RS69,54.6937,32.5318,,,67.0
4,"Verkhnyaya, Primorskiy Kray, Russia",RS59,42.793,130.655,,,25.0
4,"Klyuchy, Sverdlovskaya Oblast', Russia",RS71,56.6247,58.4147,,,66.0
4,"Malikov, Ryazanskaya Oblast', Russia",RS62,53.8706,38.9617,,,62.0
4,"-Sistema, Chelyabinskaya Oblast', Russia",RS13,53.1109,60.219,,,74.0
4,"Vasilyevskaya, Khabarovskiy Kray, Russia",RS30,46.8382,134.048,,,27.0
4,"Kirsanova, Tyumenskaya Oblast', Russia",RS78,56.6752,65.0349,,,72.0
4,"Talmi, Khabarovskiy Kray, Russia",RS30,50.6833,137.083,,,27.0
4,"Bund In, Astrakhanskaya Oblast', Russia",RS07,48.4194,45.4483,,,30.0
4,"Dauriya, Zabaykal'skiy Kray, Russia",RS93,49.9333,116.867,,,75.0
4,"Valkovskaya, Moskovskaya Oblast', Russia",RS47,55.3899,39.7989,,,50.0
4,"Milo Dino, Yaroslavskaya Oblast', Russia",RS88,57.3397,38.4917,,,76.0
4,"Stanki, Smolenskaya Oblast', Russia",RS69,55.3619,34.9409,,,67.0
4,"Alymova, Bryanskaya Oblast', Russia",RS10,53.1019,35.1864,,,32.0
4,"Storozhka, Sakha (Yakutiya), Russia",RS63,60.5667,124.033,,,14.0
4,"Dubrovitsy, Moskovskaya Oblast', Russia",RS47,55.4397,37.4867,,,50.0
4,"Putevoy, Sakha (Yakutiya), Russia",RS63,57.3936,128.031,,,14.0
4,"Sestra, Leningradskaya Oblast', Russia",RS42,59.75,32.3333,,,47.0
4,"Ramenskiy, Kirovskaya Oblast', Russia",RS33,58.3358,49.6965,,,43.0
4,"Kureyka, Kirovskaya Oblast', Russia",RS33,58.3848,51.5707,,,43.0
4,"Shushenskoye, Kaliningradskaya Oblast', Russia",RS23,54.7419,21.9308,,,39.0
4,"Vyatsk, Altayskiy Kray, Russia",RS04,53.2624,86.5813,,,22.0
4,"Insuk, Krasnoyarskiy Kray, Russia",RS39,52.45,91.0333,,,24.0
4,"Basov, Belgorodskaya Oblast', Russia",RS09,50.6799,35.9049,,,31.0
4,"Monni, Chukotskiy Avtonomnyy Okrug, Russia",RS15,67.1,164.433,,,87.0
4,"Kukah, Khabarovskiy Kray, Russia",RS30,49.1962,133.49,,,27.0
4,"Tankha, Kalmykiya, Russia",RS24,47.5244,45.1654,,,8.0
4,"Agidel, Bashkortostan, Russia",RS08,55.9077,53.9355,22.0,0.9443225710935559,2.0
4,"Kozhanov, Belgorodskaya Oblast', Russia",RS09,51.024,36.8756,,,31.0
4,"Gorskiy, Bashkortostan, Russia",RS08,53.1667,56.2,,,2.0
4,"Akani, Chukotskiy Avtonomnyy Okrug, Russia",RS15,65.5,171.167,,,87.0
4,"Dobrota, Volgogradskaya Oblast', Russia",RS84,50.7908,41.4381,,,34.0
4,"Karaseva, Kurganskaya Oblast', Russia",RS40,55.5807,62.9837,,,45.0
4,"Gryaz, Moskovskaya Oblast', Russia",RS47,55.5386,35.7272,,,50.0
4,"Sedovo, Novosibirskaya Oblast', Russia",RS53,55.3659,82.8521,,,54.0
4,"Or Dino, Tverskaya Oblast', Russia",RS77,56.4001,34.8736,,,69.0
4,"Selezen, Vladimirskaya Oblast', Russia",RS83,56.08,42.1746,,,33.0
4,"Geyter, Khabarovskiy Kray, Russia",RS30,50.3707,137.224,,,27.0
4,"Zolotova, Vologodskaya Oblast', Russia",RS85,60.0204,40.5911,,,35.0
4,"Grigorova, Permskiy Kray, Russia",RS90,59.7012,56.5928,,,59.0
4,"Pokhodsk, Sakha (Yakutiya), Russia",RS63,69.1,160.983,,,14.0
4,"Aleshkin, Volgogradskaya Oblast', Russia",RS84,48.2449,42.6423,,,34.0
4,"Prokhorova, Bryanskaya Oblast', Russia",RS10,53.75,33.85,,,32.0
4,"Zhak, Komi, Russia",RS34,60.2186,49.7427,,,11.0
4,"Blinova, Permskiy Kray, Russia",RS90,60.4627,56.3044,,,59.0
4,"Kanin Nos, Nenetskiy Avtonomnyy Okrug, Russia",RS50,68.6419,43.385,,,83.0
4,"Lesnaya Dacha, Stavropol'skiy Kray, Russia",RS70,45.8017,42.2269,,,26.0
4,"Polosy, Novgorodskaya Oblast', Russia",RS52,58.608,31.8719,,,53.0
4,"Poludennik, Novgorodskaya Oblast', Russia",RS52,57.5167,31.7833,,,53.0
4,"Poleva, Permskiy Kray, Russia",RS90,60.1384,57.2809,,,59.0
4,"Adyl-Su, Kabardino-Balkariya, Russia",RS22,43.2479,42.639,,,7.0
4,"Adyr-Su, Kabardino-Balkariya, Russia",RS22,43.3086,42.7551,,,7.0
4,"Zhemchug, Buryatiya, Russia",RS11,51.6861,102.459,,,3.0
4,"Merzhanovo, Rostovskaya Oblast', Russia",RS61,47.293,39.1456,,,61.0
4,"-Rostok, Penzenskaya Oblast', Russia",RS57,53.2846,44.0208,,,58.0
4,"Posadskaya, Kirovskaya Oblast', Russia",RS33,58.7644,49.87,,,43.0
4,"Belorechenskaya, Krasnodarskiy Kray, Russia",RS38,44.7673,39.8742,632.0,0.6934380954691919,23.0
4,"Anosova, Smolenskaya Oblast', Russia",RS69,55.2972,34.8261,,,67.0
4,"Vaku, Primorskiy Kray, Russia",RS59,45.95,133.75,,,25.0
4,"Organizatsiya, Kurskaya Oblast', Russia",RS41,51.423,35.9858,,,46.0
4,"Shepelev, Voronezhskaya Oblast', Russia",RS86,50.8997,39.3686,,,36.0
4,"Monashka, Ryazanskaya Oblast', Russia",RS62,54.824,41.6554,,,62.0
4,"Yermokhin, Primorskiy Kray, Russia",RS59,46.8775,134.528,,,25.0
4,"Baskino, Ivanovskaya Oblast', Russia",RS21,56.8965,43.0493,,,37.0
5,"Kabardino Balkaria, Kabardino-Balkariya, Russia",RS22,43.5,43.5,,,7.0
4,"Izvara, Leningradskaya Oblast', Russia",RS42,59.3521,29.5217,,,47.0
4,"Chebotarev, Rostovskaya Oblast', Russia",RS61,48.8067,40.5566,,,61.0
4,"Yuzhnyy, Amurskaya Oblast', Russia",RS05,50.3024,129.002,,,28.0
4,"Kareva, Tatarstan, Russia",RS73,54.3667,52.0833,,,16.0
4,"Partal, Khakasiya, Russia",RS31,53.4408,89.7117,,,19.0
4,"Strukov, Voronezhskaya Oblast', Russia",RS86,51.3161,38.5417,,,36.0
4,"Korabelnyy, Murmanskaya Oblast', Russia",RS49,69.5824,32.7513,,,51.0
4,"Zotova, Chelyabinskaya Oblast', Russia",RS13,56.0833,59.3833,,,74.0
4,"Kalib, Dagestan, Russia",RS17,42.0705,46.86,,,5.0
4,"Katastrofa, Khabarovskiy Kray, Russia",RS30,59.1958,146.172,,,27.0
4,"Ondatra, Irkutskaya Oblast', Russia",RS20,57.5782,101.683,,,38.0
4,"Uzkaya, Kirovskaya Oblast', Russia",RS33,58.5582,53.1827,,,43.0
4,"Stolbik, Kirovskaya Oblast', Russia",RS33,59.239,49.025,,,43.0
4,"Aleshinskiy, Novosibirskaya Oblast', Russia",RS53,56.3403,78.9425,,,54.0
4,"Sekur, Arkhangel'skaya Oblast', Russia",RS06,61.5295,48.0044,,,29.0
4,"Metgethen, Kaliningradskaya Oblast', Russia",RS23,54.7265,20.3572,,,39.0
4,"Yevdokimov, Belgorodskaya Oblast', Russia",RS09,50.4491,37.7786,,,31.0
4,"Kolesova, Sverdlovskaya Oblast', Russia",RS71,58.2679,61.6408,,,66.0
4,"Orekhovaya, Krasnoyarskiy Kray, Russia",RS39,56.9356,94.4356,,,24.0
4,"Shilan, Samarskaya Oblast', Russia",RS65,53.4905,50.6209,,,63.0
4,"Sayma, Chelyabinskaya Oblast', Russia",RS13,56.1653,60.4739,,,74.0
4,"Anchan, Krasnoyarskiy Kray, Russia",RS91,57.8489,99.1632,,,24.0
4,"Munki, Sakha (Yakutiya), Russia",RS63,64.265,128.77,,,14.0
4,"Udor, Komi, Russia",RS34,62.5914,50.8268,,,11.0
4,"Rybnoye, Krasnoyarskiy Kray, Russia",RS39,58.1336,94.5514,,,24.0
4,"Ozerna, Kaluzhskaya Oblast', Russia",RS25,54.73,35.6317,,,40.0
4,"Kurmacheva, Sverdlovskaya Oblast', Russia",RS71,57.7626,63.2344,,,66.0
4,"Vyatskaya, Novosibirskaya Oblast', Russia",RS53,56.5452,76.7158,,,54.0
4,"Kocheva, Permskiy Kray, Russia",RS90,58.7742,54.217,,,59.0
4,"Raevka, Bashkortostan, Russia",RS08,54.0658,54.9468,,,2.0
4,"Yantal, Irkutskaya Oblast', Russia",RS20,56.8605,105.219,,,38.0
4,"Roga, Kaluzhskaya Oblast', Russia",RS25,54.1234,35.5781,,,40.0
4,"Uglovka, Novgorodskaya Oblast', Russia",RS52,58.2392,33.5108,,,53.0
4,"Oredezh, Leningradskaya Oblast', Russia",RS42,58.8183,30.3375,,,47.0
4,"Vaida Bay, Murmanskaya Oblast', Russia",RS49,69.9358,31.9994,,,51.0
4,"Fateyev, Volgogradskaya Oblast', Russia",RS84,50.3469,43.2866,,,34.0
4,"Fadeyeva, Permskiy Kray, Russia",RS90,59.2498,54.7559,,,59.0
4,"Ozernoy, Khabarovskiy Kray, Russia",RS30,60.5,138.6,,,27.0
4,"Ozerny, Nizhegorodskaya Oblast', Russia",RS51,55.1217,41.874,,,52.0
4,"Sabula, Khakasiya, Russia",RS31,54.8667,89.2333,,,19.0
4,"Kuzhmara, Mariy-El, Russia",RS45,56.8489,48.3225,,,12.0
4,"Muraz, Bashkortostan, Russia",RS08,54.1595,56.6882,,,2.0
4,"Manzherok, Altay, Russia",RS03,51.8286,85.7672,,,4.0
4,"Yuzhno-Morskoy, Primorskiy Kray, Russia",RS59,42.8594,132.694,,,25.0
4,"Shaytanov, Yamalo-Nenetskiy Avtonomnyy Okrug, Russia",RS87,72.8822,71.6411,,,89.0
4,"Molodost, Orenburgskaya Oblast', Russia",RS55,53.4,53.8,,,56.0
4,"Udod, Magadanskaya Oblast', Russia",RS44,59.8819,147.304,,,49.0
4,"Olenevod, 92, Russia",RS92,56.85,157.633,,,41.0
4,"Kaluzhskoye, Kaliningradskaya Oblast', Russia",RS23,54.8303,21.9533,,,39.0
4,"Minnibayevo, Tatarstan, Russia",RS73,54.8147,52.2312,,,16.0
4,"Seltsovo, Tverskaya Oblast', Russia",RS77,56.6717,35.5471,,,69.0
4,"Rasputina, Irkutskaya Oblast', Russia",RS20,56.2,102.283,,,38.0
4,"Bulanova, Sverdlovskaya Oblast', Russia",RS71,57.4081,62.5186,,,66.0
4,"Sinyak, Kurskaya Oblast', Russia",RS41,51.2149,34.7819,,,46.0
4,"Bobyr, Novgorodskaya Oblast', Russia",RS52,58.6352,36.0745,,,53.0
4,"Naryshkino, Lipetskaya Oblast', Russia",RS43,53.374,39.9169,,,48.0
4,"Nikolayevskaya, Arkhangel'skaya Oblast', Russia",RS06,62.1653,45.0973,,,29.0
4,"Kamyshevskaya, Rostovskaya Oblast', Russia",RS61,47.5039,41.7819,,,61.0
4,"Stepnovskoye, Stavropol'skiy Kray, Russia",RS70,44.3,44.5833,838.0,3.5734220678440662,26.0
4,"Kopanskoye, Orenburgskaya Oblast', Russia",RS55,51.3411,55.6396,,,56.0
4,"Trudovaya, Sakhalinskaya Oblast', Russia",RS64,49.0333,142.017,,,65.0
4,"Unchi, Khabarovskiy Kray, Russia",RS30,58.0667,140.583,,,27.0
4,"Kozhin, Saratovskaya Oblast', Russia",RS67,51.1833,49.35,,,64.0
4,"Glushkov, Krasnodarskiy Kray, Russia",RS38,46.8,38.7667,,,23.0
4,"Indikyakha, Yamalo-Nenetskiy Avtonomnyy Okrug, Russia",RS87,68.0283,78.5925,,,89.0
4,"Tologa, Zabaykal'skiy Kray, Russia",RS93,51.75,114.983,,,75.0
4,"Tabori, Buryatiya, Russia",RS11,52.8146,110.589,,,3.0
4,"Moshnitsy, Moskovskaya Oblast', Russia",RS47,56.2333,36.9,,,50.0
4,"Makaryev, Rostovskaya Oblast', Russia",RS61,48.3161,40.0211,,,61.0
4,"Chukayb, Komi, Russia",RS34,60.9583,49.9291,,,11.0
4,"Chud, Ivanovskaya Oblast', Russia",RS21,57.198,40.5633,,,37.0
4,"Atkarsk, Saratovskaya Oblast', Russia",RS67,51.8719,45.0078,1917.0,0.7877306504716409,64.0
4,"Kotluban, Volgogradskaya Oblast', Russia",RS84,49.0178,44.2313,,,34.0
4,"Masklab, Sakhalinskaya Oblast', Russia",RS64,51.2833,143.483,,,65.0
4,"Palov, Arkhangel'skaya Oblast', Russia",RS06,63.9431,44.9731,,,29.0
4,"Makaryevskaya, Irkutskaya Oblast', Russia",RS20,53.5669,102.829,,,38.0
4,"Cherkasskoye Porechnoye, Kurskaya Oblast', Russia",RS41,51.2964,35.3297,,,46.0
4,"Kazachya Loknya, Kurskaya Oblast', Russia",RS41,51.2348,35.2568,,,46.0
4,"Martynovka, Rostovskaya Oblast', Russia",RS61,48.6585,40.62,,,61.0
4,"Nyuki, Buryatiya, Russia",RS11,52.0275,106.701,,,3.0
4,"Lukoyanov, Nizhegorodskaya Oblast', Russia",RS51,55.0277,44.4787,1561.0,1.1940923738916012,52.0
4,"Inza, Ul'yanovskaya Oblast', Russia",RS81,53.8567,46.3562,2257.0,0.1563569706002207,73.0
4,"Chilki, Novosibirskaya Oblast', Russia",RS53,53.6833,78.1333,,,54.0
4,"Bereket, Astrakhanskaya Oblast', Russia",RS07,46.6359,48.2752,,,30.0
4,"Yablonka, Smolenskaya Oblast', Russia",RS69,55.6016,34.0554,,,67.0
4,"Zhidilovo, Yaroslavskaya Oblast', Russia",RS88,57.4817,38.5679,,,76.0
4,"Krynka, Rostovskaya Oblast', Russia",RS61,47.6083,38.7969,,,61.0
4,"Gular, Severnaya Osetiya-Alaniya, Russia",RS68,42.9017,43.72,,,15.0
4,"Dmitrovo, Leningradskaya Oblast', Russia",RS42,59.6672,34.7411,,,47.0
4,"Abdal, Bashkortostan, Russia",RS08,56.0188,56.6796,,,2.0
4,"Tirma, Khabarovskiy Kray, Russia",RS30,50.4833,131.3,,,27.0
4,"Mopr, Kaluzhskaya Oblast', Russia",RS25,54.0244,35.5311,,,40.0
4,"Ivanogorod, Bashkortostan, Russia",RS08,54.4167,54.85,,,2.0
4,"Slavina, Kemerovskaya Oblast', Russia",RS29,54.0333,87.4167,,,42.0
4,"Pribrezhnaya, Kostromskaya Oblast', Russia",RS37,57.8941,40.8811,,,44.0
4,"Sportbaza, Volgogradskaya Oblast', Russia",RS84,48.6794,43.7329,,,34.0
4,"Kutki, Voronezhskaya Oblast', Russia",RS86,51.3396,41.545,,,36.0
4,"Oboz, Yevreyskaya Avtonomnaya Oblast', Russia",RS89,48.1,132.683,,,79.0
4,"Bogorodskiy, Saratovskaya Oblast', Russia",RS67,52.3,48.95,,,64.0
4,"Staraya Kupavna, Moskovskaya Oblast', Russia",RS47,55.808,38.1805,,,50.0
4,"Medli, Pskovskaya Oblast', Russia",RS60,58.0528,27.6183,,,60.0
4,"Khole, Zabaykal'skiy Kray, Russia",RS93,52.3784,113.24,,,75.0
4,"Zagor, Bashkortostan, Russia",RS08,54.7812,56.6225,,,2.0
4,"Ukha, Khabarovskiy Kray, Russia",RS30,49.4391,140.335,,,27.0
4,"Noyon, Sakha (Yakutiya), Russia",RS63,61.7333,133.3,,,14.0
4,"Torfyanovka, Leningradskaya Oblast', Russia",RS42,60.5167,27.8333,,,47.0
4,"Sami Na, Russia (General), Russia",RS00,61.2742,36.6205,,,91.0
4,"Galitskaya, Ivanovskaya Oblast', Russia",RS21,57.2135,42.4604,,,37.0
4,"Zubutli-Miatli, Dagestan, Russia",RS17,43.1989,46.8124,,,5.0
4,"Vysokoye, Moskovskaya Oblast', Russia",RS47,54.8477,37.4261,,,50.0
4,"Minyak, Bashkortostan, Russia",RS08,53.9919,57.6365,,,2.0
4,"Khokhli, Yaroslavskaya Oblast', Russia",RS88,57.7387,38.1475,,,76.0
4,"Uryadnik, Khabarovskiy Kray, Russia",RS30,51.2932,133.171,,,27.0
4,"At Miss, Penzenskaya Oblast', Russia",RS57,53.4808,43.925,,,58.0
4,"Mukhen, Khabarovskiy Kray, Russia",RS30,48.1,136.1,,,27.0
4,"Bichevaya, Khabarovskiy Kray, Russia",RS30,47.7742,135.628,,,27.0
4,"Bungur, Kemerovskaya Oblast', Russia",RS29,53.7499,87.0396,,,42.0
4,"Shablykino, Tverskaya Oblast', Russia",RS77,57.2833,37.5167,,,69.0
4,"Makera, Karachayevo-Cherkesiya, Russia",RS27,43.5988,40.9186,,,9.0
4,"Dulevo, Tul'skaya Oblast', Russia",RS76,54.4599,36.9471,,,71.0
4,"Atlman, Khabarovskiy Kray, Russia",RS30,59.8333,140.4,,,27.0
4,"Petrovsko-Razumovskaya, Moskva, Russia",RS48,55.8333,37.5667,,,50.0
4,"Korok, Krasnoyarskiy Kray, Russia",RS39,55.0368,96.4371,,,24.0
4,"Marevo, Novgorodskaya Oblast', Russia",RS52,57.3146,32.0804,1584.0,0.13633186000193406,53.0
4,"Podoba, Tomskaya Oblast', Russia",RS75,57.0306,84.2461,,,70.0
4,"-D Unity, Sverdlovskaya Oblast', Russia",RS71,57.6627,59.6337,,,66.0
4,"Kigash, Astrakhanskaya Oblast', Russia",RS07,46.6899,48.3631,,,30.0
4,"Reshetnikova, Tyumenskaya Oblast', Russia",RS78,56.6238,65.1349,,,72.0
4,"Kalmyk, Voronezhskaya Oblast', Russia",RS86,51.236,41.9445,,,36.0
4,"Trassa, Nizhegorodskaya Oblast', Russia",RS51,57.0586,44.3801,,,52.0
4,"Serova, Irkutskaya Oblast', Russia",RS20,54.5667,103.217,,,38.0
4,"Kalevala, Kareliya, Russia",RS28,65.2052,31.1756,209.0,0.6062702626617522,10.0
4,"Pregolya, Kaliningradskaya Oblast', Russia",RS23,54.689,20.3745,,,39.0
4,"Zhuravli, Krasnoyarskiy Kray, Russia",RS39,56.4493,90.2735,,,24.0
4,"Zolotoy Rog, Orlovskaya Oblast', Russia",RS56,52.5592,36.6209,,,57.0
4,"Gorodskaya, Sakhalinskaya Oblast', Russia",RS64,50.6847,156.125,,,65.0
4,"Chus, Kirovskaya Oblast', Russia",RS33,59.7184,52.8296,,,43.0
4,"Atuan, Orenburgskaya Oblast', Russia",RS55,51.6833,59.3167,,,56.0
4,"Tukas, Kareliya, Russia",RS28,61.8333,30.3667,,,10.0
4,"Kagalnik, Rostovskaya Oblast', Russia",RS61,47.0769,39.323,,,61.0
4,"Alekhina, Kurskaya Oblast', Russia",RS41,52.0683,36.704,,,46.0
4,"Starominskaya, Krasnodarskiy Kray, Russia",RS38,46.53,39.0497,657.0,1.1819898348841131,23.0
4,"Rossiyskiy, Krasnodarskiy Kray, Russia",RS38,45.1153,39.0375,,,23.0
4,"Kavkazskiy, Amurskaya Oblast', Russia",RS05,49.7,128.933,,,28.0
4,"Mikhailovskoye, Omskaya Oblast', Russia",RS54,54.1508,75.2479,,,55.0
4,"Monakh, Sakha (Yakutiya), Russia",RS63,67.45,132.233,,,14.0
4,"Lyutoga, Sakhalinskaya Oblast', Russia",RS64,46.6957,142.525,,,65.0
4,"Vyvenko, 92, Russia",RS92,60.2,165.467,,,41.0
4,"Syuvyaoro, Kareliya, Russia",RS28,61.497,29.615,,,10.0
4,"Snezhnogorsk, Murmanskaya Oblast', Russia",RS49,69.1933,33.2531,,,51.0
4,"Sayda-Guba, Murmanskaya Oblast', Russia",RS49,69.2419,33.2286,,,51.0
4,"Abram Point, Murmanskaya Oblast', Russia",RS49,68.9794,33.0306,,,51.0
4,"Bogatov, Rostovskaya Oblast', Russia",RS61,48.0969,40.7939,,,61.0
4,"Kudeyar, Bryanskaya Oblast', Russia",RS10,52.1351,34.4342,,,32.0
4,"Musorka, Samarskaya Oblast', Russia",RS65,53.7556,49.7322,,,63.0
4,"Antilokhovo, Ivanovskaya Oblast', Russia",RS21,56.5096,41.145,,,37.0
4,"Ust Labinsk, Krasnodarskiy Kray, Russia",RS38,45.2144,39.6903,664.0,0.381542189597643,23.0
4,"Rubanova, Amurskaya Oblast', Russia",RS05,54.2,128.417,,,28.0
4,"Aleksandriyskaya, Stavropol'skiy Kray, Russia",RS70,44.2272,43.3453,,,26.0
4,"Rossitten, Kaliningradskaya Oblast', Russia",RS23,54.4,20.4334,,,39.0
4,"Pillkoppen, Kaliningradskaya Oblast', Russia",RS23,55.2291,20.9183,,,39.0
4,"Golovkina, Tverskaya Oblast', Russia",RS77,57.1149,32.6025,,,69.0
4,"Yemelya, Sverdlovskaya Oblast', Russia",RS71,58.373,64.0865,,,66.0
4,"Lyagushka, Tomskaya Oblast', Russia",RS75,58.8502,85.1842,,,70.0
4,"Blokhina, Smolenskaya Oblast', Russia",RS69,54.9967,34.3661,,,67.0
4,"Yakhroma, Moskovskaya Oblast', Russia",RS47,56.3,37.4833,,,50.0
4,"Alaas, Sakha (Yakutiya), Russia",RS63,60.1333,133.917,,,14.0
4,"Tinguta, Volgogradskaya Oblast', Russia",RS84,48.2852,44.276,,,34.0
4,"Sukhanovo, Permskiy Kray, Russia",RS90,57.1297,54.9025,,,59.0
4,"Chagino, Tverskaya Oblast', Russia",RS77,57.322,37.3066,,,69.0
4,"Lelka, Russia (General), Russia",RS00,54.7299,45.1332,,,91.0
4,"-Och-Ka, Orlovskaya Oblast', Russia",RS56,52.3891,36.1532,,,57.0
4,"Guni, Dagestan, Russia",RS17,43.0308,46.6987,,,5.0
4,"Armizonskoye, Tyumenskaya Oblast', Russia",RS78,55.9461,67.6736,2196.0,0.7427631532930421,72.0
4,"Kukharivka, Krasnodarskiy Kray, Russia",RS38,46.626,38.1477,,,23.0
4,"Khorga, Buryatiya, Russia",RS11,52.819,111.822,,,3.0
4,"Yashchuk, Primorskiy Kray, Russia",RS59,43.9667,135.25,,,25.0
4,"Subbotina, Moskovskaya Oblast', Russia",RS47,55.3497,38.5021,,,50.0
4,"Ravna, Novgorodskaya Oblast', Russia",RS52,58.7886,33.555,,,53.0
4,"Bolshoy Kunaley, Buryatiya, Russia",RS11,51.432,107.609,,,3.0
4,"Uriya, Leningradskaya Oblast', Russia",RS42,60.0257,34.6496,,,47.0
4,"Gribov, Krasnoyarskiy Kray, Russia",RS39,57.5502,93.642,,,24.0
4,"Ruzaevka, Mordoviya, Russia",RS46,54.0639,44.9509,303.0,0.6178612718435847,13.0
4,"Leun, Permskiy Kray, Russia",RS90,56.2301,56.7982,,,59.0
4,"Shuvalovo, Orlovskaya Oblast', Russia",RS56,52.8667,36.2833,,,57.0
4,"Primorsko Akhtarsk, Krasnodarskiy Kray, Russia",RS38,46.0497,38.1747,654.0,1.65097579105577,23.0
4,"Malinniki, Kaluzhskaya Oblast', Russia",RS25,54.5684,36.3117,,,40.0
4,"Talovskoye, Omskaya Oblast', Russia",RS54,54.4463,72.289,,,55.0
4,"Dudergof, Sankt-Peterburg, Russia",RS66,59.6967,30.1175,,,47.0
4,"Voronikha, Permskiy Kray, Russia",RS90,57.9801,54.5219,,,59.0
4,"Trudovoy, Rostovskaya Oblast', Russia",RS61,48.0444,39.9639,,,61.0
4,"Osno, Pskovskaya Oblast', Russia",RS60,56.546,29.427,,,60.0
4,"Kani Kurgan, Amurskaya Oblast', Russia",RS05,50.2167,127.633,,,28.0
4,"Turiy Rog, Primorskiy Kray, Russia",RS59,45.2377,131.979,,,25.0
4,"Barnaul, Altayskiy Kray, Russia",RS04,53.3606,83.7636,504.0,1.7690656600268708,22.0
4,"Studenka, Mariy-El, Russia",RS45,56.4359,47.8444,,,12.0
4,"Babkina, Ivanovskaya Oblast', Russia",RS21,57.3212,41.9024,,,37.0
4,"Zavody, Tverskaya Oblast', Russia",RS77,57.3464,37.0317,,,69.0
4,"Narela, Kareliya, Russia",RS28,64.9167,34.4333,,,10.0
4,"Bogachev, Rostovskaya Oblast', Russia",RS61,48.8578,41.6257,,,61.0
4,"Tsam, Ryazanskaya Oblast', Russia",RS62,54.1252,39.1836,,,62.0
4,"Retinskoye, Murmanskaya Oblast', Russia",RS49,69.1133,33.3802,,,51.0
4,"Tatarskaya, Permskiy Kray, Russia",RS90,60.003,56.7008,,,59.0
4,"Novo-Peredelkino, Moskva, Russia",RS48,55.6453,37.3358,,,50.0
4,"Murda, Irkutskaya Oblast', Russia",RS20,54.7695,99.8354,,,38.0
4,"Afrikanda, Murmanskaya Oblast', Russia",RS49,67.4429,32.7828,,,51.0
4,"Minyar, Chelyabinskaya Oblast', Russia",RS13,55.0733,57.555,,,74.0
4,"Nikulino, Smolenskaya Oblast', Russia",RS69,55.1406,33.2825,,,67.0
4,"Severomuysk, Buryatiya, Russia",RS11,56.1481,113.427,,,3.0
4,"Medova, Voronezhskaya Oblast', Russia",RS86,49.7485,40.7071,,,36.0
4,"Shcheglov, Rostovskaya Oblast', Russia",RS61,47.3962,42.6445,,,61.0
4,"Chushka, Krasnodarskiy Kray, Russia",RS38,45.3313,36.6628,,,23.0
4,"Bayla, Kemerovskaya Oblast', Russia",RS29,55.7444,88.505,,,42.0
4,"Brooke Bank, Chukotskiy Avtonomnyy Okrug, Russia",RS15,64.6167,-171.967,,,87.0
4,"Sol-Iletsk, Orenburgskaya Oblast', Russia",RS55,51.1631,54.9918,1674.0,0.37708787949399103,56.0
4,"Lazenki, Kaluzhskaya Oblast', Russia",RS25,54.227,34.2208,,,40.0
4,"Artemyevo, Kostromskaya Oblast', Russia",RS37,58.9476,46.6763,,,44.0
4,"Pyskor, Permskiy Kray, Russia",RS90,59.4807,56.587,,,59.0
4,"Charlan, Sverdlovskaya Oblast', Russia",RS71,56.4021,57.9167,,,66.0
4,"Aktai, Chuvashiya, Russia",RS16,55.8251,46.7799,,,21.0
4,"Kalya, Sverdlovskaya Oblast', Russia",RS71,60.241,59.9898,,,66.0
4,"Ovsyanka, Krasnoyarskiy Kray, Russia",RS39,55.9583,92.572,,,24.0
4,"Nesselbeck, Kaliningradskaya Oblast', Russia",RS23,54.7942,20.5299,,,39.0
4,"Bessolovo, Vologodskaya Oblast', Russia",RS85,59.3068,38.5222,,,35.0
4,"Jolu, Amurskaya Oblast', Russia",RS05,54.9,123.017,,,28.0
4,"Korsaki, Permskiy Kray, Russia",RS90,58.35,55.75,,,59.0
4,"Lusos, Moskovskaya Oblast', Russia",RS47,55.5586,35.4842,,,50.0
4,"Pershino, Pskovskaya Oblast', Russia",RS60,56.7333,31.0333,,,60.0
4,"Dikaya, Sverdlovskaya Oblast', Russia",RS71,56.9642,59.1453,,,66.0
4,"Zuyeva, Irkutskaya Oblast', Russia",RS20,53.5436,105.983,,,38.0
4,"Mogilska, Leningradskaya Oblast', Russia",RS42,59.6419,34.5081,,,47.0
4,"Budimlya, Bryanskaya Oblast', Russia",RS10,52.5811,34.2361,,,32.0
4,"Shinsha, Mariy-El, Russia",RS45,56.4239,49.3661,,,12.0
4,"Bitki, Novosibirskaya Oblast', Russia",RS53,54.2046,82.2715,,,54.0
4,"Starkova, Permskiy Kray, Russia",RS90,58.4833,55.1333,,,59.0
4,"Kaddy, Khabarovskiy Kray, Russia",RS30,50.2007,137.134,,,27.0
4,"Nevan, Irkutskaya Oblast', Russia",RS20,58.0489,102.724,,,38.0
4,"Nyura, Irkutskaya Oblast', Russia",RS20,54.5403,100.765,,,38.0
4,"Taymet, Irkutskaya Oblast', Russia",RS20,55.85,97.3,,,38.0
4,"Gornaya Shoria, Kemerovskaya Oblast', Russia",RS29,53.0,88.0,,,42.0
4,"Piyala, Arkhangel'skaya Oblast', Russia",RS06,63.4294,39.0776,,,29.0
4,"Slavnoye, Tambovskaya Oblast', Russia",RS72,53.4676,42.2289,,,68.0
4,"Gulkevichi, Krasnodarskiy Kray, Russia",RS38,45.359,40.7026,635.0,0.569741610518929,23.0
4,"Lu Zhan, Udmurtiya, Russia",RS80,57.5203,53.4109,,,18.0
4,"Nasonova, Sverdlovskaya Oblast', Russia",RS71,56.85,62.7,,,66.0
4,"Jaroslavl, Yaroslavskaya Oblast', Russia",RS88,57.6198,39.8554,,,76.0
4,"Milet, Moskovskaya Oblast', Russia",RS47,55.7167,38.05,,,50.0
4,"Debin, Magadanskaya Oblast', Russia",RS44,62.35,150.767,,,49.0
4,"Suponevo, Moskovskaya Oblast', Russia",RS47,55.8812,37.9406,,,50.0
4,"Chistyakov, Krasnodarskiy Kray, Russia",RS38,44.9328,38.4636,,,23.0
4,"Ozero Iema, Sakha (Yakutiya), Russia",RS63,65.25,135.9,,,14.0
4,"Agayakan, Sakha (Yakutiya), Russia",RS63,63.0167,141.933,,,14.0
4,"Novo-Talitsy, Ivanovskaya Oblast', Russia",RS21,57.0094,40.8509,,,37.0
4,"Krasnaya Moskva, Saratovskaya Oblast', Russia",RS67,51.285,43.1969,,,64.0
4,"Novaya Zarya, Omskaya Oblast', Russia",RS54,55.2167,72.7167,,,55.0
4,"-Depo, Moskva, Russia",RS48,55.6736,37.7267,,,50.0
4,"Lampivaara, Kareliya, Russia",RS28,62.3833,31.8167,,,10.0
4,"Murmanski, Arkhangel'skaya Oblast', Russia",RS06,64.7561,40.0151,,,29.0
4,"Lakhdenpokhya, Kareliya, Russia",RS28,61.5198,30.1992,212.0,0.32452489786629934,10.0
4,"Amnya, Khanty-Mansiyskiy Avtonomnyy Okrug, Russia",RS32,63.7456,67.1322,,,86.0
4,"So Mara, Permskiy Kray, Russia",RS90,59.6308,58.0322,,,59.0
4,"Barancha, Orenburgskaya Oblast', Russia",RS55,51.5128,56.0442,,,56.0
4,"Sarovka, Primorskiy Kray, Russia",RS59,46.0231,134.306,,,25.0
4,"Zhmakin, Kurskaya Oblast', Russia",RS41,51.7744,35.6088,,,46.0
4,"Ryabinovka, Tomskaya Oblast', Russia",RS75,56.9,82.55,,,70.0
4,"Panfilova, Vladimirskaya Oblast', Russia",RS83,56.0005,39.0881,,,33.0
4,"Gurina, Permskiy Kray, Russia",RS90,59.1828,54.6832,,,59.0
4,"Mokh, Bryanskaya Oblast', Russia",RS10,52.3167,31.8167,,,32.0
4,"Kirko, Murmanskaya Oblast', Russia",RS49,67.0667,32.1,,,51.0
4,"Rozet, Rostovskaya Oblast', Russia",RS61,48.118,40.12,,,61.0
4,"Kanaka, Bashkortostan, Russia",RS08,52.6615,56.5236,,,2.0
4,"Cherno, Leningradskaya Oblast', Russia",RS42,59.1861,28.2898,,,47.0
4,"Shatokhin, Voronezhskaya Oblast', Russia",RS86,51.5239,41.7469,,,36.0
4,"Mishenka, Voronezhskaya Oblast', Russia",RS86,51.7299,40.0775,,,36.0
4,"Talashkino, Smolenskaya Oblast', Russia",RS69,54.6547,32.1833,,,67.0
4,"Vorya, Moskovskaya Oblast', Russia",RS47,55.8762,38.2136,,,50.0
4,"To Manga, Arkhangel'skaya Oblast', Russia",RS06,60.8877,41.076,,,29.0
4,"Davydenko, Chechnya And Ingushetiya, Russia",RSCI,43.2717,45.2623,,,20.0
4,"Yazykovo, Pskovskaya Oblast', Russia",RS60,56.6376,28.5943,,,60.0
4,"Norman-Coast, Murmanskaya Oblast', Russia",RS49,68.6667,37.5,,,51.0
4,"Bodalovo, Vladimirskaya Oblast', Russia",RS83,56.5333,39.3167,,,33.0
4,"Susla, Vologodskaya Oblast', Russia",RS85,59.8832,39.0435,,,35.0
5,"Primorskiy Kray, Primorskiy Kray, Russia",RS59,45.0,135.0,,,25.0
4,"Cheptsa, Kirovskaya Oblast', Russia",RS33,58.5539,50.0399,,,43.0
4,"Lyuk, Udmurtiya, Russia",RS80,58.1163,53.2588,,,18.0
4,"Pashata, Kostromskaya Oblast', Russia",RS37,59.1333,46.2,,,44.0
4,"Bolshaya Neva, Sankt-Peterburg, Russia",RS66,59.9167,30.2575,,,47.0
4,"Koryakova, Kaluzhskaya Oblast', Russia",RS25,55.2483,36.6769,,,40.0
4,"Makushi, Kirovskaya Oblast', Russia",RS33,57.95,51.7167,,,43.0
4,"Seyma, Nizhegorodskaya Oblast', Russia",RS51,56.2053,43.2072,,,52.0
4,"Topolevka, Novgorodskaya Oblast', Russia",RS52,58.9993,33.2593,,,53.0
4,"Zinin, Nizhegorodskaya Oblast', Russia",RS51,54.8275,44.039,,,52.0
4,"Bochkovo, Lipetskaya Oblast', Russia",RS43,52.85,38.25,,,48.0
4,"Grafskoye, Bashkortostan, Russia",RS08,55.927,54.4533,,,2.0
4,"Khurba, Khabarovskiy Kray, Russia",RS30,50.4072,136.882,,,27.0
4,"Mayskaya Gorka, Tatarstan, Russia",RS73,55.3853,51.59,,,16.0
4,"Varyegan, Khanty-Mansiyskiy Avtonomnyy Okrug, Russia",RS32,62.0,76.7,,,86.0
4,"Kola Fjord, Murmanskaya Oblast', Russia",RS49,69.1353,33.4669,,,51.0
4,"Chukan, Amurskaya Oblast', Russia",RS05,52.15,128.283,,,28.0
4,"Sabay, Tatarstan, Russia",RS73,55.994,50.3021,,,16.0
4,"Sverdlovka, Bryanskaya Oblast', Russia",RS10,53.5757,33.619,,,32.0
4,"Ungur, Zabaykal'skiy Kray, Russia",RS93,51.7424,113.96,,,75.0
4,"Kalichi, Kirovskaya Oblast', Russia",RS33,57.9881,51.1746,,,43.0
4,"Boyarskaya, Permskiy Kray, Russia",RS90,58.9196,54.5543,,,59.0
4,"Tygami, Amurskaya Oblast', Russia",RS05,55.472,125.383,,,28.0
4,"Chichkayul, Tomskaya Oblast', Russia",RS75,57.7225,87.9358,,,70.0
4,"Okunevka, Kurganskaya Oblast', Russia",RS40,55.715,64.6808,,,45.0
4,"Tazyrbak, Tomskaya Oblast', Russia",RS75,57.3811,86.047,,,70.0
4,"Inguzet, Tomskaya Oblast', Russia",RS75,58.8333,83.8667,,,70.0
4,"Strakhova, Tverskaya Oblast', Russia",RS77,56.2414,32.7194,,,69.0
4,"Bordyanka, Bryanskaya Oblast', Russia",RS10,53.6286,33.3151,,,32.0
4,"Kurshskaya Kosa, Russia (General), Russia",RS00,55.2783,20.9683,,,91.0
4,"Solkokon, Zabaykal'skiy Kray, Russia",RS93,51.0833,119.033,,,75.0
4,"Surovaya, Krasnoyarskiy Kray, Russia",RS39,55.0561,93.8167,,,24.0
4,"Izmeri, Tatarstan, Russia",RS73,55.1361,49.5375,,,16.0
4,"Krasnovidovo, Moskovskaya Oblast', Russia",RS47,55.5833,35.8833,,,50.0
4,"Sorochi Gory, Tatarstan, Russia",RS73,55.3753,49.9586,,,16.0
4,"Sukhoy Log, Permskiy Kray, Russia",RS90,57.4368,57.3236,,,59.0
4,"Studenik, Tverskaya Oblast', Russia",RS77,58.3704,35.6172,,,69.0
4,"Zubrin, Rostovskaya Oblast', Russia",RS61,49.497,40.831,,,61.0
4,"Komsomolka, Tatarstan, Russia",RS73,56.2345,53.3335,,,16.0
4,"Semena, Kaluzhskaya Oblast', Russia",RS25,55.1503,35.7022,,,40.0
4,"Yermakova, Tyumenskaya Oblast', Russia",RS78,56.6167,67.9,,,72.0
4,"Kalinovskaya, Arkhangel'skaya Oblast', Russia",RS06,61.9923,45.1159,,,29.0
4,"Romanovskaya, Khanty-Mansiyskiy Avtonomnyy Okrug, Russia",RS32,61.1667,73.05,,,86.0
4,"Jamburg, Leningradskaya Oblast', Russia",RS42,59.3733,28.6134,,,47.0
4,"Ermolovskaya, Checheno-Ingushskaya Avtonomnaya Sovetskaya Sotsialistichesk, Russia",RS12,43.2318,45.5723,,,20.0
4,"Almenevo, Chuvashiya, Russia",RS16,55.7231,48.2281,,,21.0
4,"Inyutino, Nizhegorodskaya Oblast', Russia",RS51,55.9332,43.8841,,,52.0
4,"Angrapa, Russia (General), Russia",RS00,54.6356,21.9072,,,91.0
4,"Trakehnen, Kaliningradskaya Oblast', Russia",RS23,54.5686,22.4461,,,39.0
4,"Sedlo, Stavropol'skiy Kray, Russia",RS70,43.8878,42.7881,,,26.0
4,"Kuanda, Zabaykal'skiy Kray, Russia",RS93,56.3161,116.081,,,75.0
4,"Kobyakovo, Khakasiya, Russia",RS31,54.7969,89.77,,,19.0
4,"Zakka, Severnaya Osetiya-Alaniya, Russia",RS68,42.6333,44.1167,,,15.0
4,"Akishevo, Tverskaya Oblast', Russia",RS77,56.6439,35.2599,,,69.0
4,"Kortun, Primorskiy Kray, Russia",RS59,45.9014,134.949,,,25.0
4,"Sukhinichi, Kaluzhskaya Oblast', Russia",RS25,54.0999,35.3425,1218.0,0.7785717923684383,40.0
4,"Chernikova, Orlovskaya Oblast', Russia",RS56,52.2649,37.0095,,,57.0
4,"Tsypkin, Rostovskaya Oblast', Russia",RS61,49.0442,41.4103,,,61.0
4,"Sverdlovskaya, Tul'skaya Oblast', Russia",RS76,53.7158,37.7453,,,71.0
4,"Uglovoye, Altayskiy Kray, Russia",RS04,51.7833,81.95,,,22.0
4,"Krasnobay, Permskiy Kray, Russia",RS90,59.8323,55.1903,,,59.0
4,"Medvedka, Permskiy Kray, Russia",RS90,58.7406,59.1036,,,59.0
4,"Krasilov, Bryanskaya Oblast', Russia",RS10,52.6697,33.57,,,32.0
4,"Bystra, Bryanskaya Oblast', Russia",RS10,52.2257,31.9239,,,32.0
4,"Kharabali, Astrakhanskaya Oblast', Russia",RS07,47.4196,47.2568,929.0,1.2673126625592446,30.0
4,"Kuryanovskaya, Vologodskaya Oblast', Russia",RS85,60.3133,41.539,,,35.0
4,"Utkan, Chukotskiy Avtonomnyy Okrug, Russia",RS15,66.6167,-171.233,,,87.0
4,"Krasnogvardeyskoye, Stavropol'skiy Kray, Russia",RS70,45.846,41.5189,833.0,0.6959467935240832,26.0
4,"Volodarsk, Nizhegorodskaya Oblast', Russia",RS51,56.2311,43.1877,1549.0,0.8174963512834782,52.0
4,"Vyazovskoye, Ivanovskaya Oblast', Russia",RS21,57.1811,41.0892,,,37.0
4,"Aleksandrovski, Sakhalinskaya Oblast', Russia",RS64,50.8975,142.156,1954.0,0.22208618730642965,65.0
4,"Hirasaki, Sakhalinskaya Oblast', Russia",RS64,45.6167,149.667,,,65.0
4,"Kooperativ, 92, Russia",RS92,63.1833,167.85,,,41.0
4,"Lyana, Arkhangel'skaya Oblast', Russia",RS06,64.5194,40.5031,,,29.0
4,"Kiga, Bashkortostan, Russia",RS08,55.6247,58.3292,,,2.0
4,"Palanga, Kareliya, Russia",RS28,61.744,37.715,,,10.0
4,"Kurla, Dagestan, Russia",RS17,42.1977,47.1873,,,5.0
4,"Bogorodskaya, Udmurtiya, Russia",RS80,57.2203,52.8844,,,18.0
4,"Eastern Channel, Arkhangel'skaya Oblast', Russia",RS06,65.1167,36.5,,,29.0
4,"Bulu, Sakha (Yakutiya), Russia",RS63,66.8167,120.4,,,14.0
4,"Kurakina, Novgorodskaya Oblast', Russia",RS52,58.3536,33.4498,,,53.0
4,"Kemijoki, Kareliya, Russia",RS28,64.9551,34.6747,,,10.0
4,"Karaga, 92, Russia",RS92,59.1056,163.113,618.0,15.958784783376961,41.0
4,"Vyvenka, 92, Russia",RS92,60.2,165.467,,,41.0
4,"Ossora, 92, Russia",RS92,59.2353,163.072,618.0,1.3521442196133306,41.0
4,"Novosil, Orlovskaya Oblast', Russia",RS56,52.9739,37.0405,1725.0,0.14250386334577497,57.0
4,"Tsaritsino, Novosibirskaya Oblast', Russia",RS53,54.999,76.4386,,,54.0
4,"Kyun De, Sakha (Yakutiya), Russia",RS63,62.8,127.067,,,14.0
4,"Chazhma, 92, Russia",RS92,55.0689,161.872,,,41.0
4,"Uyba, Khakasiya, Russia",RS31,53.5225,91.1817,,,19.0
4,"Kuybyshev Reservoir, Russia (General), Russia",RS00,54.7772,48.9295,,,91.0
4,"Yelpatyevo, Yaroslavskaya Oblast', Russia",RS88,56.9667,38.1833,,,76.0
4,"Ugolok, Kurskaya Oblast', Russia",RS41,52.3001,35.2951,,,46.0
4,"Dementyev, Stavropol'skiy Kray, Russia",RS70,43.8167,44.4369,,,26.0
4,"Apsheronsk, Krasnodarskiy Kray, Russia",RS38,44.4647,39.7342,630.0,0.6316633457440755,23.0
4,"Mikhailovskiy, Chelyabinskaya Oblast', Russia",RS13,55.1167,61.3167,,,74.0
4,"Gribovskiy, Pskovskaya Oblast', Russia",RS60,57.5501,30.3528,,,60.0
4,"Kripan, Moskovskaya Oblast', Russia",RS47,55.6372,38.1652,,,50.0
4,"Terebrino, Belgorodskaya Oblast', Russia",RS09,50.7199,35.5112,,,31.0
4,"Mymrino, Orlovskaya Oblast', Russia",RS56,53.3024,35.4901,,,57.0
4,"Tarkhan, Ryazanskaya Oblast', Russia",RS62,53.8421,41.7855,,,62.0
4,"Seleya, Khabarovskiy Kray, Russia",RS30,58.6833,134.133,,,27.0
4,"Dukka, Karachayevo-Cherkesiya, Russia",RS27,43.562,41.1256,,,9.0
4,"Kupava, Volgogradskaya Oblast', Russia",RS84,51.1084,42.9205,,,34.0
4,"Chulyma, Russia (General), Russia",RS00,57.7344,83.8394,,,91.0
4,"Pionerka, Sakha (Yakutiya), Russia",RS63,56.9833,124.85,,,14.0
4,"Novokuznetsk, Kemerovskaya Oblast', Russia",RS29,53.7557,87.1099,1247.0,1.7188199952600154,42.0
4,"Devyatkin, Volgogradskaya Oblast', Russia",RS84,49.4667,42.3,,,34.0
4,"Lake Kaban, Tatarstan, Russia",RS73,55.7767,49.1232,,,16.0
4,"Donskaya, Tambovskaya Oblast', Russia",RS72,52.7749,41.4776,,,68.0
4,"Firsanovka, Kemerovskaya Oblast', Russia",RS29,55.1167,85.1667,,,42.0
4,"Polivanov, Belgorodskaya Oblast', Russia",RS09,50.801,37.2868,,,31.0
4,"Kobozev, Krasnodarskiy Kray, Russia",RS38,44.7617,39.6119,,,23.0
4,"Lushniki, Novosibirskaya Oblast', Russia",RS53,54.0539,82.2095,,,54.0
4,"Petushki, Smolenskaya Oblast', Russia",RS69,55.8533,35.1514,,,67.0
4,"Salikov, Tambovskaya Oblast', Russia",RS72,52.7794,40.4547,,,68.0
4,"Rod Hall, Leningradskaya Oblast', Russia",RS42,60.5667,28.45,,,47.0
4,"Nokrat, Bashkortostan, Russia",RS08,56.235,54.809,,,2.0
4,"At Arkan, Khabarovskiy Kray, Russia",RS30,60.4167,142.45,,,27.0
4,"Pashkovskiy, Krasnodarskiy Kray, Russia",RS38,45.0244,39.1068,,,23.0
4,"Plav, Novgorodskaya Oblast', Russia",RS52,57.6743,33.3153,,,53.0
4,"Gulyayev, Volgogradskaya Oblast', Russia",RS84,49.2,45.5,,,34.0
4,"Zelentsy, Krasnoyarskiy Kray, Russia",RS39,56.4585,90.0763,,,24.0
4,"Yagodin, Altayskiy Kray, Russia",RS04,52.75,79.65,,,22.0
4,"Virtaniemi, Murmanskaya Oblast', Russia",RS49,68.9024,28.4421,,,51.0
4,"Sukhodolsk, Rostovskaya Oblast', Russia",RS61,47.0036,39.7056,,,61.0
4,"Zvyagintseva, Orlovskaya Oblast', Russia",RS56,52.6981,35.4109,,,57.0
4,"Peschanka, Volgogradskaya Oblast', Russia",RS84,48.6578,44.3339,,,34.0
4,"Sakova, Bryanskaya Oblast', Russia",RS10,53.6694,33.8839,,,32.0
4,"Vodoslavka, Bryanskaya Oblast', Russia",RS10,53.2052,32.6451,,,32.0
4,"Eleg, Kalmykiya, Russia",RS24,46.3413,44.8988,,,8.0
4,"Izobilnaya, Orenburgskaya Oblast', Russia",RS55,51.0331,54.575,,,56.0
4,"Dubok, Kaluzhskaya Oblast', Russia",RS25,54.2095,34.5879,,,40.0
4,"Galichya Gora, Lipetskaya Oblast', Russia",RS43,52.6013,38.8999,,,48.0
4,"Koivula, Leningradskaya Oblast', Russia",RS42,60.5333,29.8333,,,47.0
4,"Ananina, Nizhegorodskaya Oblast', Russia",RS51,55.8405,45.2706,,,52.0
4,"Gryuntal, Saratovskaya Oblast', Russia",RS67,50.8167,46.1,,,64.0
4,"Ananin, Arkhangel'skaya Oblast', Russia",RS06,63.577,45.6855,,,29.0
4,"Nepomnyashchiy, Krasnoyarskiy Kray, Russia",RS39,55.1489,94.5078,,,24.0
4,"Vertep, Komi, Russia",RS34,65.2944,53.1974,,,11.0
4,"Kivisaari, Kareliya, Russia",RS28,65.1138,34.7056,,,10.0
4,"Deryabina, Taymyrskiy (Dolgano-Nenetskiy) Avtonomnyy Okrug, Russia",RS74,70.7,82.3333,,,24.0
4,"Nagorskaya, Kurganskaya Oblast', Russia",RS40,55.1506,65.1942,,,45.0
4,"Vorogovka, Russia (General), Russia",RS00,60.8061,89.8567,,,91.0
4,"Ferma, Chelyabinskaya Oblast', Russia",RS13,55.4333,61.65,,,74.0
4,"Derbyshki, Tatarstan, Russia",RS73,55.8741,49.2336,,,16.0
4,"Krasny Kamen, Komi, Russia",RS34,65.2333,58.4167,,,11.0
4,"Saghalien, Sakhalinskaya Oblast', Russia",RS64,51.0,143.0,,,65.0
4,"Kirino, Udmurtiya, Russia",RS80,58.2135,53.3705,,,18.0
4,"Novyny, Pskovskaya Oblast', Russia",RS60,57.4205,28.6539,,,60.0
4,"Vybrin, Arkhangel'skaya Oblast', Russia",RS06,62.8451,45.1933,,,29.0
4,"Nelin, Magadanskaya Oblast', Russia",RS44,60.3,147.35,,,49.0
4,"At Aman, Rostovskaya Oblast', Russia",RS61,46.5751,40.6644,,,61.0
4,"Borto, Irkutskaya Oblast', Russia",RS20,53.3539,105.979,,,38.0
4,"Novyy, Krasnodarskiy Kray, Russia",RS38,44.5883,41.1739,,,23.0
4,"Sovka, Ryazanskaya Oblast', Russia",RS62,53.6297,40.2406,,,62.0
4,"Fomenki, Smolenskaya Oblast', Russia",RS69,55.4732,32.6675,,,67.0
4,"Korsh, Dagestan, Russia",RS17,41.6695,47.0621,,,5.0
4,"Urusov, Adygeya, Russia",RS01,45.0667,39.45,,,1.0
4,"Saida Bay, Murmanskaya Oblast', Russia",RS49,69.2639,33.2828,,,51.0
4,"Osetin, Orenburgskaya Oblast', Russia",RS55,51.3378,59.7856,,,56.0
4,"Shulginka, Altayskiy Kray, Russia",RS04,52.4353,85.3158,,,22.0
4,"Bugu, Kalmykiya, Russia",RS24,46.0573,43.8676,,,8.0
4,"Bas Smet, Krasnodarskiy Kray, Russia",RS38,44.7689,39.1844,,,23.0
4,"Laksha, Nizhegorodskaya Oblast', Russia",RS51,56.0396,43.6243,,,52.0
4,"Betina, Chelyabinskaya Oblast', Russia",RS13,56.0167,59.2333,,,74.0
4,"Uoma, Kareliya, Russia",RS28,61.6667,31.85,,,10.0
4,"Govorun, Primorskiy Kray, Russia",RS59,47.8052,138.398,,,25.0
4,"Karasart, Novosibirskaya Oblast', Russia",RS53,53.6234,78.2618,1609.0,19.515652812237672,54.0
4,"Goluboy, Kurskaya Oblast', Russia",RS41,52.0567,34.7192,,,46.0
4,"Kislitsin, Mariy-El, Russia",RS45,56.9617,48.4297,,,12.0
4,"Rtishchevo, Yaroslavskaya Oblast', Russia",RS88,58.2722,40.2029,,,76.0
4,"Mgla, Nenetskiy Avtonomnyy Okrug, Russia",RS50,66.4976,44.4477,,,83.0
4,"Sugash, Altay, Russia",RS03,50.5653,84.9594,,,4.0
5,"Oirot Autonomous Oblast, Altay, Russia",RS03,51.0,87.0,,,4.0
4,"Inya, Altayskiy Kray, Russia",RS04,53.5044,82.6712,,,22.0
4,"Chernozem, Novgorodskaya Oblast', Russia",RS52,58.2847,33.9112,,,53.0
4,"Mysto, Khabarovskiy Kray, Russia",RS30,51.0333,140.683,,,27.0
4,"Iskitimka, Kemerovskaya Oblast', Russia",RS29,55.35,86.1,,,42.0
4,"Siminov, Rostovskaya Oblast', Russia",RS61,48.4844,40.7911,,,61.0
4,"Yurasov, Kurskaya Oblast', Russia",RS41,51.3733,34.8013,,,46.0
4,"Karayel, Komi, Russia",RS34,63.45,53.1,,,11.0
4,"Palna, Orlovskaya Oblast', Russia",RS56,53.544,35.9874,,,57.0
4,"Rozhdestveno, Tverskaya Oblast', Russia",RS77,57.2136,37.619,,,69.0
4,"Mayakovskoye, Kaliningradskaya Oblast', Russia",RS23,54.52,22.0656,,,39.0
4,"Babushkino, Vologodskaya Oblast', Russia",RS85,58.8765,35.2585,,,35.0
4,"Khorol, Primorskiy Kray, Russia",RS59,44.4264,132.072,804.0,0.7776625152081796,25.0
4,"Tanok, Krasnoyarskiy Kray, Russia",RS39,56.8331,95.4628,,,24.0
4,"Pichugin, Rostovskaya Oblast', Russia",RS61,49.1256,42.093,,,61.0
4,"Matka, Nizhegorodskaya Oblast', Russia",RS51,55.6188,42.7092,,,52.0
4,"Temenichi, Bryanskaya Oblast', Russia",RS10,53.2197,34.1558,,,32.0
4,"Kokushkino, Permskiy Kray, Russia",RS90,57.048,54.4039,,,59.0
4,"Gora Otorten, Russia (General), Russia",RS00,61.8609,59.3652,,,91.0
4,"Zelenchuk, Karachayevo-Cherkesiya, Russia",RS27,43.6763,41.4556,198.0,22.434498727497427,9.0
4,"Kaltayeva, Permskiy Kray, Russia",RS90,56.6245,56.8525,,,59.0
4,"Shchedra, Smolenskaya Oblast', Russia",RS69,53.8667,33.1333,,,67.0
4,"Pichugina, Tomskaya Oblast', Russia",RS75,56.15,83.6,,,70.0
4,"Tuktuk, Russia (General), Russia",RS00,52.5766,87.1561,,,91.0
4,"Prostory, Ul'yanovskaya Oblast', Russia",RS81,53.8693,49.9146,,,73.0
4,"Main Caucasus Range, Russia (General), Russia",RS00,43.135,42.9219,,,91.0
4,"Muya, Buryatiya, Russia",RS11,56.4589,115.662,,,3.0
4,"Murashova, Kurganskaya Oblast', Russia",RS40,56.3177,64.8226,,,45.0
4,"Slonova, Kostromskaya Oblast', Russia",RS37,58.1936,42.8126,,,44.0
4,"Nekrasova, Krasnodarskiy Kray, Russia",RS38,45.7082,38.858,,,23.0
4,"Nysh, Sakhalinskaya Oblast', Russia",RS64,51.55,142.767,,,65.0
4,"Polym, Udmurtiya, Russia",RS80,57.1597,54.2223,,,18.0
4,"Bach At, Kemerovskaya Oblast', Russia",RS29,54.4833,86.4149,,,42.0
4,"Byza, Permskiy Kray, Russia",RS90,57.6798,56.4523,,,59.0
4,"Kochaki, Chuvashiya, Russia",RS16,55.8736,47.0775,,,21.0
4,"Akulova Gora, Leningradskaya Oblast', Russia",RS42,60.4895,33.5562,,,47.0
4,"Grekov, Rostovskaya Oblast', Russia",RS61,46.9363,41.8345,,,61.0
4,"Katorga, Irkutskaya Oblast', Russia",RS20,54.7736,104.323,,,38.0
4,"Bolshaya Ussurka, Primorskiy Kray, Russia",RS59,45.9717,133.691,,,25.0
4,"Strubach, Pskovskaya Oblast', Russia",RS60,57.8441,28.7805,,,60.0
4,"Kolyma Mountains, Russia (General), Russia",RS00,63.0,160.0,,,91.0
4,"Svity, Smolenskaya Oblast', Russia",RS69,55.6392,32.6569,,,67.0
4,"Shmil, Nizhegorodskaya Oblast', Russia",RS51,56.849,43.3376,,,52.0
4,"Sinitsa, Novgorodskaya Oblast', Russia",RS52,58.6856,33.4594,,,53.0
4,"Biofabrika, Zabaykal'skiy Kray, Russia",RS93,52.125,113.442,,,75.0
4,"Orlets, Vologodskaya Oblast', Russia",RS85,58.7833,37.25,,,35.0
4,"Vos-Tochny, Krasnodarskiy Kray, Russia",RS38,45.1853,38.7755,,,23.0
4,"Muravyevka, Lipetskaya Oblast', Russia",RS43,52.1072,38.8881,,,48.0
4,"Khudyakov, Rostovskaya Oblast', Russia",RS61,48.1319,41.0822,,,61.0
4,"Tulan, Kirovskaya Oblast', Russia",RS33,57.4818,50.1459,,,43.0
4,"Smolinskaya, Vologodskaya Oblast', Russia",RS85,60.5178,46.5299,,,35.0
4,"Tindi, Dagestan, Russia",RS17,42.4651,46.1409,,,5.0
4,"Yun-Yaga, Komi, Russia",RS34,66.4667,61.9833,,,11.0
4,"Morde, Karachayevo-Cherkesiya, Russia",RS27,43.2733,42.1653,,,9.0
4,"Chernikov, Krasnodarskiy Kray, Russia",RS38,45.1826,38.8334,,,23.0
4,"Pribytkov, Tambovskaya Oblast', Russia",RS72,53.2431,41.1252,,,68.0
4,"Kaypa, Kareliya, Russia",RS28,62.1135,32.3759,,,10.0
4,"Ayya, Permskiy Kray, Russia",RS90,61.3146,57.2941,,,59.0
4,"Sarya, Leningradskaya Oblast', Russia",RS42,59.9245,31.6615,,,47.0
4,"Shamaki, Kirovskaya Oblast', Russia",RS33,57.1321,47.1993,,,43.0
4,"Garga, Udmurtiya, Russia",RS80,56.0787,52.6452,,,18.0
4,"Ponga, Arkhangel'skaya Oblast', Russia",RS06,63.8981,38.0521,,,29.0
4,"Mazina, Sverdlovskaya Oblast', Russia",RS71,57.0167,59.8833,,,66.0
4,"Tretyakovskaya, Vologodskaya Oblast', Russia",RS85,59.8626,36.0694,,,35.0
4,"Tarski, Zabaykal'skiy Kray, Russia",RS93,51.6,114.117,,,75.0
4,"Shena, Checheno-Ingushskaya Avtonomnaya Sovetskaya Sotsialistichesk, Russia",RS12,43.0732,46.2396,,,20.0
4,"Sharok, Novgorodskaya Oblast', Russia",RS52,58.3182,30.6953,,,53.0
4,"Lemna, Tverskaya Oblast', Russia",RS77,56.6992,33.7103,,,69.0
4,"Nozdrin, Volgogradskaya Oblast', Russia",RS84,49.1667,45.4667,,,34.0
4,"Sosnov, Adygeya, Russia",RS01,44.9703,39.97,,,1.0
4,"Peschannoye, Kurskaya Oblast', Russia",RS41,51.0759,35.6629,,,46.0
4,"Musha, Kirovskaya Oblast', Russia",RS33,57.3503,48.9658,,,43.0
4,"Yorga, Sakha (Yakutiya), Russia",RS63,61.35,112.4,,,14.0
4,"Sandoy, Irkutskaya Oblast', Russia",RS20,53.0686,105.099,,,38.0
4,"Sherbakova, Irkutskaya Oblast', Russia",RS20,53.4106,102.059,,,38.0
4,"Smolenka, Kemerovskaya Oblast', Russia",RS29,55.9578,88.0978,,,42.0
4,"Plavi, Novgorodskaya Oblast', Russia",RS52,58.4478,35.382,,,53.0
4,"Whaler Bay, Chukotskiy Avtonomnyy Okrug, Russia",RS15,65.0667,-175.917,,,87.0
4,"Neumayer Channel, Arkhangel'skaya Oblast', Russia",RS06,81.6609,58.4657,,,29.0
4,"Zubatka, Sakhalinskaya Oblast', Russia",RS64,49.0333,142.95,,,65.0
4,"Khankan, Khabarovskiy Kray, Russia",RS30,60.6,142.767,,,27.0
4,"Rodionova, Smolenskaya Oblast', Russia",RS69,54.5397,33.3322,,,67.0
4,"Satanov, Astrakhanskaya Oblast', Russia",RS07,48.0844,46.8147,,,30.0
4,"Zhelannoye, Voronezhskaya Oblast', Russia",RS86,51.5342,40.4244,,,36.0
4,"Lysovka, Saratovskaya Oblast', Russia",RS67,52.4094,45.8,,,64.0
4,"Kureni, Tatarstan, Russia",RS73,54.8818,48.3724,,,16.0
4,"Kopri, Amurskaya Oblast', Russia",RS05,55.65,122.067,,,28.0
4,"Tyray, Khabarovskiy Kray, Russia",RS30,59.4333,142.65,,,27.0
4,"Ostrogozhsk, Voronezhskaya Oblast', Russia",RS86,50.8664,39.0756,1093.0,0.20262537527709776,36.0
4,"Hiitolanjoki, Russia (General), Russia",RS00,61.2833,29.6333,,,91.0
4,"Vostochnyy, Amurskaya Oblast', Russia",RS05,50.3583,129.13,,,28.0
4,"Nizhneangarsk, Krasnoyarskiy Kray, Russia",RS39,58.4744,94.9383,,,24.0
4,"Belovskoye, Ivanovskaya Oblast', Russia",RS21,57.1886,41.5468,,,37.0
4,"Tree Island, Arkhangel'skaya Oblast', Russia",RS06,80.3697,61.47,,,29.0
4,"Churov, Vologodskaya Oblast', Russia",RS85,59.8109,46.4665,,,35.0
4,"Pechuga, Ivanovskaya Oblast', Russia",RS21,56.9929,42.2479,,,37.0
4,"Kurova, Smolenskaya Oblast', Russia",RS69,55.4512,34.9242,,,67.0
4,"Yebisu, Sakhalinskaya Oblast', Russia",RS64,48.1667,142.167,,,65.0
4,"Tolokontsevo, Nizhegorodskaya Oblast', Russia",RS51,56.402,43.9792,,,52.0
4,"Mogiltsy, Yaroslavskaya Oblast', Russia",RS88,57.4887,38.7609,,,76.0
4,"Petergof, Sankt-Peterburg, Russia",RS66,59.8797,29.9026,,,47.0
4,"Detskoye Selo, Sankt-Peterburg, Russia",RS66,59.7228,30.4142,,,47.0
4,"Wilczek Island, Arkhangel'skaya Oblast', Russia",RS06,79.9439,58.6486,,,29.0
4,"Shange, Saratovskaya Oblast', Russia",RS67,51.7661,47.3489,,,64.0
4,"Muratovo, Ryazanskaya Oblast', Russia",RS62,54.3782,40.5585,,,62.0
4,"Safronova, Smolenskaya Oblast', Russia",RS69,55.4794,33.1608,,,67.0
4,"Barla, Aginskiy Buryatskiy Avtonomnyy Okrug, Russia",RS02,50.615,112.833,,,
4,"Ukhtui, Irkutskaya Oblast', Russia",RS20,53.9518,102.08,,,38.0
4,"Kartasheva, Tverskaya Oblast', Russia",RS77,56.5436,31.319,,,69.0
4,"Pikalov, Astrakhanskaya Oblast', Russia",RS07,48.0722,46.2054,,,30.0
4,"Kirovskiy Zavod, Sankt-Peterburg, Russia",RS66,59.8828,30.2453,,,47.0
4,"Krasnoye Znamya, Rostovskaya Oblast', Russia",RS61,46.3333,41.65,,,61.0
4,"Jaton, Khabarovskiy Kray, Russia",RS30,61.8167,139.883,,,27.0
4,"Leninskiye, Ryazanskaya Oblast', Russia",RS62,53.9447,39.7925,,,62.0
4,"Arga, Mordoviya, Russia",RS46,54.7241,43.6797,,,13.0
4,"Temnik, Buryatiya, Russia",RS11,50.9308,106.291,,,3.0
4,"Mitrokhi, Permskiy Kray, Russia",RS90,56.8749,56.1124,,,59.0
4,"Kiyevka, Novosibirskaya Oblast', Russia",RS53,55.2571,76.0683,,,54.0
4,"Tuga, Udmurtiya, Russia",RS80,57.7343,53.3039,,,18.0
4,"Safonovo, Tambovskaya Oblast', Russia",RS72,53.0422,40.8683,,,68.0
4,"Shutov, Orenburgskaya Oblast', Russia",RS55,51.539,53.5553,,,56.0
4,"Krolevets, Primorskiy Kray, Russia",RS59,43.4468,132.245,,,25.0
4,"Kotlovan, Tverskaya Oblast', Russia",RS77,58.0833,34.9167,,,69.0
4,"Salimova, Chelyabinskaya Oblast', Russia",RS13,55.5,61.7667,,,74.0
4,"Khutu, Khabarovskiy Kray, Russia",RS30,49.476,139.995,,,27.0
4,"Kartsovo, Tverskaya Oblast', Russia",RS77,56.7988,34.908,,,69.0
4,"Pribylov, Ul'yanovskaya Oblast', Russia",RS81,54.0902,48.3172,,,73.0
4,"Agarak, Tyumenskaya Oblast', Russia",RS78,56.9713,67.9469,,,72.0
4,"Ayro, Sakhalinskaya Oblast', Russia",RS64,46.8,143.433,,,65.0
4,"Peresyp, Kurskaya Oblast', Russia",RS41,51.0907,36.4646,,,46.0
4,"Bakhily, Udmurtiya, Russia",RS80,56.7122,53.5571,,,18.0
4,"Koida, Arkhangel'skaya Oblast', Russia",RS06,66.3771,42.5469,,,29.0
4,"Yulay, Sakhalinskaya Oblast', Russia",RS64,48.2667,142.5,,,65.0
4,"Krivtsov, Krasnodarskiy Kray, Russia",RS38,46.1,39.65,,,23.0
4,"Mikhnevo, Kostromskaya Oblast', Russia",RS37,57.3845,40.4611,,,44.0
4,"Legprom, Kirovskaya Oblast', Russia",RS33,58.3808,46.686,,,43.0
4,"Bolshoy Morets, Volgogradskaya Oblast', Russia",RS84,50.9218,43.8617,,,34.0
4,"Sokoly, Kirovskaya Oblast', Russia",RS33,57.4461,47.6291,,,43.0
4,"Wiener Neustadt Island, Arkhangel'skaya Oblast', Russia",RS06,80.8,58.3361,,,29.0
4,"Dolgoprudyy, Moskovskaya Oblast', Russia",RS47,55.9041,37.5606,1444.0,4.416799785610522,50.0
4,"Belomorsk, Kareliya, Russia",RS28,64.5232,34.7668,208.0,0.2639684889339646,10.0
4,"Denga, Yaroslavskaya Oblast', Russia",RS88,57.847,39.9283,,,76.0
4,"Turova, Smolenskaya Oblast', Russia",RS69,53.7629,33.1443,,,67.0
4,"Ozerki, Lipetskaya Oblast', Russia",RS43,53.275,38.7397,,,48.0
4,"Krasnaya Nov, Penzenskaya Oblast', Russia",RS57,53.2471,44.6802,,,58.0
4,"Tepli, Orenburgskaya Oblast', Russia",RS55,51.5181,51.5242,,,56.0
4,"Gzhatsk, Smolenskaya Oblast', Russia",RS69,55.5529,34.9954,,,67.0
4,"Kommunisticheskaya, Khanty-Mansiyskiy Avtonomnyy Okrug, Russia",RS32,61.6772,64.4925,,,86.0
4,"Klimovka, Tul'skaya Oblast', Russia",RS76,54.5455,37.3614,,,71.0
4,"Beloozersk, Buryatiya, Russia",RS11,50.6505,105.712,,,3.0
4,"Aleur, Zabaykal'skiy Kray, Russia",RS93,52.5625,117.111,,,75.0
4,"Bushulei, Zabaykal'skiy Kray, Russia",RS93,52.744,117.279,,,75.0
4,"Zaradye, Arkhangel'skaya Oblast', Russia",RS06,62.5667,43.65,,,29.0
4,"Novodevichye, Mordoviya, Russia",RS46,54.5685,43.9727,,,13.0
4,"Golubaya Krinitsa, Voronezhskaya Oblast', Russia",RS86,50.074,39.895,,,36.0
4,"Korsha, Yaroslavskaya Oblast', Russia",RS88,58.441,40.0509,,,76.0
4,"Sazanov, Volgogradskaya Oblast', Russia",RS84,47.9804,43.2675,,,34.0
4,"Opushki, Kaliningradskaya Oblast', Russia",RS23,54.9007,20.7663,,,39.0
4,"Olkhovka, Vologodskaya Oblast', Russia",RS85,60.75,46.3,,,35.0
4,"Rzhevka, Leningradskaya Oblast', Russia",RS42,59.4949,29.4142,,,47.0
4,"Staraya Pogoshch, Bryanskaya Oblast', Russia",RS10,52.3691,33.9116,,,32.0
4,"Verevka, Leningradskaya Oblast', Russia",RS42,58.7167,29.8667,,,47.0
4,"Basmany, Kirovskaya Oblast', Russia",RS33,57.6548,48.4749,,,43.0
4,"Poprovka, Tomskaya Oblast', Russia",RS75,58.0167,82.5667,,,70.0
4,"Kachura, Altay, Russia",RS03,50.907,85.0767,,,4.0
4,"Kadry, Pskovskaya Oblast', Russia",RS60,58.3345,28.287,,,60.0
4,"Topan, Nizhegorodskaya Oblast', Russia",RS51,56.8172,44.9602,,,52.0
4,"Copper Island, 92, Russia",RS92,54.6714,167.739,,,41.0
4,"Mosrentgen, Moskovskaya Oblast', Russia",RS47,55.6197,37.464,,,50.0
4,"Tsna, Tverskaya Oblast', Russia",RS77,57.5263,34.834,,,69.0
4,"Dubovskoye, Rostovskaya Oblast', Russia",RS61,47.4142,42.7697,1810.0,0.5324152123665169,61.0
4,"Streletskoye, Belgorodskaya Oblast', Russia",RS09,50.641,36.4692,,,31.0
4,"Nizhniye Melnitsy, Belgorodskaya Oblast', Russia",RS09,50.0484,37.9636,,,31.0
4,"Rozhkova, Kostromskaya Oblast', Russia",RS37,58.2778,41.2811,,,44.0
4,"Verbitskaya, Kaluzhskaya Oblast', Russia",RS25,53.8652,34.4222,,,40.0
4,"Munni, Sakha (Yakutiya), Russia",RS63,64.265,128.77,,,14.0
4,"Topilin, Rostovskaya Oblast', Russia",RS61,47.8125,40.9209,,,61.0
4,"Rybnitsa, Bryanskaya Oblast', Russia",RS10,52.0206,34.3292,,,32.0
4,"Rezha, Arkhangel'skaya Oblast', Russia",RS06,63.0834,42.2669,,,29.0
4,"Murzinka, Ryazanskaya Oblast', Russia",RS62,53.9323,39.8471,,,62.0
4,"Lipovoye, Kirovskaya Oblast', Russia",RS33,59.2774,51.0132,,,43.0
4,"Aduy, Sverdlovskaya Oblast', Russia",RS71,57.3167,61.0,,,66.0
4,"Chernyanka, Belgorodskaya Oblast', Russia",RS09,50.9409,37.8069,950.0,0.19097640755340736,31.0
4,"Rovenka, Kurskaya Oblast', Russia",RS41,51.4245,38.033,,,46.0
4,"Cherepakha, Belgorodskaya Oblast', Russia",RS09,50.7436,38.4683,,,31.0
4,"Pavlovskaya, Vologodskaya Oblast', Russia",RS85,60.6333,36.3333,,,35.0
4,"Gruzdova, Bryanskaya Oblast', Russia",RS10,52.6742,33.734,,,32.0
4,"Demkina, Sakhalinskaya Oblast', Russia",RS64,50.8,142.183,,,65.0
4,"Pitkyaranta, Kareliya, Russia",RS28,61.5734,31.4792,217.0,0.13557810549828891,10.0
4,"Zhuravl, Bryanskaya Oblast', Russia",RS10,52.1887,34.1411,,,32.0
4,"Lapot, Saratovskaya Oblast', Russia",RS67,50.6481,45.6217,,,64.0
4,"Atamanskaya, Krasnodarskiy Kray, Russia",RS38,46.1773,39.6358,,,23.0
4,"Svetlaya, Sakha (Yakutiya), Russia",RS63,64.05,145.3,,,14.0
4,"Cherskiy Mountains, Russia (General), Russia",RS00,65.0,144.0,,,91.0
4,"Yasachnaya, Irkutskaya Oblast', Russia",RS20,52.4667,103.7,,,38.0
4,"Gorki Leninskiye, Moskovskaya Oblast', Russia",RS47,55.5085,37.7762,,,50.0
4,"Fatezh, Kurskaya Oblast', Russia",RS41,52.0891,35.8632,1388.0,0.6794487487935835,46.0
4,"Pyasina, Taymyrskiy (Dolgano-Nenetskiy) Avtonomnyy Okrug, Russia",RS74,73.8414,87.1644,,,24.0
4,"Mulla Ali, Dagestan, Russia",RS17,43.8679,46.8834,,,5.0
4,"Khandyga, Sakha (Yakutiya), Russia",RS63,62.6667,135.6,338.0,2.457140681709727,14.0
4,"Granitnoye, Leningradskaya Oblast', Russia",RS42,61.0686,29.989,,,47.0
4,"Grishino, Tverskaya Oblast', Russia",RS77,56.2067,33.6167,,,69.0
4,"Medvedchikovo, Tverskaya Oblast', Russia",RS77,58.0989,37.1591,,,69.0
4,"Shchuchye, Komi, Russia",RS34,66.9667,52.4167,,,11.0
4,"Suturuokha, Sakha (Yakutiya), Russia",RS63,68.5333,146.1,,,14.0
4,"Iogach, Altay, Russia",RS03,51.7817,87.2631,,,4.0
4,"Gusevka, Voronezhskaya Oblast', Russia",RS86,51.5528,38.3261,,,36.0
4,"Nekra, Khabarovskiy Kray, Russia",RS30,57.75,140.1,,,27.0
4,"Taihei, Sakhalinskaya Oblast', Russia",RS64,49.1167,142.15,,,65.0
4,"Torfyanka, Nizhegorodskaya Oblast', Russia",RS51,56.3211,44.1956,,,52.0
4,"Fornosovo, Leningradskaya Oblast', Russia",RS42,59.5689,30.5544,,,47.0
4,"Zhelannaya, Kemerovskaya Oblast', Russia",RS29,54.75,85.1333,,,42.0
4,"Usadba, Tverskaya Oblast', Russia",RS77,56.2791,31.7503,,,69.0
4,"Steklozavod, Kurganskaya Oblast', Russia",RS40,56.2223,65.4986,,,45.0
4,"Baltic-White Sea Canal, Kareliya, Russia",RS28,62.8,34.8,,,10.0
4,"Dickson Island, Taymyrskiy (Dolgano-Nenetskiy) Avtonomnyy Okrug, Russia",RS74,73.5072,80.3222,,,24.0
4,"Meshchegarovo, Bashkortostan, Russia",RS08,55.4233,58.2088,,,2.0
4,"Cherny Yar, Astrakhanskaya Oblast', Russia",RS07,48.0624,46.1091,930.0,0.35695776430833676,30.0
4,"Pugachevskaya, Volgogradskaya Oblast', Russia",RS84,48.0118,43.1613,,,34.0
4,"Sestry, Saratovskaya Oblast', Russia",RS67,52.1736,49.6174,,,64.0
4,"Khazar, Dagestan, Russia",RS17,41.9974,48.3332,,,5.0
4,"Elegan, Krasnoyarskiy Kray, Russia",RS39,56.0225,94.6603,,,24.0
4,"Ishmurzino, Bashkortostan, Russia",RS08,52.4447,58.1664,,,2.0
4,"Kovrin, Rostovskaya Oblast', Russia",RS61,47.01,41.7588,,,61.0
4,"Erga, Sakha (Yakutiya), Russia",RS63,57.3167,125.9,,,14.0
4,"Yadrovo, Moskovskaya Oblast', Russia",RS47,56.0884,35.4031,,,50.0
4,"Sergach, Nizhegorodskaya Oblast', Russia",RS51,55.5308,45.4661,1566.0,0.3567991376728344,52.0
4,"Shya, Moskovskaya Oblast', Russia",RS47,54.9459,39.3032,,,50.0
4,"Luga Bay, Leningradskaya Oblast', Russia",RS42,59.75,28.3333,,,47.0
4,"Cherkesov, Volgogradskaya Oblast', Russia",RS84,50.1647,42.6975,,,34.0
4,"Malaya Loknya, Kurskaya Oblast', Russia",RS41,51.3336,35.2258,,,46.0
4,"Myasoyedovo, Tul'skaya Oblast', Russia",RS76,54.0483,37.5896,,,71.0
4,"-Arta, Zabaykal'skiy Kray, Russia",RS93,51.2541,112.407,,,75.0
4,"Latyshev, Rostovskaya Oblast', Russia",RS61,49.3388,41.715,,,61.0
4,"Grebennikova, Sakha (Yakutiya), Russia",RS63,70.8333,150.017,,,14.0
4,"Kulikova, Permskiy Kray, Russia",RS90,58.5342,55.6326,,,59.0
4,"Gusi, Kirovskaya Oblast', Russia",RS33,58.3162,50.8207,,,43.0
4,"Karacharovo, Tverskaya Oblast', Russia",RS77,56.6833,36.7,,,69.0
4,"Shumerlya, Chuvashiya, Russia",RS16,55.5005,46.4129,500.0,0.42525166099781203,21.0
4,"Buturlino, Nizhegorodskaya Oblast', Russia",RS51,55.5667,44.8974,1543.0,0.44458181193938445,52.0
4,"Ibresi, Chuvashiya, Russia",RS16,55.3011,47.038,487.0,0.3605117483155121,21.0
4,"Pyana, Russia (General), Russia",RS00,55.6647,45.9195,,,91.0
4,"Kanash, Chuvashiya, Russia",RS16,56.0488,46.5565,,,21.0
4,"Vurnary, Chuvashiya, Russia",RS16,55.4904,46.9648,486.0,0.763642015697653,21.0
4,"Mostik, Tomskaya Oblast', Russia",RS75,56.2667,83.4,,,70.0
4,"Yermolin, Arkhangel'skaya Oblast', Russia",RS06,62.8812,45.251,,,29.0
4,"Bazna, Smolenskaya Oblast', Russia",RS69,55.6333,31.2333,,,67.0
4,"Granskaya, Kaluzhskaya Oblast', Russia",RS25,53.8167,35.1828,,,40.0
4,"Ulyap, Adygeya, Russia",RS01,45.0538,39.9466,,,1.0
4,"Chegdomyn, Khabarovskiy Kray, Russia",RS30,51.1167,133.017,848.0,2.363941219694613,27.0
4,"Bashur, Udmurtiya, Russia",RS80,56.7777,53.4374,,,18.0
4,"Kingash, Krasnoyarskiy Kray, Russia",RS39,54.9795,95.1483,,,24.0
4,"Golevskaya, Bryanskaya Oblast', Russia",RS10,52.6667,33.7727,,,32.0
4,"Chuprov, Zabaykal'skiy Kray, Russia",RS93,55.1846,119.367,,,75.0
4,"Kuk-Bure, Bashkortostan, Russia",RS08,53.7833,56.8,,,2.0
4,"Borozdino, Tverskaya Oblast', Russia",RS77,56.4894,34.919,,,69.0
4,"Chulda, Altayskiy Kray, Russia",RS04,52.8345,86.696,,,22.0
4,"Bychek, Voronezhskaya Oblast', Russia",RS86,50.0227,40.7763,,,36.0
4,"Banishchi, Kurskaya Oblast', Russia",RS41,51.7003,35.0689,,,46.0
4,"Roslavl, Smolenskaya Oblast', Russia",RS69,53.9528,32.8639,2060.0,1.3744019385375552,67.0
4,"Ishmuratova, Orenburgskaya Oblast', Russia",RS55,51.4521,57.4103,,,56.0
4,"Tashina, Amurskaya Oblast', Russia",RS05,51.124,129.585,,,28.0
4,"Pangur, Sverdlovskaya Oblast', Russia",RS71,60.3958,61.3128,,,66.0
4,"Mashkova, Pskovskaya Oblast', Russia",RS60,56.6574,29.471,,,60.0
4,"Repnitsa, Tverskaya Oblast', Russia",RS77,56.1853,33.5442,,,69.0
4,"Tekstilshchik, Moskovskaya Oblast', Russia",RS47,55.9408,37.8447,,,50.0
4,"Shcheglovskiy, Kemerovskaya Oblast', Russia",RS29,55.5641,85.9237,,,42.0
4,"Kremena, Tverskaya Oblast', Russia",RS77,56.6822,32.3414,,,69.0
4,"Agoy, Krasnodarskiy Kray, Russia",RS38,44.1466,39.0373,,,23.0
4,"Khiri, Dagestan, Russia",RS17,41.8076,47.1846,,,5.0
4,"Zashchita, Altayskiy Kray, Russia",RS04,52.013,82.1904,,,22.0
4,"Zinovy, Nenetskiy Avtonomnyy Okrug, Russia",RS50,68.4833,43.7167,,,83.0
4,"Zhivoy, Khabarovskiy Kray, Russia",RS30,59.8292,146.292,,,27.0
4,"Tsvetochny, Orenburgskaya Oblast', Russia",RS55,51.406,55.9678,,,56.0
4,"Sorochinskaya, Samarskaya Oblast', Russia",RS65,54.2235,51.0061,,,63.0
4,"Kuyan, Kabardino-Balkariya, Russia",RS22,43.6222,44.1271,,,7.0
4,"Severouralsk, Sverdlovskaya Oblast', Russia",RS71,60.1533,59.9521,2009.0,0.5821438697024095,66.0
4,"Klinets, Leningradskaya Oblast', Russia",RS42,59.5008,33.2026,,,47.0
4,"Kuul, Chukotskiy Avtonomnyy Okrug, Russia",RS15,68.7453,170.398,,,87.0
4,"Astrakhanskiy, Orenburgskaya Oblast', Russia",RS55,52.2,55.7,,,56.0
4,"Rabotnik, Chelyabinskaya Oblast', Russia",RS13,54.3262,60.5986,,,74.0
4,"Golovinskoye, Irkutskaya Oblast', Russia",RS20,53.4318,102.668,,,38.0
4,"Toza, Russia (General), Russia",RS00,59.2802,44.5997,,,91.0
4,"Krasnoyarskiye Stolby, Krasnoyarskiy Kray, Russia",RS39,55.9738,92.7738,666.0,7.291678403713954,24.0
4,"Stolovaya, Tverskaya Oblast', Russia",RS77,56.4375,32.9382,,,69.0
4,"Ionovka, Nizhegorodskaya Oblast', Russia",RS51,55.9558,43.5273,,,52.0
4,"Kolosova, Omskaya Oblast', Russia",RS54,56.4678,73.611,1640.0,0.272500564502973,55.0
4,"Belet, Irkutskaya Oblast', Russia",RS20,53.5167,106.633,,,38.0
4,"Dobrovolnoye, Stavropol'skiy Kray, Russia",RS70,45.5925,42.4044,,,26.0
4,"Tokorevka, Kurganskaya Oblast', Russia",RS40,55.3175,64.6353,,,45.0
4,"Bukhta Tikhaya, Primorskiy Kray, Russia",RS59,43.0867,131.973,,,25.0
4,"Tikhaya, Nizhegorodskaya Oblast', Russia",RS51,56.7275,43.7013,,,52.0
4,"Podval, Krasnoyarskiy Kray, Russia",RS39,57.1167,89.15,,,24.0
4,"Saviko, Vologodskaya Oblast', Russia",RS85,59.9674,42.7459,,,35.0
4,"Tikhaya Bukhta, Primorskiy Kray, Russia",RS59,43.7167,135.283,,,25.0
4,"Khanda, Sakhalinskaya Oblast', Russia",RS64,50.0333,142.917,,,65.0
4,"Avdeyeva, Kurskaya Oblast', Russia",RS41,51.69,35.7983,,,46.0
4,"Senshin, Rostovskaya Oblast', Russia",RS61,48.5828,42.5706,,,61.0
4,"Yablonovo, Kaluzhskaya Oblast', Russia",RS25,54.615,37.1222,,,40.0
4,"Kurskaya, Kemerovskaya Oblast', Russia",RS29,55.9578,88.0978,,,42.0
4,"Novogireyevo, Moskovskaya Oblast', Russia",RS47,55.7538,37.8188,,,50.0
4,"Dzerzhinskaya, Moskovskaya Oblast', Russia",RS47,55.6264,37.8347,1443.0,1.0653766226367394,50.0
4,"Kaluzhskaya, Krasnodarskiy Kray, Russia",RS38,44.7681,38.9739,,,23.0
4,"Belorusskaya, Krasnoyarskiy Kray, Russia",RS39,56.1319,93.4969,,,24.0
4,"Vykhino, Moskva, Russia",RS48,55.702,37.8118,,,50.0
4,"Mikhaylovskoye, Tul'skaya Oblast', Russia",RS76,54.6292,37.9785,,,71.0
4,"Eniseisk, Krasnoyarskiy Kray, Russia",RS39,58.4497,92.1703,694.0,0.47155308593529244,24.0
4,"Yablonevo, Ryazanskaya Oblast', Russia",RS62,53.8598,39.7675,,,62.0
4,"Blizhnyaya, Ivanovskaya Oblast', Russia",RS21,56.6489,41.3475,,,37.0
4,"Postolnikov, Belgorodskaya Oblast', Russia",RS09,50.5299,36.1981,,,31.0
4,"Varzi, Tatarstan, Russia",RS73,56.0556,52.7778,,,16.0
4,"Yablanovo, Belgorodskaya Oblast', Russia",RS09,50.8563,37.3612,,,31.0
4,"Shelon, Novgorodskaya Oblast', Russia",RS52,58.1167,30.4167,,,53.0
4,"Smata, Pskovskaya Oblast', Russia",RS60,56.6423,30.8145,,,60.0
4,"Kharkovskaya, Belgorodskaya Oblast', Russia",RS09,50.2042,39.0427,,,31.0
4,"Chilar, Irkutskaya Oblast', Russia",RS20,55.4154,106.688,,,38.0
4,"Yakshi, Sakhalinskaya Oblast', Russia",RS64,49.85,142.583,,,65.0
4,"Panyutina, Ivanovskaya Oblast', Russia",RS21,56.951,41.3545,,,37.0
4,"Shirina, Moskovskaya Oblast', Russia",RS47,55.2936,35.8186,,,50.0
4,"Adamovo, Yaroslavskaya Oblast', Russia",RS88,57.8014,37.5963,,,76.0
4,"Lubenets, Bryanskaya Oblast', Russia",RS10,52.945,33.0081,,,32.0
4,"Nadvoitsy, Kareliya, Russia",RS28,63.8667,34.3167,,,10.0
4,"Orotukan, Magadanskaya Oblast', Russia",RS44,62.2667,151.7,,,49.0
4,"Ryzhkov, Voronezhskaya Oblast', Russia",RS86,51.1075,40.9667,,,36.0
4,"Ingir, Kostromskaya Oblast', Russia",RS37,58.4333,44.1,,,44.0
4,"Talakan, Khabarovskiy Kray, Russia",RS30,49.6165,133.281,,,27.0
4,"Grebeni, Kirovskaya Oblast', Russia",RS33,58.0934,49.1165,,,43.0
4,"Pechka, Pskovskaya Oblast', Russia",RS60,56.7105,28.6617,,,60.0
4,"Dalnyaya, Sakhalinskaya Oblast', Russia",RS64,45.9,142.083,,,65.0
4,"Elenia, Krasnodarskiy Kray, Russia",RS38,46.6006,37.5747,,,23.0
4,"Uriankhai, Tyva, Russia",RS79,53.0,96.0,,,17.0
4,"Usolka, Permskiy Kray, Russia",RS90,58.9685,57.1861,,,59.0
4,"Nyrob, Permskiy Kray, Russia",RS90,60.733,56.7202,,,59.0
4,"Narta, Kalmykiya, Russia",RS24,46.1161,43.8936,,,8.0
4,"Yegorlykskaya, Rostovskaya Oblast', Russia",RS61,46.5531,40.6826,,,61.0
4,"Yurkovka, Dagestan, Russia",RS17,44.1789,46.6797,,,5.0
4,"Nosha, Tverskaya Oblast', Russia",RS77,56.6403,31.2584,,,69.0
4,"Krasny Kutok, Belgorodskaya Oblast', Russia",RS09,50.6336,35.9382,945.0,27.24210784757891,31.0
4,"Kelkolovo, Leningradskaya Oblast', Russia",RS42,59.7833,31.0167,,,47.0
4,"Zhestyanaya Gorka, Novgorodskaya Oblast', Russia",RS52,58.6439,30.7707,,,53.0
4,"Kolokola, Novgorodskaya Oblast', Russia",RS52,58.1363,32.8325,,,53.0
4,"Kuk Bure, Bashkortostan, Russia",RS08,53.7833,56.8,,,2.0
4,"Permyakova, Permskiy Kray, Russia",RS90,59.4331,56.8739,,,59.0
4,"Bagali, Pskovskaya Oblast', Russia",RS60,57.1655,28.6041,,,60.0
4,"Faktoriya, Arkhangel'skaya Oblast', Russia",RS06,64.5,40.6906,,,29.0
4,"Krasnoselskiy, Krasnodarskiy Kray, Russia",RS38,45.29,39.1625,,,23.0
4,"Kutuzovka, Krasnoyarskiy Kray, Russia",RS39,55.1269,89.7803,,,24.0
4,"Kuguki, Primorskiy Kray, Russia",RS59,43.7542,131.798,,,25.0
4,"Bokovka, Saratovskaya Oblast', Russia",RS67,51.8043,46.226,,,64.0
4,"Nitsa, Sverdlovskaya Oblast', Russia",RS71,57.4722,64.5392,,,66.0
4,"Polivna, Ul'yanovskaya Oblast', Russia",RS81,54.3968,48.3712,,,73.0
4,"Izmaylov, Krasnodarskiy Kray, Russia",RS38,45.0006,40.9164,,,23.0
4,"Postnikov, Belgorodskaya Oblast', Russia",RS09,50.6551,36.7192,,,31.0
4,"Ulus Kert, Checheno-Ingushskaya Avtonomnaya Sovetskaya Sotsialistichesk, Russia",RS12,42.9885,45.7658,,,20.0
4,"Noshin, Irkutskaya Oblast', Russia",RS20,53.8667,102.967,,,38.0
4,"Novyye, Tyumenskaya Oblast', Russia",RS78,57.2167,69.1833,,,72.0
4,"Dudino, Tverskaya Oblast', Russia",RS77,57.287,37.3612,,,69.0
4,"Ptichnik, Yevreyskaya Avtonomnaya Oblast', Russia",RS89,48.7468,132.959,,,79.0
4,"Tarni, Khanty-Mansiyskiy Avtonomnyy Okrug, Russia",RS32,61.7289,61.5103,,,86.0
4,"Malink, Kaluzhskaya Oblast', Russia",RS25,54.1702,35.8369,,,40.0
4,"Smelost, Saratovskaya Oblast', Russia",RS67,52.0304,49.0342,,,64.0
4,"Vileva, Arkhangel'skaya Oblast', Russia",RS06,61.8421,42.4478,,,29.0
4,"Rostokino, Moskva, Russia",RS48,55.8333,37.6667,,,50.0
4,"Kyubey, Sakha (Yakutiya), Russia",RS63,60.3667,134.85,,,14.0
4,"-Zapad, Irkutskaya Oblast', Russia",RS20,54.0058,103.872,,,38.0
4,"Majalahti, Kareliya, Russia",RS28,66.0333,31.3167,,,10.0
4,"Palota, Kostromskaya Oblast', Russia",RS37,58.6186,44.6932,,,44.0
4,"Nevidimka, Permskiy Kray, Russia",RS90,58.0036,57.8968,,,59.0
4,"-Russa, Novgorodskaya Oblast', Russia",RS52,58.7568,31.5494,,,53.0
4,"Romashka, Sverdlovskaya Oblast', Russia",RS71,57.0433,60.5903,,,66.0
4,"So Sino, Kaluzhskaya Oblast', Russia",RS25,54.6053,35.3603,,,40.0
4,"Roshal, Moskovskaya Oblast', Russia",RS47,55.6685,39.8749,1476.0,1.1490428533743977,50.0
4,"Telmana, Leningradskaya Oblast', Russia",RS42,59.7147,30.6003,,,47.0
4,"Centralny, Kemerovskaya Oblast', Russia",RS29,55.2075,87.6469,,,42.0
4,"Castlepoint, Primorskiy Kray, Russia",RS59,43.2403,134.611,,,25.0
4,"Zaoleshenka, Kurskaya Oblast', Russia",RS41,51.2151,35.2627,,,46.0
4,"Vereyskiy, Voronezhskaya Oblast', Russia",RS86,51.3158,39.6531,,,36.0
4,"Kers, Kemerovskaya Oblast', Russia",RS29,53.18,87.5376,,,42.0
4,"Zhadan, Buryatiya, Russia",RS11,51.3286,107.759,,,3.0
4,"Muromtsevo, Omskaya Oblast', Russia",RS54,56.4028,75.2895,1646.0,4.915811341831504,55.0
4,"Kudryavtseva, Adygeya, Russia",RS01,44.2814,40.0744,,,1.0
4,"Roman Ga, Arkhangel'skaya Oblast', Russia",RS06,61.0547,41.404,,,29.0
4,"Istisu, Chechnya And Ingushetiya, Russia",RSCI,43.3094,46.1854,,,20.0
4,"Shayma, Vologodskaya Oblast', Russia",RS85,59.1829,38.2947,,,35.0
4,"Burlak, Novosibirskaya Oblast', Russia",RS53,55.2092,83.2223,,,54.0
4,"Dzerzhinskoye, Krasnoyarskiy Kray, Russia",RS39,56.8572,95.1834,692.0,3.145204580451245,24.0
4,"Chernukha, Irkutskaya Oblast', Russia",RS20,52.9661,101.884,,,38.0
4,"Morshansk, Tambovskaya Oblast', Russia",RS72,53.4435,41.8106,2075.0,0.17698643977778894,68.0
4,"Karmak, Sverdlovskaya Oblast', Russia",RS71,57.0957,64.8569,,,66.0
4,"Metelka, 92, Russia",RS92,57.7014,163.089,,,41.0
4,"Bugas, Krasnodarskiy Kray, Russia",RS38,45.1467,36.8842,,,23.0
4,"Khalturin, Kirovskaya Oblast', Russia",RS33,58.5395,48.8917,,,43.0
4,"Dobrovolskaya, Bryanskaya Oblast', Russia",RS10,52.4805,34.5934,,,32.0
4,"Koettlitz, Arkhangel'skaya Oblast', Russia",RS06,80.5679,53.4105,,,29.0
4,"Tishka, Altayskiy Kray, Russia",RS04,51.8275,84.7986,,,22.0
4,"Kutra, Omskaya Oblast', Russia",RS54,56.909,76.2228,,,55.0
4,"Kurma, Irkutskaya Oblast', Russia",RS20,53.18,106.966,,,38.0
4,"Tatarenko, Volgogradskaya Oblast', Russia",RS84,49.9667,45.9667,,,34.0
4,"Vitaminka, Novosibirskaya Oblast', Russia",RS53,55.1336,83.1101,,,54.0
4,"Mikhaleva, Kostromskaya Oblast', Russia",RS37,58.6644,43.9402,,,44.0
4,"Murashev, Bashkortostan, Russia",RS08,52.026,57.2021,,,2.0
4,"Slashcheva, Smolenskaya Oblast', Russia",RS69,55.2956,33.0881,,,67.0
4,"Gladyshev, Chelyabinskaya Oblast', Russia",RS13,54.5667,61.8833,,,74.0
4,"Podolkhi, Smolenskaya Oblast', Russia",RS69,55.8593,34.7543,,,67.0
4,"Gold Back, Kaliningradskaya Oblast', Russia",RS23,54.7428,21.0927,,,39.0
4,"Kirilly, Smolenskaya Oblast', Russia",RS69,53.9833,32.9167,,,67.0
4,"Fiagdon, Severnaya Osetiya-Alaniya, Russia",RS68,43.0743,44.4373,,,15.0
4,"Prota, Orlovskaya Oblast', Russia",RS56,52.5889,36.7867,,,57.0
4,"Shiryayevo, Tverskaya Oblast', Russia",RS77,57.0281,37.6505,,,69.0
4,"Samara Bend, Samarskaya Oblast', Russia",RS65,53.1763,50.0572,1874.0,10.888936455466514,63.0
4,"Malougrenevo, Altayskiy Kray, Russia",RS04,52.5564,85.3414,,,22.0
4,"Burunduk, Permskiy Kray, Russia",RS90,60.7963,58.1144,,,59.0
4,"Kochetok, Kurskaya Oblast', Russia",RS41,52.0146,36.0382,,,46.0
4,"Aleshenka, Bryanskaya Oblast', Russia",RS10,52.4794,33.4967,,,32.0
4,"Pavarovo, Moskovskaya Oblast', Russia",RS47,56.0667,37.05,,,50.0
4,"Potylikha, Moskovskaya Oblast', Russia",RS47,55.7333,37.5333,,,50.0
4,"Yuraktau, Bashkortostan, Russia",RS08,53.8418,57.3248,,,2.0
4,"Chabanmakhi, Dagestan, Russia",RS17,42.6378,47.2592,,,5.0
4,"Botlikh, Dagestan, Russia",RS17,42.6444,46.2297,122.0,2.412898543816747,5.0
4,"Karamakhi, Dagestan, Russia",RS17,42.6193,47.2602,,,5.0
4,"Mukhu, Khabarovskiy Kray, Russia",RS30,49.0123,136.33,,,27.0
4,"Long Strait, Russia (General), Russia",RS00,70.3333,178.0,,,91.0
4,"Dyatlovo, Smolenskaya Oblast', Russia",RS69,55.3844,35.1706,,,67.0
4,"Penzhinskaya, Koryakskiy Avtonomnyy Okrug, Russia",RS36,59.75,158.0,,,
4,"Penzhina, 92, Russia",RS92,63.5,167.917,,,41.0
4,"Glotova, Novgorodskaya Oblast', Russia",RS52,57.3469,30.5109,,,53.0
4,"Alpatova, Rostovskaya Oblast', Russia",RS61,48.6141,40.027,,,61.0
4,"Sherbaki, Permskiy Kray, Russia",RS90,56.8577,56.8474,,,59.0
4,"Stryzhi, Kirovskaya Oblast', Russia",RS33,58.4576,49.2867,,,43.0
4,"Novy Gorodok, Smolenskaya Oblast', Russia",RS69,54.9167,33.7167,,,67.0
4,"Ubys, Krasnoyarskiy Kray, Russia",RS39,56.7272,94.9848,,,24.0
4,"Vagankovo, Nizhegorodskaya Oblast', Russia",RS51,56.2129,44.3435,,,52.0
4,"Vystavka, Novgorodskaya Oblast', Russia",RS52,57.85,31.25,,,53.0
4,"Kabarda, Kabardino-Balkariya, Russia",RS22,43.6667,43.5,,,7.0
4,"Sasovo, Tul'skaya Oblast', Russia",RS76,54.466,38.1346,,,71.0
4,"Prorva, Sakha (Yakutiya), Russia",RS63,65.65,150.917,,,14.0
4,"Glyaden, Sverdlovskaya Oblast', Russia",RS71,56.9695,61.8831,,,66.0
4,"Maslenki, Kirovskaya Oblast', Russia",RS33,58.5318,49.2421,,,43.0
4,"Solokha, Arkhangel'skaya Oblast', Russia",RS06,65.3001,41.8029,,,29.0
4,"Okni, Pskovskaya Oblast', Russia",RS60,56.2794,30.0783,,,60.0
4,"Uzyu, Tyva, Russia",RS79,52.85,96.6667,,,17.0
4,"Ayskoye, Altayskiy Kray, Russia",RS04,51.9442,85.7978,,,22.0
4,"Starosiverskaya, Leningradskaya Oblast', Russia",RS42,59.3664,30.1117,,,47.0
4,"Krayniy, Volgogradskaya Oblast', Russia",RS84,49.2167,43.25,,,34.0
4,"Kruglov, Khabarovskiy Kray, Russia",RS30,51.4167,140.833,,,27.0
4,"Sultanova, Chelyabinskaya Oblast', Russia",RS13,55.6312,61.784,,,74.0
4,"Yasnopolyanskoye, Saratovskaya Oblast', Russia",RS67,51.7515,44.1098,,,64.0
4,"Pochayevo, Yaroslavskaya Oblast', Russia",RS88,57.7002,39.9714,,,76.0
4,"Tolokonnoye, Belgorodskaya Oblast', Russia",RS09,50.3965,36.3757,,,31.0
4,"Matyushin, Voronezhskaya Oblast', Russia",RS86,49.8106,41.0089,,,36.0
4,"Kotorosl, Yaroslavskaya Oblast', Russia",RS88,57.6159,39.9053,,,76.0
4,"Zolotarev, Stavropol'skiy Kray, Russia",RS70,43.9861,44.2892,,,26.0
4,"Kozlovski, Leningradskaya Oblast', Russia",RS42,59.2,28.15,,,47.0
4,"Shatoy, Checheno-Ingushskaya Avtonomnaya Sovetskaya Sotsialistichesk, Russia",RS12,42.8714,45.6886,472.0,0.16541507478452364,20.0
4,"Sedova, Irkutskaya Oblast', Russia",RS20,53.4469,106.09,,,38.0
4,"Novaya Urada, Dagestan, Russia",RS17,43.0813,47.1375,,,5.0
4,"Tymer, Chuvashiya, Russia",RS16,55.2713,47.0169,,,21.0
4,"Turetskiy, Voronezhskaya Oblast', Russia",RS86,50.2911,40.7667,,,36.0
4,"Shaposhnikova, Rostovskaya Oblast', Russia",RS61,47.5858,38.8057,,,61.0
4,"Vompe, Novgorodskaya Oblast', Russia",RS52,58.6431,33.4292,,,53.0
4,"Mandryk, Irkutskaya Oblast', Russia",RS20,53.6053,99.4306,,,38.0
4,"Kuyeda, Permskiy Kray, Russia",RS90,56.4311,55.5886,,,59.0
4,"Kueda, Permskiy Kray, Russia",RS90,56.4311,55.5886,749.0,0.29876444674148545,59.0
4,"Ossiya, Novgorodskaya Oblast', Russia",RS52,58.7547,31.2422,,,53.0
4,"Khoma, Chuvashiya, Russia",RS16,55.287,47.3681,,,21.0
4,"Ninka, Rostovskaya Oblast', Russia",RS61,47.4044,42.8239,,,61.0
4,"Yerika, Kareliya, Russia",RS28,65.5733,30.22,,,10.0
4,"Kamenskiy, Tul'skaya Oblast', Russia",RS76,53.72,37.2125,,,71.0
4,"Nebug, Krasnodarskiy Kray, Russia",RS38,44.1717,39.0026,,,23.0
4,"Yara Yara, Taymyrskiy (Dolgano-Nenetskiy) Avtonomnyy Okrug, Russia",RS74,70.1867,81.6972,,,24.0
4,"Ryurik, Primorskiy Kray, Russia",RS59,42.7167,133.05,,,25.0
4,"Belaya Krinitsa, Belgorodskaya Oblast', Russia",RS09,50.6786,37.9861,,,31.0
4,"As Niki, Ryazanskaya Oblast', Russia",RS62,54.0647,40.0877,,,62.0
4,"Anila, Arkhangel'skaya Oblast', Russia",RS06,62.9357,46.1986,,,29.0
4,"Kurennaya, Komi, Russia",RS34,64.8866,57.6946,,,11.0
4,"Novinka, Novgorodskaya Oblast', Russia",RS52,58.6833,30.7833,,,53.0
4,"Michurina, Vladimirskaya Oblast', Russia",RS83,56.1411,40.8716,,,33.0
4,"Sviridova, Bryanskaya Oblast', Russia",RS10,53.0972,35.1758,,,32.0
4,"Krivosheyevka, Belgorodskaya Oblast', Russia",RS09,51.0685,37.0511,,,31.0
4,"Sasyk, Orenburgskaya Oblast', Russia",RS55,51.1753,60.4117,,,56.0
4,"Paktu, Primorskiy Kray, Russia",RS59,48.0167,137.817,,,25.0
4,"Mechigmen, Chukotskiy Avtonomnyy Okrug, Russia",RS15,65.3,-172.083,,,87.0
4,"Churo, Buryatiya, Russia",RS11,56.3161,112.233,,,3.0
4,"Dyurtyuli, Bashkortostan, Russia",RS08,54.1442,55.0671,,,2.0
4,"Nizhnii Tagil, Sverdlovskaya Oblast', Russia",RS71,57.9194,59.965,2029.0,1.7916510441383293,66.0
4,"Zavgorodniy, Krasnodarskiy Kray, Russia",RS38,45.2572,38.2469,,,23.0
4,"Antik, Tomskaya Oblast', Russia",RS75,57.2,82.9667,,,70.0
4,"Plakat, Altayskiy Kray, Russia",RS04,53.7815,81.4613,,,22.0
4,"Arany, Tul'skaya Oblast', Russia",RS76,53.5865,36.4823,,,71.0
4,"Bugulina, Tatarstan, Russia",RS73,54.5378,52.7985,368.0,0.1994811010683874,16.0
4,"Bugula, Krasnoyarskiy Kray, Russia",RS39,56.1436,92.5487,,,24.0
4,"Puzireva, Pskovskaya Oblast', Russia",RS60,57.0333,27.8833,,,60.0
4,"Aseyev, Volgogradskaya Oblast', Russia",RS84,48.2926,42.3603,,,34.0
5,"Samarskaya Oblast, Samarskaya Oblast', Russia",RS65,53.0,50.0,,,63.0
4,"Lopan, Permskiy Kray, Russia",RS90,59.6064,54.8566,,,59.0
4,"Putyatin, Primorskiy Kray, Russia",RS59,42.8601,132.417,,,25.0
4,"Krupitsa, Pskovskaya Oblast', Russia",RS60,56.4528,30.5521,,,60.0
4,"Tolst, Leningradskaya Oblast', Russia",RS42,59.1981,34.6367,,,47.0
4,"Larionova, Sverdlovskaya Oblast', Russia",RS71,57.5582,64.587,,,66.0
4,"Litvintseva, Irkutskaya Oblast', Russia",RS20,53.4,102.65,,,38.0
4,"Puzyreva, Krasnoyarskiy Kray, Russia",RS39,55.97,93.1582,,,24.0
4,"Papa Dino, Ivanovskaya Oblast', Russia",RS21,57.2429,41.1741,,,37.0
4,"Lisitsa, Tomskaya Oblast', Russia",RS75,58.7002,85.2248,,,70.0
4,"Tokola, Amurskaya Oblast', Russia",RS05,54.6167,124.75,,,28.0
4,"Sofino, Tverskaya Oblast', Russia",RS77,57.7721,37.366,,,69.0
4,"Maksa, Leningradskaya Oblast', Russia",RS42,60.6597,33.3528,,,47.0
4,"Lyambir, Mordoviya, Russia",RS46,54.2817,45.1249,301.0,0.19425189423890993,13.0
4,"Sosnovoborsk, Krasnoyarskiy Kray, Russia",RS39,56.1217,93.3385,679.0,0.02698021842673241,24.0
4,"Turag, Dagestan, Russia",RS17,41.8601,47.9737,,,5.0
4,"Neftyanaya, Krasnodarskiy Kray, Russia",RS38,44.3792,39.6456,,,23.0
4,"Gunkun, Dagestan, Russia",RS17,42.0203,47.9271,,,5.0
4,"Gidam, Karachayevo-Cherkesiya, Russia",RS27,43.5408,41.7922,,,9.0
4,"Kerak, Amurskaya Oblast', Russia",RS05,53.8333,124.333,,,28.0
4,"Osinovets, Tverskaya Oblast', Russia",RS77,57.3823,37.4602,,,69.0
4,"Losevo, Kaluzhskaya Oblast', Russia",RS25,54.4125,34.88,,,40.0
4,"Vuoksa, Russia (General), Russia",RS00,61.05,30.1833,,,91.0
4,"Sisra, Kareliya, Russia",RS28,63.4457,32.7492,,,10.0
4,"Tempa, Sakha (Yakutiya), Russia",RS63,75.8333,137.617,,,14.0
4,"Derkul, Rostovskaya Oblast', Russia",RS61,48.824,39.8061,,,61.0
4,"Omchug, Magadanskaya Oblast', Russia",RS44,61.15,149.617,,,49.0
4,"Butugychag, Magadanskaya Oblast', Russia",RS44,61.3167,149.183,,,49.0
4,"Shagarovka, Belgorodskaya Oblast', Russia",RS09,50.5078,36.5078,,,31.0
4,"Kaskinovo, Bashkortostan, Russia",RS08,52.4468,56.4169,,,2.0
4,"Or Zala, Chechnya And Ingushetiya, Russia",RSCI,43.5006,45.8844,,,20.0
4,"Egita, Buryatiya, Russia",RS11,52.4268,110.739,,,3.0
4,"Isakova, Permskiy Kray, Russia",RS90,59.316,54.01,,,59.0
4,"Zhukovskaya, Ivanovskaya Oblast', Russia",RS21,56.8761,43.1262,,,37.0
4,"Davorka, Bryanskaya Oblast', Russia",RS10,52.1988,31.8636,,,32.0
4,"Gryaznoy, Rostovskaya Oblast', Russia",RS61,48.0945,40.428,,,61.0
4,"Sergunin, Samarskaya Oblast', Russia",RS65,53.5533,49.5525,,,63.0
5,"Yamalia, Yamalo-Nenetskiy Avtonomnyy Okrug, Russia",RS87,66.0,76.0,,,89.0
4,"Cherkes, Amurskaya Oblast', Russia",RS05,54.6545,126.979,,,28.0
4,"Mamadysh, Penzenskaya Oblast', Russia",RS57,52.8502,45.8313,,,58.0
4,"Bogashevo, Tomskaya Oblast', Russia",RS75,56.3683,85.1447,,,70.0
4,"Lev Tolstoi, Lipetskaya Oblast', Russia",RS43,53.2134,39.446,1423.0,0.15102392286704683,48.0
4,"Sumskaya, Kareliya, Russia",RS28,64.0333,34.1167,,,10.0
4,"Zakha, Buryatiya, Russia",RS11,52.1996,109.697,,,3.0
4,"Petajarvi, Leningradskaya Oblast', Russia",RS42,60.6348,30.137,,,47.0
4,"Fort Constantine, Leningradskaya Oblast', Russia",RS42,59.9833,29.7,,,47.0
4,"Avvakum, Primorskiy Kray, Russia",RS59,43.7269,135.211,,,25.0
4,"Savushkina, Sakhalinskaya Oblast', Russia",RS64,50.7389,156.121,,,65.0
4,"Pulyayevka, Belgorodskaya Oblast', Russia",RS09,50.453,36.6577,,,31.0
4,"Novoselovka Pervaya, Belgorodskaya Oblast', Russia",RS09,51.0084,36.3217,,,31.0
4,"Novaya Poltavka, Volgogradskaya Oblast', Russia",RS84,50.4308,46.3914,,,34.0
4,"Levaya, 92, Russia",RS92,56.9167,160.867,,,41.0
4,"Lodochny, Krasnoyarskiy Kray, Russia",RS39,54.8833,92.5833,,,24.0
4,"Mordvinov Bay, Sakhalinskaya Oblast', Russia",RS64,46.8294,143.335,,,65.0
4,"Starodubskoye, Stavropol'skiy Kray, Russia",RS70,44.5631,44.0153,,,26.0
4,"Toyen, Buryatiya, Russia",RS11,51.1833,106.533,,,3.0
4,"Domra, Kurskaya Oblast', Russia",RS41,51.5048,35.8146,,,46.0
4,"Cheb, Komi, Russia",RS34,61.6314,51.1611,,,11.0
4,"Karavai, Pskovskaya Oblast', Russia",RS60,56.0326,29.6433,,,60.0
4,"Limpa, Amurskaya Oblast', Russia",RS05,55.5497,129.607,,,28.0
4,"Khatar, Irkutskaya Oblast', Russia",RS20,52.8376,105.235,,,38.0
4,"Voskresenskaya, Stavropol'skiy Kray, Russia",RS70,45.2667,41.3007,,,26.0
4,"Bestyakh, Sakha (Yakutiya), Russia",RS63,66.05,122.983,,,14.0
5,"Vladimirskaya Oblast, Vladimirskaya Oblast', Russia",RS83,56.0,40.5,,,33.0
4,"Sheshkaris, Krasnodarskiy Kray, Russia",RS38,44.7179,37.8418,,,23.0
4,"Dzuarikau, Severnaya Osetiya-Alaniya, Russia",RS68,43.0181,44.4066,,,15.0
4,"Ugun, Sakha (Yakutiya), Russia",RS63,58.6333,128.5,,,14.0
4,"Kapiton, Khabarovskiy Kray, Russia",RS30,60.9,139.533,,,27.0
4,"Zubtsov, Tverskaya Oblast', Russia",RS77,56.1753,34.5893,2118.0,0.6348616618201424,69.0
4,"Sysoyev, Saratovskaya Oblast', Russia",RS67,50.0904,48.3511,,,64.0
5,"Kabardino-Balkariya, Kabardino-Balkariya, Russia",RS22,43.5,43.5,,,7.0
4,"Karelina, Krasnoyarskiy Kray, Russia",RS39,55.1417,90.6825,,,24.0
4,"Ulyanovka, Saratovskaya Oblast', Russia",RS67,51.2333,47.8833,,,64.0
4,"-Murza, Tyumenskaya Oblast', Russia",RS78,59.6661,69.4153,,,72.0
4,"Kislov, Volgogradskaya Oblast', Russia",RS84,48.9833,43.95,,,34.0
4,"Syrtsevo, Belgorodskaya Oblast', Russia",RS09,50.8701,36.3285,,,31.0
4,"Saranga, Bashkortostan, Russia",RS08,53.6905,58.0185,,,2.0
4,"Krasni Point, Murmanskaya Oblast', Russia",RS49,66.9344,41.2844,,,51.0
4,"Krasni, Tyva, Russia",RS79,51.7,94.45,,,17.0
4,"Kuret, Irkutskaya Oblast', Russia",RS20,52.8175,106.213,,,38.0
4,"Surik, Amurskaya Oblast', Russia",RS05,54.63,126.859,,,28.0
4,"Gorya, Kirovskaya Oblast', Russia",RS33,58.8331,49.5631,,,43.0
4,"Petrovsko-Razumovskoye, Moskovskaya Oblast', Russia",RS47,55.8167,37.5667,,,50.0
4,"Yuryung-Khaya, Sakha (Yakutiya), Russia",RS63,72.8,113.383,,,14.0
4,"Aleynikova, Bryanskaya Oblast', Russia",RS10,52.3278,32.671,,,32.0
4,"Krosna, Kaluzhskaya Oblast', Russia",RS25,54.5418,36.6366,,,40.0
4,"Flera, Samarskaya Oblast', Russia",RS65,52.0333,50.9667,,,63.0
4,"Marsovo, Penzenskaya Oblast', Russia",RS57,53.7394,42.3214,,,58.0
4,"Volchya, Lipetskaya Oblast', Russia",RS43,52.5292,38.2893,,,48.0
4,"Brevno, Permskiy Kray, Russia",RS90,58.6333,57.5167,,,59.0
4,"Zayeltsovskiy Rayon, Novosibirskaya Oblast', Russia",RS53,55.0417,82.9167,,,54.0
4,"Kubatka, Irkutskaya Oblast', Russia",RS20,55.4892,102.048,,,38.0
4,"Alayev, Volgogradskaya Oblast', Russia",RS84,49.2,44.1,,,34.0
4,"Lyutik, Ryazanskaya Oblast', Russia",RS62,53.9667,40.3833,,,62.0
4,"Ryazhsk, Ryazanskaya Oblast', Russia",RS62,53.7038,40.1109,1862.0,3.2039287143782857,62.0
4,"Osetrov, Voronezhskaya Oblast', Russia",RS86,51.6708,38.7336,,,36.0
4,"Andreyka, Tverskaya Oblast', Russia",RS77,58.3913,37.0158,,,69.0
4,"Koyka, Ivanovskaya Oblast', Russia",RS21,56.6936,40.3008,,,37.0
4,"Sakhtysh, Ivanovskaya Oblast', Russia",RS21,56.7948,40.4192,,,37.0
4,"-Kaliningrad, Kaliningradskaya Oblast', Russia",RS23,54.7065,20.511,1176.0,0.4043002674082857,39.0
4,"Soldatskaya, Kabardino-Balkariya, Russia",RS22,43.8453,43.8394,,,7.0
4,"Voropayev, Voronezhskaya Oblast', Russia",RS86,50.585,41.368,,,36.0
4,"Ozernoe, Chechnya And Ingushetiya, Russia",RSCI,43.6931,45.0503,,,20.0
4,"Shumilkino, Novgorodskaya Oblast', Russia",RS52,57.6724,31.7529,,,53.0
4,"Yablonevka, Novosibirskaya Oblast', Russia",RS53,54.7098,76.5206,,,54.0
4,"Ivankovo, Moskovskaya Oblast', Russia",RS47,55.2536,35.8719,,,50.0
4,"Chkalovskiy, Stavropol'skiy Kray, Russia",RS70,44.8814,44.0181,,,26.0
4,"Kisya, Ryazanskaya Oblast', Russia",RS62,54.0904,39.8026,,,62.0
4,"Koksovaya, Rostovskaya Oblast', Russia",RS61,48.1905,40.6457,,,61.0
4,"Urva, Dagestan, Russia",RS17,42.1805,47.1041,,,5.0
4,"Alset, Tomskaya Oblast', Russia",RS75,58.4614,84.4342,,,70.0
4,"Chugunovka, Voronezhskaya Oblast', Russia",RS86,50.6942,40.0089,,,36.0
4,"Shefer, Omskaya Oblast', Russia",RS54,55.0067,72.0201,,,55.0
4,"Shadrina, Irkutskaya Oblast', Russia",RS20,53.1769,103.082,,,38.0
4,"Northern Gate, Arkhangel'skaya Oblast', Russia",RS06,65.04,35.8679,,,29.0
4,"Avdey, Zabaykal'skiy Kray, Russia",RS93,52.3722,113.638,,,75.0
4,"Minushka, Krasnoyarskiy Kray, Russia",RS39,55.4007,95.8949,,,24.0
4,"Zimogorye, Moskovskaya Oblast', Russia",RS47,56.1,37.8833,,,50.0
4,"Konoplya, Permskiy Kray, Russia",RS90,60.5686,53.9564,,,59.0
4,"Yagorba, Vologodskaya Oblast', Russia",RS85,59.1167,37.9333,,,35.0
4,"Ustyuzhna, Vologodskaya Oblast', Russia",RS85,58.8394,36.4321,1068.0,0.4046562947954542,35.0
4,"Borets Truda, Krasnodarskiy Kray, Russia",RS38,46.2256,38.8386,,,23.0
4,"Zabaykalye, Altayskiy Kray, Russia",RS04,52.45,81.2,,,22.0
4,"Severskiy, Sverdlovskaya Oblast', Russia",RS71,56.4951,60.2247,,,66.0
4,"Galika, Leningradskaya Oblast', Russia",RS42,60.1395,32.9193,,,47.0
4,"Sarylakh, Sakha (Yakutiya), Russia",RS63,64.4167,142.75,,,14.0
4,"Sinarskiy, Chelyabinskaya Oblast', Russia",RS13,56.13,61.8831,,,74.0
4,"-Vyatka, Kirovskaya Oblast', Russia",RS33,58.5967,49.6601,,,43.0
4,"Pervouralskiy, Sverdlovskaya Oblast', Russia",RS71,56.9053,59.9436,2004.0,0.346084029442733,66.0
4,"Khovanskoye, Tul'skaya Oblast', Russia",RS76,54.2938,37.0086,,,71.0
4,"Trudovaya Armeniya, Krasnodarskiy Kray, Russia",RS38,46.1782,38.8442,,,23.0
4,"Ulus-Kert, Checheno-Ingushskaya Avtonomnaya Sovetskaya Sotsialistichesk, Russia",RS12,42.9885,45.7658,,,20.0
4,"Ryndino, Chuvashiya, Russia",RS16,55.8542,47.4386,,,21.0
4,"Vadya, Arkhangel'skaya Oblast', Russia",RS06,61.6453,39.5232,,,29.0
4,"Kiyevskaya, Tomskaya Oblast', Russia",RS75,59.8167,79.0333,,,70.0
4,"Priboy, Samarskaya Oblast', Russia",RS65,52.8739,49.669,,,63.0
4,"Keskem, Chechnya And Ingushetiya, Russia",RSCI,43.4717,44.5438,,,20.0
4,"Babaye, Irkutskaya Oblast', Russia",RS20,57.369,98.0709,,,38.0
4,"Ingulets, Kareliya, Russia",RS28,65.1571,34.4739,,,10.0
4,"Otoyo, Sakhalinskaya Oblast', Russia",RS64,46.777,142.39,,,65.0
4,"Borki, Ryazanskaya Oblast', Russia",RS62,54.2167,40.1167,,,62.0
4,"Mokhnataya, 92, Russia",RS92,56.2944,162.557,,,41.0
4,"Borodina, Novgorodskaya Oblast', Russia",RS52,57.8404,31.2352,,,53.0
4,"Fedosov, Volgogradskaya Oblast', Russia",RS84,50.5745,41.7131,,,34.0
4,"Charka, Sakha (Yakutiya), Russia",RS63,66.7333,136.7,,,14.0
4,"Mikhaylovsk, Zabaykal'skiy Kray, Russia",RS93,51.1137,119.435,,,75.0
4,"Staroderevyankovskaya, Krasnodarskiy Kray, Russia",RS38,46.1276,38.9674,,,23.0
4,"Yasenskaya, Krasnodarskiy Kray, Russia",RS38,46.3592,38.269,,,23.0
4,"Velikiy Ustyug, Vologodskaya Oblast', Russia",RS85,60.7619,46.3135,1051.0,0.6571305369970077,35.0
4,"Medma, Udmurtiya, Russia",RS80,58.1582,53.6133,,,18.0
4,"Zuyev, Pskovskaya Oblast', Russia",RS60,57.5657,28.0209,,,60.0
4,"Podgora, Permskiy Kray, Russia",RS90,58.7317,54.6436,,,59.0
4,"Shongo, Kareliya, Russia",RS28,65.0082,32.1913,,,10.0
4,"Likhoborka, Moskva, Russia",RS48,55.8333,37.6333,,,50.0
4,"Yaba, Arkhangel'skaya Oblast', Russia",RS06,62.6667,46.8,,,29.0
4,"Utva, Permskiy Kray, Russia",RS90,60.4412,53.198,,,59.0
4,"Shamshi, Tverskaya Oblast', Russia",RS77,55.7043,32.1301,,,69.0
4,"Aviatsiya, Krasnodarskiy Kray, Russia",RS38,45.0264,39.5491,,,23.0
4,"Eymnakh, Zabaykal'skiy Kray, Russia",RS93,56.3472,117.142,,,75.0
4,"Zyuratkul, Chelyabinskaya Oblast', Russia",RS13,54.9259,59.2314,,,74.0
4,"Kodinka, Sverdlovskaya Oblast', Russia",RS71,56.4369,61.7811,,,66.0
4,"Tatinets, Nizhegorodskaya Oblast', Russia",RS51,56.0317,44.7159,,,52.0
4,"Korpikovo, Leningradskaya Oblast', Russia",RS42,59.5644,30.0142,,,47.0
4,"Slopinets, Nizhegorodskaya Oblast', Russia",RS51,56.035,44.6701,,,52.0
4,"Zagza, Buryatiya, Russia",RS11,52.5167,107.067,,,3.0
4,"Paritsa, Leningradskaya Oblast', Russia",RS42,59.5811,30.0158,,,47.0
4,"Karaozen, Dagestan, Russia",RS17,42.8069,47.0158,,,5.0
4,"Chertolye, Russia (General), Russia",RS00,58.4284,37.6563,,,91.0
4,"Bokari, Smolenskaya Oblast', Russia",RS69,55.2274,34.9053,,,67.0
4,"Oranki, Nizhegorodskaya Oblast', Russia",RS51,55.8957,43.7195,,,52.0
4,"Petropavlosk, Sakha (Yakutiya), Russia",RS63,60.3667,134.4,,,14.0
4,"Magnitskiy, Chelyabinskaya Oblast', Russia",RS13,55.0148,59.2547,,,74.0
4,"Khunzakh, Dagestan, Russia",RS17,42.5424,46.7069,154.0,0.3152361624967696,5.0
4,"Talma, Amurskaya Oblast', Russia",RS05,54.518,126.196,,,28.0
4,"Glukhar, Sverdlovskaya Oblast', Russia",RS71,57.3767,57.9828,,,66.0
4,"Guryevskaya, Kirovskaya Oblast', Russia",RS33,60.7723,47.5382,,,43.0
4,"Geologorazvedka, Permskiy Kray, Russia",RS90,59.5394,56.7201,,,59.0
4,"Getmanov, Rostovskaya Oblast', Russia",RS61,49.0551,40.331,,,61.0
4,"Kozachok, Belgorodskaya Oblast', Russia",RS09,50.4615,35.8513,,,31.0
4,"Svetlitsa, Novgorodskaya Oblast', Russia",RS52,58.0069,30.3586,,,53.0
4,"Leninskoe, Yevreyskaya Avtonomnaya Oblast', Russia",RS89,47.9329,132.618,2340.0,0.368692671016224,79.0
4,"Mukhar, Buryatiya, Russia",RS11,51.7684,102.76,,,3.0
4,"Krasny Stroitel, Moskovskaya Oblast', Russia",RS47,55.5877,37.6428,,,50.0
4,"Gashun, Kalmykiya, Russia",RS24,46.0667,42.6217,,,8.0
4,"Borisovskoye, Moskovskaya Oblast', Russia",RS47,55.1301,38.5815,,,50.0
4,"Khalka, Buryatiya, Russia",RS11,51.5966,110.527,,,3.0
4,"Zaliv Amurskiy, Yevreyskaya Avtonomnaya Oblast', Russia",RS89,47.6835,131.822,,,79.0
4,"Labynkyr, Sakha (Yakutiya), Russia",RS63,62.7,143.783,,,14.0
4,"Gogli, Kirovskaya Oblast', Russia",RS33,59.2173,50.419,,,43.0
4,"Agapovka, Omskaya Oblast', Russia",RS54,54.9971,71.7076,,,55.0
4,"Strukova, Sakha (Yakutiya), Russia",RS63,68.8,147.317,,,14.0
4,"Kvaser, Udmurtiya, Russia",RS80,57.9758,53.6715,,,18.0
4,"Borisovo, Amurskaya Oblast', Russia",RS05,50.4081,129.23,,,28.0
4,"Khul, Buryatiya, Russia",RS11,52.3884,108.967,,,3.0
4,"Bayangol, Buryatiya, Russia",RS11,52.8,99.9333,,,3.0
4,"Shin Ai, Sakhalinskaya Oblast', Russia",RS64,46.5647,141.824,,,65.0
4,"Tyras, Arkhangel'skaya Oblast', Russia",RS06,63.9742,43.3892,,,29.0
4,"Pakhomova, Permskiy Kray, Russia",RS90,58.953,54.8911,,,59.0
4,"Ksti, Pskovskaya Oblast', Russia",RS60,58.166,28.9323,,,60.0
4,"Litovka, Bryanskaya Oblast', Russia",RS10,53.8318,33.5133,,,32.0
4,"Tubas, Tverskaya Oblast', Russia",RS77,57.8561,34.3921,,,69.0
4,"Kutana, Sakha (Yakutiya), Russia",RS63,62.7175,117.574,,,14.0
4,"Suntarsk, Sakha (Yakutiya), Russia",RS63,62.1444,117.632,336.0,1.6314137847032475,14.0
4,"Mamayka, Krasnodarskiy Kray, Russia",RS38,43.6299,39.6991,,,23.0
4,"Primorskoye, Leningradskaya Oblast', Russia",RS42,60.5234,27.9045,,,47.0
4,"Arapovka, Belgorodskaya Oblast', Russia",RS09,50.5167,36.2911,,,31.0
4,"Vyazov, Vologodskaya Oblast', Russia",RS85,58.8667,35.4667,,,35.0
4,"Pankova, Permskiy Kray, Russia",RS90,59.3135,54.1457,,,59.0
4,"Nemba, Krasnoyarskiy Kray, Russia",RS39,59.5167,100.083,,,24.0
4,"Konyushkovo, Primorskiy Kray, Russia",RS59,42.8636,132.36,,,25.0
4,"Radu Ni, Pskovskaya Oblast', Russia",RS60,56.3289,28.9276,,,60.0
4,"Denisovy, Kirovskaya Oblast', Russia",RS33,59.0472,48.4747,,,43.0
4,"Rudnev, Orlovskaya Oblast', Russia",RS56,53.0155,35.8595,,,57.0
4,"Sevka, Belgorodskaya Oblast', Russia",RS09,50.6107,36.5151,,,31.0
4,"Abrosimova, Arkhangel'skaya Oblast', Russia",RS06,71.9181,55.2631,,,29.0
4,"Sushka, Tatarstan, Russia",RS73,54.7229,50.1171,,,16.0
4,"Chulina, Altayskiy Kray, Russia",RS04,54.1006,84.3067,,,22.0
4,"Krasnogvardeyskiy, Ryazanskaya Oblast', Russia",RS62,54.2538,40.5416,,,62.0
4,"Zlobina, Tverskaya Oblast', Russia",RS77,56.2456,32.0703,,,69.0
4,"Ruksha, Yaroslavskaya Oblast', Russia",RS88,57.5466,37.9275,,,76.0
4,"Grachi, Astrakhanskaya Oblast', Russia",RS07,48.4657,45.6051,,,30.0
4,"Tara Khan, Amurskaya Oblast', Russia",RS05,51.6897,126.945,,,28.0
4,"Krutitsy, Smolenskaya Oblast', Russia",RS69,55.5,35.2333,,,67.0
4,"Myski, Altayskiy Kray, Russia",RS04,53.6924,81.5404,,,22.0
4,"Kaizan, Khabarovskiy Kray, Russia",RS30,50.9333,138.167,,,27.0
4,"Kuttu, Sakha (Yakutiya), Russia",RS63,63.3094,118.732,,,14.0
4,"Dubochki, Leningradskaya Oblast', Russia",RS42,59.9356,29.6026,,,47.0
4,"Kuzina, Permskiy Kray, Russia",RS90,57.5995,54.4706,,,59.0
4,"Bisha, Irkutskaya Oblast', Russia",RS20,55.3226,103.292,,,38.0
4,"Naberezhnaya, Krasnoyarskiy Kray, Russia",RS39,55.5356,90.2311,,,24.0
4,"Nizy, Bryanskaya Oblast', Russia",RS10,52.5545,32.9924,,,32.0
4,"Top  An, Nizhegorodskaya Oblast', Russia",RS51,56.8172,44.9602,,,52.0
4,"Varenka, Murmanskaya Oblast', Russia",RS49,68.3667,38.65,,,51.0
4,"Provalovo, Primorskiy Kray, Russia",RS59,43.2965,131.712,,,25.0
4,"Ugdan, Zabaykal'skiy Kray, Russia",RS93,52.1598,113.443,,,75.0
4,"Mashkin, Kurskaya Oblast', Russia",RS41,51.3099,36.4531,,,46.0
4,"Vkusnyy, 92, Russia",RS92,51.6125,157.126,,,41.0
4,"Kabata, Magadanskaya Oblast', Russia",RS44,62.125,157.153,,,49.0
4,"Barannikova, Sverdlovskaya Oblast', Russia",RS71,56.8059,62.7867,,,66.0
4,"Mazury, Novgorodskaya Oblast', Russia",RS52,57.1333,30.95,,,53.0
4,"Kulbaki, Kurskaya Oblast', Russia",RS41,51.2443,34.7856,,,46.0
4,"Shuleykin, Rostovskaya Oblast', Russia",RS61,49.1186,41.3256,,,61.0
4,"Maduyka, Krasnoyarskiy Kray, Russia",RS39,66.6833,88.2167,,,24.0
4,"Tayshet, Irkutskaya Oblast', Russia",RS20,55.9342,98.0044,1161.0,1.0660544802452627,38.0
4,"Surgutikha, Krasnoyarskiy Kray, Russia",RS39,63.8528,87.3442,,,24.0
4,"Velino, Kaluzhskaya Oblast', Russia",RS25,54.7077,35.5033,,,40.0
4,"Yartsev, Voronezhskaya Oblast', Russia",RS86,50.3693,40.0191,,,36.0
4,"Mayaki, Nizhegorodskaya Oblast', Russia",RS51,57.8281,47.1599,,,52.0
4,"Vendinga, Komi, Russia",RS34,63.4573,47.9796,,,11.0
4,"Troitsko-Pechorsk, Komi, Russia",RS34,62.7084,56.1964,239.0,0.8775165278966909,11.0
4,"Moskovka, Krasnoyarskiy Kray, Russia",RS39,55.6314,90.5792,,,24.0
4,"Basovo, Kurskaya Oblast', Russia",RS41,52.0622,36.5016,,,46.0
4,"Gvozdevo, Vologodskaya Oblast', Russia",RS85,59.7375,38.0951,,,35.0
4,"Korolevo, Kostromskaya Oblast', Russia",RS37,58.9433,46.0425,,,44.0
4,"Novikovo, Pskovskaya Oblast', Russia",RS60,56.1596,28.6774,,,60.0
4,"Ogonki, Irkutskaya Oblast', Russia",RS20,52.01,104.01,,,38.0
4,"Taivan, Kareliya, Russia",RS28,62.45,32.8833,,,10.0
4,"Shagonar, Tyva, Russia",RS79,51.5333,92.8,414.0,8.28087133386203,17.0
4,"Solnechnodolsk, Stavropol'skiy Kray, Russia",RS70,45.3179,41.5407,,,26.0
4,"Blizhneye, Belgorodskaya Oblast', Russia",RS09,50.5812,36.3793,,,31.0
4,"Korzh, Krasnodarskiy Kray, Russia",RS38,46.0267,39.2849,,,23.0
4,"Yapan, Khabarovskiy Kray, Russia",RS30,49.9,136.65,,,27.0
4,"Vladimirka, Omskaya Oblast', Russia",RS54,56.1415,73.6452,,,55.0
4,"Gruziny, Tverskaya Oblast', Russia",RS77,56.9358,35.0452,,,69.0
4,"Ulug-Khem, Russia (General), Russia",RS00,71.8333,82.6667,,,91.0
4,"Karnaukhov, Rostovskaya Oblast', Russia",RS61,47.5167,41.5167,,,61.0
4,"Lermontova, Kaliningradskaya Oblast', Russia",RS23,54.7529,20.4625,,,39.0
4,"Kok-Su, Kemerovskaya Oblast', Russia",RS29,53.5333,88.7167,,,42.0
4,"Leonova, Moskovskaya Oblast', Russia",RS47,55.4366,38.7102,,,50.0
4,"Travkin, Yevreyskaya Avtonomnaya Oblast', Russia",RS89,48.9629,132.185,,,79.0
4,"Kartuzov, Khakasiya, Russia",RS31,53.0742,89.8836,,,19.0
4,"Orlovskaya, Permskiy Kray, Russia",RS90,61.3523,57.4409,,,59.0
4,"Kazantseva, Krasnoyarskiy Kray, Russia",RS39,59.2167,88.6,,,24.0
4,"Liniya, Orlovskaya Oblast', Russia",RS56,52.6186,35.7598,,,57.0
4,"Kenova, Smolenskaya Oblast', Russia",RS69,55.1527,32.0357,,,67.0
4,"Boldyrevka, Amurskaya Oblast', Russia",RS05,50.2243,129.491,,,28.0
4,"Belomestnoye, Kurskaya Oblast', Russia",RS41,51.6591,36.4408,,,46.0
4,"Rozhdestvenka, Belgorodskaya Oblast', Russia",RS09,50.9154,36.4594,,,31.0
4,"Koshta, Vologodskaya Oblast', Russia",RS85,59.2063,37.7822,,,35.0
4,"Koryakovo, Yaroslavskaya Oblast', Russia",RS88,58.1867,40.1127,,,76.0
4,"Mozhga, Bashkortostan, Russia",RS08,56.2352,54.8283,,,2.0
4,"Petraki, Permskiy Kray, Russia",RS90,57.8953,54.1573,,,59.0
4,"Belovodye, Sverdlovskaya Oblast', Russia",RS71,56.5059,61.8528,,,66.0
4,"Argut, Altay, Russia",RS03,49.85,87.05,,,4.0
4,"Yunka, Kirovskaya Oblast', Russia",RS33,58.1902,49.9683,,,43.0
4,"Novoalekseyevka, Amurskaya Oblast', Russia",RS05,50.208,129.328,,,28.0
4,"Novgorodovka, Tambovskaya Oblast', Russia",RS72,52.6349,42.205,,,68.0
4,"Komenka, Zabaykal'skiy Kray, Russia",RS93,51.6852,113.661,,,75.0
4,"Makhi, Smolenskaya Oblast', Russia",RS69,54.0322,32.6,,,67.0
4,"Tursha, Mariy-El, Russia",RS45,56.8775,47.6525,,,12.0
4,"Lykhma, Khanty-Mansiyskiy Avtonomnyy Okrug, Russia",RS32,63.6989,66.2697,,,86.0
4,"Shiryaeva, Voronezhskaya Oblast', Russia",RS86,50.3344,40.9534,,,36.0
4,"Goncharovka, Kaluzhskaya Oblast', Russia",RS25,54.8626,36.3627,,,40.0
4,"Soskovo, Kurskaya Oblast', Russia",RS41,51.8577,36.2044,,,46.0
4,"Kaganovicha, Krasnodarskiy Kray, Russia",RS38,45.56,39.8181,,,23.0
4,"Bogdarnya, Vladimirskaya Oblast', Russia",RS83,55.8705,39.3598,,,33.0
4,"Aleksandrovskaya Sloboda, Tatarstan, Russia",RS73,55.234,52.1234,,,16.0
4,"Gus Khrustalny, Vladimirskaya Oblast', Russia",RS83,55.6111,40.6519,987.0,1.2674732804837414,33.0
4,"Markusha, Nizhegorodskaya Oblast', Russia",RS51,57.8725,45.8603,,,52.0
4,"Voronezh, Voronezhskaya Oblast', Russia",RS86,51.672,39.1843,1073.0,1.693793038194347,36.0
4,"Zhar, Kostromskaya Oblast', Russia",RS37,59.0677,42.0735,,,44.0
4,"Stavki, Smolenskaya Oblast', Russia",RS69,54.5559,33.3914,,,67.0
4,"Likhacheva, Leningradskaya Oblast', Russia",RS42,59.9428,33.8438,,,47.0
4,"Pogodin, Volgogradskaya Oblast', Russia",RS84,48.5709,43.1427,,,34.0
4,"Kaptan, Dagestan, Russia",RS17,42.8833,47.5,,,5.0
4,"Dubino, Bryanskaya Oblast', Russia",RS10,52.3362,32.9464,,,32.0
4,"Bely Kamen, Kemerovskaya Oblast', Russia",RS29,53.1333,87.1667,,,42.0
4,"Gelenzhik, Krasnodarskiy Kray, Russia",RS38,44.5622,38.0848,625.0,0.6580364347784439,23.0
4,"Lozovoye, Voronezhskaya Oblast', Russia",RS86,50.2584,40.3738,,,36.0
4,"Yasnyye Zori, Belgorodskaya Oblast', Russia",RS09,50.371,36.5022,,,31.0
4,"Cheremoshnoye, Kurskaya Oblast', Russia",RS41,51.4515,36.1928,,,46.0
4,"Petlya, 92, Russia",RS92,57.0931,162.622,,,41.0
4,"Solovyevka, Sverdlovskaya Oblast', Russia",RS71,57.6667,63.0833,,,66.0
4,"Cape Disappointment, Primorskiy Kray, Russia",RS59,45.8214,137.695,,,25.0
5,"Orel Oblast, Orlovskaya Oblast', Russia",RS56,53.0,36.25,,,57.0
4,"Prilesye, Yaroslavskaya Oblast', Russia",RS88,57.3466,39.8543,,,76.0
4,"Akbash, Tatarstan, Russia",RS73,54.5242,53.2242,,,16.0
4,"Kushnarenkovo, Bashkortostan, Russia",RS08,55.105,55.3508,65.0,0.5957939620827255,2.0
4,"Bogordskoye, Tatarstan, Russia",RS73,55.7434,49.3863,,,16.0
4,"Neftyanik, Orenburgskaya Oblast', Russia",RS55,53.0782,52.4063,,,56.0
4,"Novospasskoye, Lipetskaya Oblast', Russia",RS43,53.0252,38.0725,,,48.0
4,"Lugovka, Bryanskaya Oblast', Russia",RS10,53.22,32.7339,,,32.0
4,"Urayevo, Belgorodskaya Oblast', Russia",RS09,50.0979,38.2336,,,31.0
4,"Podtalitsy, Ivanovskaya Oblast', Russia",RS21,57.0587,41.0094,,,37.0
4,"Kustovo, Kostromskaya Oblast', Russia",RS37,58.6298,41.2371,,,44.0
4,"Tamut, Khabarovskiy Kray, Russia",RS30,58.2,136.5,,,27.0
4,"Zalomnoye, Belgorodskaya Oblast', Russia",RS09,50.9357,38.5751,,,31.0
4,"Tutov, Volgogradskaya Oblast', Russia",RS84,48.7384,44.7388,,,34.0
4,"Mironenko, Omskaya Oblast', Russia",RS54,55.1166,72.7857,,,55.0
4,"Melkefoss, Russia (General), Russia",RS00,69.4,29.7833,,,91.0
4,"Torki, Ivanovskaya Oblast', Russia",RS21,56.4859,40.2396,,,37.0
4,"Akbas, Orenburgskaya Oblast', Russia",RS55,51.2,60.1,,,56.0
4,"Kobla, Komi, Russia",RS34,63.8372,56.8355,,,11.0
4,"Aralakh, Sakha (Yakutiya), Russia",RS63,61.1833,132.617,,,14.0
4,"Berlik, Penzenskaya Oblast', Russia",RS57,52.4699,45.7141,,,58.0
4,"Omsukchan, Magadanskaya Oblast', Russia",RS44,62.5333,155.8,1432.0,2.456431989116256,49.0
4,"Evensk, Magadanskaya Oblast', Russia",RS44,61.95,159.233,1433.0,3.4272348152201597,49.0
4,"Nimni, Khabarovskiy Kray, Russia",RS30,54.9872,133.282,,,27.0
4,"Azov, Rostovskaya Oblast', Russia",RS61,47.1078,39.4165,1791.0,0.9881933044233171,61.0
4,"Tsentralnoye, Altayskiy Kray, Russia",RS04,52.3167,80.4,,,22.0
4,"Tatyanovka, Krasnodarskiy Kray, Russia",RS38,43.9593,39.4091,,,23.0
4,"Vysokinichi, Kaluzhskaya Oblast', Russia",RS25,54.9093,36.9315,,,40.0
4,"Protva, Kaluzhskaya Oblast', Russia",RS25,55.0191,36.7048,,,40.0
4,"Shelayevo, Irkutskaya Oblast', Russia",RS20,56.9314,97.697,,,38.0
4,"Usma, Irkutskaya Oblast', Russia",RS20,57.1043,105.64,,,38.0
4,"Rudnoye, Smolenskaya Oblast', Russia",RS69,55.4507,34.6314,,,67.0
4,"Kvartsevaya, 92, Russia",RS92,57.6639,162.35,,,41.0
4,"Waare, Sakhalinskaya Oblast', Russia",RS64,47.9111,142.49,,,65.0
4,"Rogatino, Moskovskaya Oblast', Russia",RS47,56.4667,36.8333,,,50.0
4,"Trekhizbenka, Astrakhanskaya Oblast', Russia",RS07,46.1547,48.3568,,,30.0
4,"Elizabet, Sverdlovskaya Oblast', Russia",RS71,56.747,60.6134,,,66.0
4,"Petrovo-Dalneye, Moskovskaya Oblast', Russia",RS47,55.7468,37.1735,,,50.0
4,"Palamino, Nizhegorodskaya Oblast', Russia",RS51,57.1504,44.2782,,,52.0
4,"Magaly, Tomskaya Oblast', Russia",RS75,57.4831,85.8986,,,70.0
4,"Torat, Omskaya Oblast', Russia",RS54,54.7517,71.1799,,,55.0
4,"Gruzskoye, Krasnodarskiy Kray, Russia",RS38,46.4103,40.1962,,,23.0
4,"Tyulka, Tomskaya Oblast', Russia",RS75,57.3667,84.15,,,70.0
4,"Sennaya Guba, Kareliya, Russia",RS28,62.0291,35.2449,,,10.0
4,"Mikoyana, 92, Russia",RS92,52.8833,156.133,,,41.0
4,"Burshi, Dagestan, Russia",RS17,42.0316,47.0635,,,5.0
4,"Krasnogorodsk, Pskovskaya Oblast', Russia",RS60,56.8357,28.2822,1771.0,0.5796965924279497,60.0
4,"Schmidt Peninsula, Sakhalinskaya Oblast', Russia",RS64,54.1597,142.561,,,65.0
4,"Bryukhovetskaya, Krasnodarskiy Kray, Russia",RS38,45.806,38.9996,633.0,0.6010849017902733,23.0
4,"Sharvi, Kareliya, Russia",RS28,65.5474,30.4902,,,10.0
4,"Konin, Khabarovskiy Kray, Russia",RS30,53.07,136.025,,,27.0
4,"Polona, Novgorodskaya Oblast', Russia",RS52,58.7428,33.3486,,,53.0
4,"Mayma, Altay, Russia",RS03,52.0197,85.9114,12.0,1.881032690528869,4.0
4,"Cheremis, Tverskaya Oblast', Russia",RS77,58.1952,36.3578,,,69.0
4,"Vetluga, Nizhegorodskaya Oblast', Russia",RS51,57.8557,45.781,1547.0,0.4435858307792914,52.0
4,"Yandoma, Kostromskaya Oblast', Russia",RS37,57.9983,41.8036,,,44.0
4,"Maselga, Kareliya, Russia",RS28,62.0667,32.7833,,,10.0
4,"Kosmozero, Kareliya, Russia",RS28,62.3552,35.0248,,,10.0
4,"Vachozero, Kareliya, Russia",RS28,63.9653,33.4227,,,10.0
4,"Matyushino, Tatarstan, Russia",RS73,55.6459,48.9512,,,16.0
4,"Samarskoye, Rostovskaya Oblast', Russia",RS61,46.937,39.6881,,,61.0
4,"Bulgakova, Orlovskaya Oblast', Russia",RS56,53.2027,35.5151,,,57.0
4,"Gorkovskiy, Stavropol'skiy Kray, Russia",RS70,45.6544,41.1986,,,26.0
4,"Pochinok, Tverskaya Oblast', Russia",RS77,57.9692,37.0459,,,69.0
4,"Kozinki, Tul'skaya Oblast', Russia",RS76,53.4227,38.3451,,,71.0
4,"Kipriyanova, Sakha (Yakutiya), Russia",RS63,59.7,110.883,,,14.0
4,"Laishevo, Tatarstan, Russia",RS73,55.4046,49.5504,379.0,0.3394828123948245,16.0
4,"Raduzhnoye, Kaliningradskaya Oblast', Russia",RS23,54.3639,22.5464,,,39.0
4,"Sretenskaya, Novosibirskaya Oblast', Russia",RS53,55.0406,79.1769,,,54.0
4,"Slavyansk-Na-Kubani, Krasnodarskiy Kray, Russia",RS38,45.2558,38.1256,656.0,1.4722522227586528,23.0
4,"Novokuybyshevskiy, Samarskaya Oblast', Russia",RS65,53.0959,49.9462,1877.0,0.3988170699550218,63.0
4,"Anzherskaya, Kemerovskaya Oblast', Russia",RS29,56.0764,86.0484,1225.0,1.8091214386021761,42.0
4,"Gorely, Taymyrskiy (Dolgano-Nenetskiy) Avtonomnyy Okrug, Russia",RS74,71.5333,98.8,,,24.0
4,"Zarechnoye, Primorskiy Kray, Russia",RS59,43.6971,132.104,,,25.0
4,"Chikcha, Tyumenskaya Oblast', Russia",RS78,57.1464,65.9783,,,72.0
4,"Chashniki, Smolenskaya Oblast', Russia",RS69,53.8664,32.9064,,,67.0
4,"Vorotilov, Rostovskaya Oblast', Russia",RS61,46.8986,43.9773,,,61.0
4,"Mikoyan, Krasnodarskiy Kray, Russia",RS38,46.6969,39.7328,,,23.0
4,"Lukashevka, Primorskiy Kray, Russia",RS59,44.4799,131.884,,,25.0
4,"Kukova, Arkhangel'skaya Oblast', Russia",RS06,62.2164,41.2967,,,29.0
4,"Snegovaya, 92, Russia",RS92,56.3403,162.904,,,41.0
4,"Koluma, Sakha (Yakutiya), Russia",RS63,61.9333,133.933,,,14.0
4,"Tekino, Tambovskaya Oblast', Russia",RS72,52.3405,41.5614,,,68.0
4,"Kotovskiy, Volgogradskaya Oblast', Russia",RS84,50.8495,41.9524,,,34.0
4,"Borskoye, Samarskaya Oblast', Russia",RS65,53.0333,51.7167,1889.0,1.458833081257745,63.0
4,"Odry, Kostromskaya Oblast', Russia",RS37,59.0663,47.3987,,,44.0
4,"Ulkan, Irkutskaya Oblast', Russia",RS20,57.2428,107.328,,,38.0
4,"Lipovskoye, Sverdlovskaya Oblast', Russia",RS71,57.0182,61.119,,,66.0
4,"Krutoy Log, Krasnoyarskiy Kray, Russia",RS39,58.0406,92.9391,,,24.0
4,"Stanovskiy, Volgogradskaya Oblast', Russia",RS84,50.0903,41.8397,,,34.0
4,"Baltisk, Kaliningradskaya Oblast', Russia",RS23,54.6538,19.911,1184.0,1.558833282603514,39.0
4,"Kharkovo, Yaroslavskaya Oblast', Russia",RS88,57.4597,40.3417,,,76.0
4,"Vysoka, Tverskaya Oblast', Russia",RS77,57.8753,37.2726,,,69.0
4,"Zhuralevka, Bashkortostan, Russia",RS08,53.8637,55.8547,,,2.0
4,"Saratan, Altay, Russia",RS03,50.5333,88.3,,,4.0
4,"Emiya, Sakha (Yakutiya), Russia",RS63,57.5167,129.083,,,14.0
4,"Agura, Krasnodarskiy Kray, Russia",RS38,43.5372,39.8042,,,23.0
4,"Vysokaya, Vologodskaya Oblast', Russia",RS85,59.4982,38.0567,,,35.0
4,"Sapronovo, Pskovskaya Oblast', Russia",RS60,57.1963,28.5209,,,60.0
4,"Kolechko, Kaliningradskaya Oblast', Russia",RS23,54.7156,21.325,,,39.0
4,"Luostari, Murmanskaya Oblast', Russia",RS49,69.422,31.0495,,,51.0
4,"Miil, Sakha (Yakutiya), Russia",RS63,59.6,133.133,,,14.0
4,"Chengda, Amurskaya Oblast', Russia",RS05,50.3167,130.467,,,28.0
4,"Pionersk, Irkutskaya Oblast', Russia",RS20,52.2392,103.976,,,38.0
4,"Berezovski, Buryatiya, Russia",RS11,51.9333,107.5,,,3.0
4,"Da Shin, Krasnoyarskiy Kray, Russia",RS39,55.2171,95.3881,,,24.0
4,"Akova, Arkhangel'skaya Oblast', Russia",RS06,62.2192,46.7456,,,29.0
4,"Korund, Sakha (Yakutiya), Russia",RS63,56.2991,124.432,,,14.0
4,"Voskresenovka, Amurskaya Oblast', Russia",RS05,51.0233,129.299,,,28.0
4,"Vasilevskaya, Kostromskaya Oblast', Russia",RS37,58.7833,42.2167,,,44.0
4,"Orga, Sakha (Yakutiya), Russia",RS63,61.75,132.283,,,14.0
4,"Dobrovka, Altayskiy Kray, Russia",RS04,53.3079,79.5179,,,22.0
4,"Antipenko, Zabaykal'skiy Kray, Russia",RS93,54.2833,118.05,,,75.0
4,"Gromadsk, Krasnoyarskiy Kray, Russia",RS39,55.8954,94.3904,,,24.0
4,"Kulluk, Buryatiya, Russia",RS11,54.7333,111.083,,,3.0
4,"Vasilchuki, Altayskiy Kray, Russia",RS04,52.2712,78.9511,,,22.0
4,"Shabar, Buryatiya, Russia",RS11,51.4968,108.28,,,3.0
4,"Danilow, Yaroslavskaya Oblast', Russia",RS88,58.1908,40.1717,2325.0,0.29850029905456776,76.0
4,"Zabaikal, Russia (General), Russia",RS00,54.0,112.0,,,91.0
4,"Zheleznya, Tul'skaya Oblast', Russia",RS76,54.5208,37.4717,,,71.0
4,"Sovkova, Kostromskaya Oblast', Russia",RS37,58.1559,41.4386,,,44.0
4,"Outas, Murmanskaya Oblast', Russia",RS49,68.4,29.55,,,51.0
4,"Maksimenkov, Belgorodskaya Oblast', Russia",RS09,50.2503,39.0022,,,31.0
4,"Khatsun, Bryanskaya Oblast', Russia",RS10,53.1388,34.6374,,,32.0
4,"Mokrets, Kurskaya Oblast', Russia",RS41,51.3616,38.1313,,,46.0
4,"Lychak, Volgogradskaya Oblast', Russia",RS84,49.8469,43.79,,,34.0
4,"Kyzyltau, Bashkortostan, Russia",RS08,54.75,54.0167,,,2.0
4,"Vinograd, Novosibirskaya Oblast', Russia",RS53,54.0183,82.8764,,,54.0
4,"Teploe, Lipetskaya Oblast', Russia",RS43,53.2191,38.8915,,,48.0
4,"Kam Ling, 92, Russia",RS92,60.55,167.817,,,41.0
4,"Valdas, Leningradskaya Oblast', Russia",RS42,59.8534,33.2802,,,47.0
4,"Troitskoe, Kurskaya Oblast', Russia",RS41,51.1917,36.4818,,,46.0
4,"Lastik, Kirovskaya Oblast', Russia",RS33,57.3206,48.4601,,,43.0
4,"Melnitsa, Pskovskaya Oblast', Russia",RS60,56.1112,28.8203,,,60.0
4,"Pavshino, Moskovskaya Oblast', Russia",RS47,55.8167,37.35,,,50.0
4,"Grazhdanskaya, Krasnodarskiy Kray, Russia",RS38,45.6348,39.8948,,,23.0
4,"Lantar, Khabarovskiy Kray, Russia",RS30,56.1333,137.567,,,27.0
4,"Balkany, Chelyabinskaya Oblast', Russia",RS13,53.4386,59.6061,,,74.0
4,"Surena, Tambovskaya Oblast', Russia",RS72,52.7875,40.6046,,,68.0
4,"Korpisalo, Leningradskaya Oblast', Russia",RS42,59.4715,29.9338,,,47.0
4,"Tikhoretskaya, Krasnodarskiy Kray, Russia",RS38,45.8485,40.1218,661.0,0.8437797462622911,23.0
4,"Pova, Vologodskaya Oblast', Russia",RS85,59.781,39.7033,,,35.0
4,"Shamanka, Irkutskaya Oblast', Russia",RS20,53.1264,105.599,,,38.0
4,"Chelobityevo, Moskovskaya Oblast', Russia",RS47,55.9058,37.6722,,,50.0
4,"Lyapis, Nizhegorodskaya Oblast', Russia",RS51,55.8762,44.4783,,,52.0
4,"Khura, Khabarovskiy Kray, Russia",RS30,50.413,137.216,,,27.0
4,"Shutka, Rsja, Russia",RSJA,45.35,148.653,,,65.0
4,"Chashnitsy, Yaroslavskaya Oblast', Russia",RS88,56.9443,39.388,,,76.0
4,"Novo Sloboda, Ul'yanovskaya Oblast', Russia",RS81,53.9404,48.7714,,,73.0
4,"Rechnoy, Sverdlovskaya Oblast', Russia",RS71,56.8333,60.6167,,,66.0
4,"Glukhovka, Primorskiy Kray, Russia",RS59,43.7614,132.099,,,25.0
4,"Volosovo, Leningradskaya Oblast', Russia",RS42,59.7,29.75,,,47.0
4,"Torkin, Bryanskaya Oblast', Russia",RS10,52.5007,33.3661,,,32.0
4,"Tartas, Novosibirskaya Oblast', Russia",RS53,55.6188,76.7338,,,54.0
4,"Otolovo, Tverskaya Oblast', Russia",RS77,56.8914,32.2022,,,69.0
4,"Shiresh, Buryatiya, Russia",RS11,51.3923,102.556,,,3.0
4,"Emor On, Khabarovskiy Kray, Russia",RS30,49.5835,136.561,,,27.0
4,"Zubrovka, Kaluzhskaya Oblast', Russia",RS25,54.4596,34.4363,,,40.0
4,"Dubosekovo, Moskovskaya Oblast', Russia",RS47,55.9482,35.8411,,,50.0
4,"Oskolki, Kirovskaya Oblast', Russia",RS33,57.9898,49.4257,,,43.0
4,"Tavrovo, Smolenskaya Oblast', Russia",RS69,55.597,32.3945,,,67.0
4,"Kostova, Nizhegorodskaya Oblast', Russia",RS51,56.1473,44.1979,,,52.0
4,"Emmauss, Tverskaya Oblast', Russia",RS77,56.7805,36.115,,,69.0
4,"Osvobozhdeniye, Lipetskaya Oblast', Russia",RS43,52.2729,38.7808,,,48.0
4,"Klintsovo, Yaroslavskaya Oblast', Russia",RS88,57.8511,40.1242,,,76.0
4,"Yazeva, Kurganskaya Oblast', Russia",RS40,54.8786,64.9158,,,45.0
4,"Vvedenskaya Gotnya, Belgorodskaya Oblast', Russia",RS09,50.737,35.8992,,,31.0
4,"Nechaevka, Lipetskaya Oblast', Russia",RS43,52.488,38.9721,,,48.0
4,"Gerasimova, Irkutskaya Oblast', Russia",RS20,53.002,102.785,,,38.0
4,"Vishera, Sverdlovskaya Oblast', Russia",RS71,60.2167,60.45,,,66.0
4,"Iskor, Permskiy Kray, Russia",RS90,60.6525,56.7054,,,59.0
4,"Vilgort, Komi, Russia",RS34,64.0605,46.9978,,,11.0
4,"Kamgort, Permskiy Kray, Russia",RS90,60.5836,56.4996,,,59.0
4,"Pokcha, Permskiy Kray, Russia",RS90,60.4508,56.4581,,,59.0
4,"Kletnya, Bryanskaya Oblast', Russia",RS10,53.3897,33.2171,969.0,0.46653092618175285,32.0
4,"Dulova, Kaluzhskaya Oblast', Russia",RS25,54.1525,34.6677,,,40.0
4,"Muzhinovo, Bryanskaya Oblast', Russia",RS10,53.2536,33.2628,,,32.0
5,"Kalmykiya, Kalmykiya, Russia",RS24,46.5,45.5,,,8.0
4,"Simna, Primorskiy Kray, Russia",RS59,43.5833,135.217,,,25.0
4,"Ochi No, Novgorodskaya Oblast', Russia",RS52,58.6512,30.7374,,,53.0
4,"Sosnogorsk, Komi, Russia",RS34,63.6023,53.8818,236.0,2.797937227138786,11.0
4,"Nekislitsa, Bryanskaya Oblast', Russia",RS10,51.8665,34.3709,,,32.0
4,"Postnikovo, Orlovskaya Oblast', Russia",RS56,53.0524,35.6971,,,57.0
4,"Ternay, Primorskiy Kray, Russia",RS59,45.0503,136.609,,,25.0
4,"Port Kavkaz, Krasnodarskiy Kray, Russia",RS38,45.3398,36.6699,,,23.0
4,"Mandrin, Khabarovskiy Kray, Russia",RS30,61.45,139.6,,,27.0
4,"Molodoy, Tverskaya Oblast', Russia",RS77,56.4281,33.6033,,,69.0
4,"Kasara, Arkhangel'skaya Oblast', Russia",RS06,62.1386,40.9292,,,29.0
4,"Chatra, Tatarstan, Russia",RS73,54.5694,53.2215,,,16.0
4,"Krotova, Novosibirskaya Oblast', Russia",RS53,54.7692,79.4635,,,54.0
4,"Dunayka, Belgorodskaya Oblast', Russia",RS09,50.5479,35.5398,,,31.0
4,"Volgodon, Rostovskaya Oblast', Russia",RS61,46.1996,41.2429,,,61.0
4,"Ferapont, Kostromskaya Oblast', Russia",RS37,58.7681,41.335,,,44.0
4,"Blinde, Russia (General), Russia",RS00,54.5886,22.2156,,,91.0
4,"Suvorovtsy, Kostromskaya Oblast', Russia",RS37,58.9931,46.238,,,44.0
4,"Berendeyevo, Kostromskaya Oblast', Russia",RS37,57.5093,40.9681,,,44.0
4,"Mendeleyevsk, Tatarstan, Russia",RS73,55.9082,52.2905,382.0,2.5221627346320497,16.0
4,"Zharkoye, Ryazanskaya Oblast', Russia",RS62,53.9145,40.1353,,,62.0
4,"Bylym, Kabardino-Balkariya, Russia",RS22,43.465,43.0389,,,7.0
4,"Staraya Guta, Bryanskaya Oblast', Russia",RS10,52.8192,32.5335,,,32.0
4,"Nizhnespasskoye, Yevreyskaya Avtonomnaya Oblast', Russia",RS89,48.4379,134.529,,,79.0
4,"Potochino, Moskovskaya Oblast', Russia",RS47,55.8987,38.9849,,,50.0
4,"Kolpachki, Volgogradskaya Oblast', Russia",RS84,48.6087,43.6141,,,34.0
4,"Tolochino, Tverskaya Oblast', Russia",RS77,56.6903,33.212,,,69.0
4,"Val-D, Permskiy Kray, Russia",RS90,59.3783,55.3831,,,59.0
4,"Kameno, Pskovskaya Oblast', Russia",RS60,56.6559,29.1084,,,60.0
4,"Sonye, Khabarovskiy Kray, Russia",RS30,47.5333,139.1,,,27.0
4,"Varvarinskoye, Buryatiya, Russia",RS11,54.3167,112.35,,,3.0
4,"Yershovo, Smolenskaya Oblast', Russia",RS69,55.5681,34.1384,,,67.0
4,"Batkov, Saratovskaya Oblast', Russia",RS67,50.8667,48.0833,,,64.0
4,"Livny, Orlovskaya Oblast', Russia",RS56,52.4253,37.6069,1708.0,0.43062272514484845,57.0
4,"Kara-Bulak, Astrakhanskaya Oblast', Russia",RS07,46.0579,47.5704,,,30.0
4,"Karya, Khanty-Mansiyskiy Avtonomnyy Okrug, Russia",RS32,62.3861,62.4553,,,86.0
4,"Tulovo, Tverskaya Oblast', Russia",RS77,57.4517,37.379,,,69.0
4,"Tebza, Kostromskaya Oblast', Russia",RS37,58.1734,42.1409,,,44.0
4,"Kazachinskoye, Irkutskaya Oblast', Russia",RS20,56.2667,107.58,1151.0,0.9688755996046292,38.0
4,"Kirenga, Irkutskaya Oblast', Russia",RS20,57.7706,108.1,1154.0,1.1589941457486064,38.0
4,"Dukhova, Pskovskaya Oblast', Russia",RS60,57.3056,28.4637,,,60.0
4,"Uptala, Tomskaya Oblast', Russia",RS75,56.4678,84.3172,,,70.0
4,"Kodun, Buryatiya, Russia",RS11,51.8767,110.675,,,3.0
4,"Rekon, Novgorodskaya Oblast', Russia",RS52,59.2833,33.1667,,,53.0
4,"Rovny, Orlovskaya Oblast', Russia",RS56,53.2818,36.8911,,,57.0
4,"Mashinostroitel, Moskovskaya Oblast', Russia",RS47,55.7998,38.4544,,,50.0
4,"Rogalik, Rostovskaya Oblast', Russia",RS61,48.9292,40.0543,,,61.0
4,"Vladykino, Pskovskaya Oblast', Russia",RS60,57.0813,28.5851,,,60.0
4,"Lazaret, Samarskaya Oblast', Russia",RS65,52.5144,49.0265,,,63.0
4,"Istoki, Penzenskaya Oblast', Russia",RS57,53.3799,44.5869,,,58.0
4,"Cher Tan, Bashkortostan, Russia",RS08,55.7279,57.8992,,,2.0
4,"Zinten, Kaliningradskaya Oblast', Russia",RS23,54.4448,20.2926,,,39.0
4,"Yaks, Bashkortostan, Russia",RS08,56.194,54.991,,,2.0
4,"Suzuya, Sakhalinskaya Oblast', Russia",RS64,47.05,142.683,,,65.0
4,"Evenka, Sakha (Yakutiya), Russia",RS63,59.47,121.317,,,14.0
4,"Purga, Permskiy Kray, Russia",RS90,57.86,54.5481,,,59.0
4,"Sylke, Tomskaya Oblast', Russia",RS75,58.9414,80.1181,,,70.0
4,"Agafonova, Pskovskaya Oblast', Russia",RS60,56.5,30.3167,,,60.0
4,"Stary Gorod, Mordoviya, Russia",RS46,54.6797,43.1041,,,13.0
4,"Raygorodka, Amurskaya Oblast', Russia",RS05,50.8914,129.319,,,28.0
4,"Margala, Altay, Russia",RS03,50.25,86.0167,,,4.0
4,"Uver, Novgorodskaya Oblast', Russia",RS52,58.2049,34.4778,,,53.0
4,"Poshekhonye, Yaroslavskaya Oblast', Russia",RS88,58.4993,39.1353,2332.0,1.0047185387310997,76.0
4,"Stroiteley, Murmanskaya Oblast', Russia",RS49,68.9363,33.116,,,51.0
4,"Ismagilova, Bashkortostan, Russia",RS08,54.2,54.15,,,2.0
4,"Novo Nezhino, Primorskiy Kray, Russia",RS59,43.2186,132.604,,,25.0
4,"Yakimovo, Kostromskaya Oblast', Russia",RS37,57.4622,40.8596,,,44.0
4,"Rovinka, Lipetskaya Oblast', Russia",RS43,51.9553,40.5258,,,48.0
4,"Festivalnyy, Khabarovskiy Kray, Russia",RS30,50.6861,136.45,,,27.0
4,"Vados, Tverskaya Oblast', Russia",RS77,56.8744,30.9539,,,69.0
4,"Yelshanka, Orenburgskaya Oblast', Russia",RS55,51.6465,51.6465,,,56.0
4,"Vyazma-Bryanskaya, Smolenskaya Oblast', Russia",RS69,55.1644,34.3691,2047.0,2.8947102013636177,67.0
4,"Kasat-Kina, Permskiy Kray, Russia",RS90,59.2463,54.1337,,,59.0
4,"Zaozerny, Krasnoyarskiy Kray, Russia",RS39,55.9618,94.707,714.0,0.4062971458624732,24.0
4,"Azet, Tyva, Russia",RS79,51.95,93.5667,,,17.0
4,"Mamino, Kirovskaya Oblast', Russia",RS33,58.3067,49.5055,,,43.0
4,"Yanovka, Tul'skaya Oblast', Russia",RS76,53.1242,38.4007,,,71.0
4,"Kumala, Kareliya, Russia",RS28,61.4333,30.15,,,10.0
4,"Vasyutin, Kurskaya Oblast', Russia",RS41,51.8157,37.5181,,,46.0
4,"Zverinogolovskoye, Kurganskaya Oblast', Russia",RS40,54.4586,64.8542,1339.0,0.1567897556687507,45.0
4,"Borisogleb, Smolenskaya Oblast', Russia",RS69,55.749,34.4773,,,67.0
4,"Shoba, Mariy-El, Russia",RS45,56.6099,49.7703,,,12.0
4,"Tobolka, Novosibirskaya Oblast', Russia",RS53,55.8625,80.0481,,,54.0
4,"Suvorova, Yaroslavskaya Oblast', Russia",RS88,57.7614,40.1907,,,76.0
4,"Kitina, Khabarovskiy Kray, Russia",RS30,49.7667,135.433,,,27.0
4,"Kaminskoye, Kurganskaya Oblast', Russia",RS40,54.7828,64.9694,,,45.0
4,"Kizilskoye, Chelyabinskaya Oblast', Russia",RS13,52.7233,58.8989,2302.0,0.42995840049076156,74.0
4,"Kazak-Kocherdyk, Kurganskaya Oblast', Russia",RS40,54.3603,64.2389,,,45.0
4,"Dikan, Amurskaya Oblast', Russia",RS05,49.7779,129.926,,,28.0
4,"Kitaygorod, Primorskiy Kray, Russia",RS59,45.7094,134.123,,,25.0
4,"Skorodum, Tyumenskaya Oblast', Russia",RS78,56.5381,65.7309,,,72.0
4,"Yushi No, Smolenskaya Oblast', Russia",RS69,55.8606,34.2938,,,67.0
4,"Karayeva, Bashkortostan, Russia",RS08,52.6333,55.4667,,,2.0
4,"Apanasovka, Kurskaya Oblast', Russia",RS41,51.2927,34.8562,,,46.0
4,"Belve, Tul'skaya Oblast', Russia",RS76,53.8119,36.1319,,,71.0
4,"Borovka, Kirovskaya Oblast', Russia",RS33,58.9167,51.1833,,,43.0
4,"Holysea, Russia (General), Russia",RS00,54.0,109.0,,,91.0
4,"Gurskiy, Krasnoyarskiy Kray, Russia",RS39,56.8872,89.3269,,,24.0
4,"Altynay, Sverdlovskaya Oblast', Russia",RS71,57.0689,61.987,,,66.0
4,"Kaspiyskiy, Kalmykiya, Russia",RS24,45.3929,47.3707,,,8.0
4,"Shtormovoye, Sakhalinskaya Oblast', Russia",RS64,46.5167,141.817,,,65.0
4,"Bratskaya, Novgorodskaya Oblast', Russia",RS52,58.2765,32.9874,,,53.0
4,"Cronstadt, Sankt-Peterburg, Russia",RS66,59.9954,29.7667,,,47.0
4,"Kasango, Krasnoyarskiy Kray, Russia",RS39,55.6369,89.4225,,,24.0
4,"Giblitsy, Ryazanskaya Oblast', Russia",RS62,54.9664,41.0953,,,62.0
4,"Khoren, Zabaykal'skiy Kray, Russia",RS93,53.1446,117.091,,,75.0
4,"Konyushkovo Bay, Primorskiy Kray, Russia",RS59,42.8667,132.367,,,25.0
4,"Elburz, Russia (General), Russia",RS00,43.3531,42.4352,,,91.0
4,"Okolotok, Tatarstan, Russia",RS73,55.5716,50.6429,,,16.0
4,"Yashina, Smolenskaya Oblast', Russia",RS69,55.0586,31.7668,,,67.0
4,"Tanti, Dagestan, Russia",RS17,42.1654,47.3153,,,5.0
4,"Novoorsk, Orenburgskaya Oblast', Russia",RS55,51.3621,59.0323,1692.0,3.8739363892609773,56.0
4,"Osetrovo, Nizhegorodskaya Oblast', Russia",RS51,57.7776,45.4273,,,52.0
4,"Lyakhovo, Tverskaya Oblast', Russia",RS77,57.4887,37.5138,,,69.0
4,"Yemelyanov, Moskovskaya Oblast', Russia",RS47,55.7535,38.921,,,50.0
4,"Yuzhnosakhalinsk, Sakhalinskaya Oblast', Russia",RS64,46.9581,142.734,1953.0,0.5036069942924074,65.0
4,"Pereverzev, Stavropol'skiy Kray, Russia",RS70,45.3744,42.0567,,,26.0
4,"Baraba, Sverdlovskaya Oblast', Russia",RS71,56.75,61.7667,,,66.0
4,"Anba, Novosibirskaya Oblast', Russia",RS53,55.437,82.779,,,54.0
4,"Kasumkent, Dagestan, Russia",RS17,41.6772,48.146,147.0,0.49259621967933553,5.0
4,"Maray, Novosibirskaya Oblast', Russia",RS53,54.9789,84.2842,,,54.0
4,"Uskova, Kemerovskaya Oblast', Russia",RS29,54.1,87.3167,,,42.0
4,"Chkalovo, Saratovskaya Oblast', Russia",RS67,50.7266,47.0528,,,64.0
4,"Dvortsy, Amurskaya Oblast', Russia",RS05,53.6333,126.667,,,28.0
4,"Gabozero, Kareliya, Russia",RS28,61.6227,32.9624,,,10.0
4,"Tolma, Irkutskaya Oblast', Russia",RS20,54.05,105.467,,,38.0
4,"Zolotaya Gora, Krasnodarskiy Kray, Russia",RS38,44.6534,39.0925,,,23.0
4,"Is Polye, Tverskaya Oblast', Russia",RS77,56.8377,32.8981,,,69.0
4,"Surikova, Krasnoyarskiy Kray, Russia",RS39,56.9817,91.399,,,24.0
4,"Mrassu, Kemerovskaya Oblast', Russia",RS29,52.2981,88.5208,,,42.0
4,"Kurort, Yevreyskaya Avtonomnaya Oblast', Russia",RS89,49.2084,131.639,,,79.0
4,"Nety, Zabaykal'skiy Kray, Russia",RS93,54.4294,121.581,,,75.0
5,"Krasnodarkray, Krasnodarskiy Kray, Russia",RS38,45.0,40.0,,,23.0
4,"Blagodat, Kurskaya Oblast', Russia",RS41,51.7724,38.19,,,46.0
4,"Kremenskoy, Rostovskaya Oblast', Russia",RS61,47.8188,41.1158,,,61.0
4,"Ujin, Sakhalinskaya Oblast', Russia",RS64,46.55,141.817,,,65.0
4,"Malye Karmakuly, Arkhangel'skaya Oblast', Russia",RS06,72.3755,52.7189,,,29.0
4,"Baturino, Kurskaya Oblast', Russia",RS41,51.9833,36.5,,,46.0
4,"Vershinino, Nizhegorodskaya Oblast', Russia",RS51,55.7445,44.739,,,52.0
4,"Smelovka, Ryazanskaya Oblast', Russia",RS62,54.0691,41.8353,,,62.0
4,"Vishka, Yaroslavskaya Oblast', Russia",RS88,56.7525,39.3173,,,76.0
4,"Golodai Island, Sankt-Peterburg, Russia",RS66,59.9528,30.2356,,,47.0
4,"Onchan, Tyva, Russia",RS79,52.9667,95.3,,,17.0
4,"Brui, Pskovskaya Oblast', Russia",RS60,55.8402,30.5063,,,60.0
4,"Akimovskoye, Tverskaya Oblast', Russia",RS77,56.9417,36.8877,,,69.0
4,"Molchanka, Ryazanskaya Oblast', Russia",RS62,53.7885,40.3113,,,62.0
4,"Torbeyevo, Smolenskaya Oblast', Russia",RS69,55.4817,34.2451,,,67.0
4,"Arsk, Tatarstan, Russia",RS73,56.0915,49.8778,364.0,0.06827638537482132,16.0
4,"Tilichiki, 92, Russia",RS92,60.4667,166.1,619.0,4.795434940663833,41.0
4,"Zashulan, Zabaykal'skiy Kray, Russia",RS93,50.5379,110.069,,,75.0
4,"Urala, Dagestan, Russia",RS17,42.4244,46.805,,,5.0
4,"To Karen, Irkutskaya Oblast', Russia",RS20,54.65,101.433,,,38.0
4,"Rogozna, Tambovskaya Oblast', Russia",RS72,52.3503,40.7115,,,68.0
4,"Nysha, Udmurtiya, Russia",RS80,56.3519,52.0889,,,18.0
4,"Ursk, Kemerovskaya Oblast', Russia",RS29,54.45,85.4,,,42.0
4,"Beregovoye, Primorskiy Kray, Russia",RS59,43.1802,131.715,,,25.0
4,"Shalya, Sverdlovskaya Oblast', Russia",RS71,57.2471,58.7298,2037.0,0.10674394002882706,66.0
4,"Biarmia, Russia (General), Russia",RS00,65.0,42.0,,,91.0
4,"Blagoveshchenskaya, Krasnodarskiy Kray, Russia",RS38,45.0562,37.1384,,,23.0
4,"Uzunovo, Moskovskaya Oblast', Russia",RS47,54.5361,38.7981,,,50.0
4,"Povodye, Novgorodskaya Oblast', Russia",RS52,58.4568,31.7739,,,53.0
4,"Dachnaya, Irkutskaya Oblast', Russia",RS20,52.1269,104.073,,,38.0
4,"Chasy, Penzenskaya Oblast', Russia",RS57,53.3607,46.7357,,,58.0
4,"Hakui, Sakhalinskaya Oblast', Russia",RS64,49.0333,142.017,,,65.0
4,"Kuklev, Altay, Russia",RS03,50.3814,85.2534,,,4.0
4,"Kurai, Altay, Russia",RS03,50.25,87.9167,,,4.0
4,"Kvachi, Udmurtiya, Russia",RS80,56.7381,51.4289,,,18.0
4,"Sikachi-Alyan, Khabarovskiy Kray, Russia",RS30,48.7503,135.641,,,27.0
4,"Istobnoye, Lipetskaya Oblast', Russia",RS43,53.1472,39.9639,,,48.0
4,"Kardymovo, Permskiy Kray, Russia",RS90,57.4185,57.3397,,,59.0
4,"Kovylino, Belgorodskaya Oblast', Russia",RS09,50.9368,37.6518,,,31.0
4,"Vygonichi, Bryanskaya Oblast', Russia",RS10,53.0985,34.0673,961.0,0.10254894183773886,32.0
4,"Bilyarsk, Tatarstan, Russia",RS73,54.9836,50.3867,,,16.0
4,"Istobnoe, Belgorodskaya Oblast', Russia",RS09,51.1144,37.3314,,,31.0
4,"Belogorodka, Kemerovskaya Oblast', Russia",RS29,56.288,87.1695,,,42.0
4,"Tokareva, Sverdlovskaya Oblast', Russia",RS71,56.6159,60.95,,,66.0
4,"Veresovka, Sverdlovskaya Oblast', Russia",RS71,56.952,59.7535,,,66.0
4,"Nemchinovka, Tatarstan, Russia",RS73,54.8751,48.3822,,,16.0
4,"Kholmskaya, Krasnodarskiy Kray, Russia",RS38,44.8469,38.385,,,23.0
4,"Poronaysk, Sakhalinskaya Oblast', Russia",RS64,49.2167,143.117,1963.0,1.2474957354243519,65.0
4,"Leninets, Moskovskaya Oblast', Russia",RS47,55.9333,37.8333,,,50.0
4,"Senkovo, Tverskaya Oblast', Russia",RS77,56.0444,32.9289,,,69.0
4,"Gekhi-Chu, Checheno-Ingushskaya Avtonomnaya Sovetskaya Sotsialistichesk, Russia",RS12,43.1035,45.4097,,,20.0
4,"Lozhkin, Altayskiy Kray, Russia",RS04,52.8328,85.4453,,,22.0
4,"Dvoryanskiy, Novosibirskaya Oblast', Russia",RS53,54.8216,81.1946,,,54.0
4,"Deniki, Permskiy Kray, Russia",RS90,58.5468,55.5838,,,59.0
4,"Ukrainskoye, Krasnodarskiy Kray, Russia",RS38,44.8439,40.9697,,,23.0
4,"Dobrovolskoye, Orenburgskaya Oblast', Russia",RS55,51.6825,59.2692,,,56.0
4,"Sterzhen, Kurskaya Oblast', Russia",RS41,51.8167,34.6833,,,46.0
4,"Puya, Arkhangel'skaya Oblast', Russia",RS06,61.7281,42.5469,,,29.0
4,"Severobaykalsk, Buryatiya, Russia",RS11,55.65,109.317,85.0,1.9504451897498498,3.0
4,"Tatva, Chechnya And Ingushetiya, Russia",RSCI,43.2353,45.4003,,,20.0
4,"Trud-I-Znaniye, Kurganskaya Oblast', Russia",RS40,54.4653,64.7375,,,45.0
4,"Novaya Slobodka, Orlovskaya Oblast', Russia",RS56,52.7747,36.6313,,,57.0
4,"Yartsevo, Novgorodskaya Oblast', Russia",RS52,57.8969,31.8049,,,53.0
4,"Abatskoye, Tyumenskaya Oblast', Russia",RS78,56.2875,70.4555,2195.0,0.22809866471465026,72.0
4,"Razdorovo, Smolenskaya Oblast', Russia",RS69,54.6726,32.2016,,,67.0
4,"Smolenskiy, Orenburgskaya Oblast', Russia",RS55,50.7831,60.2683,,,56.0
4,"Kandala, Krasnoyarskiy Kray, Russia",RS39,55.3976,95.2663,,,24.0
4,"Nosok, Taymyrskiy (Dolgano-Nenetskiy) Avtonomnyy Okrug, Russia",RS74,70.1642,82.3414,,,24.0
4,"Karuza, Pskovskaya Oblast', Russia",RS60,57.2,29.5,,,60.0
4,"Metallostroy, Sankt-Peterburg, Russia",RS66,59.8008,30.5478,,,47.0
4,"Komsomolskoe, Chechnya And Ingushetiya, Russia",RSCI,43.0561,45.6067,,,20.0
4,"Sumarokov, Belgorodskaya Oblast', Russia",RS09,51.1544,37.8738,,,31.0
4,"Svetly, Irkutskaya Oblast', Russia",RS20,58.4342,115.959,,,38.0
4,"Lepekha, Novgorodskaya Oblast', Russia",RS52,57.4388,32.0392,,,53.0
4,"Oklad, Pskovskaya Oblast', Russia",RS60,57.7146,28.6526,,,60.0
4,"Ingara, Altayskiy Kray, Russia",RS04,53.9692,85.4342,,,22.0
4,"Heiss Island, Arkhangel'skaya Oblast', Russia",RS06,80.5767,57.6697,,,29.0
4,"Kurzan, Irkutskaya Oblast', Russia",RS20,54.6142,100.209,,,38.0
4,"Shakhin, Astrakhanskaya Oblast', Russia",RS07,47.8995,46.4051,,,30.0
4,"Vetrova, Orlovskaya Oblast', Russia",RS56,53.4107,35.7978,,,57.0
4,"Uksyanskoye, Kurganskaya Oblast', Russia",RS40,55.94,63.01,,,45.0
4,"Filipenka, Rostovskaya Oblast', Russia",RS61,48.3596,40.2131,,,61.0
4,"Mitinskoye, Vologodskaya Oblast', Russia",RS85,59.2986,38.1803,,,35.0
4,"Peshnevo, Tyumenskaya Oblast', Russia",RS78,55.557,69.4121,,,72.0
4,"Dvoryaninovo, Tul'skaya Oblast', Russia",RS76,54.7004,37.5522,,,71.0
4,"Gornostay, Primorskiy Kray, Russia",RS59,43.1375,132.025,,,25.0
4,"Tadiyal, Dagestan, Russia",RS17,42.111,46.4823,,,5.0
4,"Udachnoye, Krasnoyarskiy Kray, Russia",RS39,56.6794,90.3766,,,24.0
4,"Pskova, Pskovskaya Oblast', Russia",RS60,57.8262,28.3261,1783.0,1.094367619874094,60.0
4,"Suksun, Permskiy Kray, Russia",RS90,57.1431,57.3949,760.0,0.36634776739169095,59.0
4,"Sakson, Tatarstan, Russia",RS73,54.9667,49.3333,,,16.0
4,"Lyudinovo, Kaluzhskaya Oblast', Russia",RS25,53.8664,34.4478,1211.0,2.5605870499712804,40.0
4,"Sorka, Arkhangel'skaya Oblast', Russia",RS06,61.6876,41.1802,,,29.0
4,"Slavyanskiy, Krasnodarskiy Kray, Russia",RS38,44.6944,40.515,,,23.0
4,"Naberezhnoye, Lipetskaya Oblast', Russia",RS43,53.42,39.6167,,,48.0
4,"Razdor, Astrakhanskaya Oblast', Russia",RS07,46.071,48.22,,,30.0
4,"Arichi, Severnaya Osetiya-Alaniya, Russia",RS68,42.9333,44.9167,,,15.0
4,"Karatas, Khakasiya, Russia",RS31,54.1358,89.4861,,,19.0
4,"Navras, Nizhegorodskaya Oblast', Russia",RS51,57.3906,44.7081,,,52.0
4,"Zavetnoye, Stavropol'skiy Kray, Russia",RS70,44.7492,41.5995,,,26.0
4,"Troitskii, Chuvashiya, Russia",RS16,54.9807,46.2787,,,21.0
4,"Tobina, Leningradskaya Oblast', Russia",RS42,59.8641,31.8709,,,47.0
4,"Yedoma, Arkhangel'skaya Oblast', Russia",RS06,63.9279,44.5556,,,29.0
4,"Saranka, Zabaykal'skiy Kray, Russia",RS93,51.5833,111.167,,,75.0
4,"Palangi, Sakhalinskaya Oblast', Russia",RS64,51.4,143.2,,,65.0
4,"Shagirt, Permskiy Kray, Russia",RS90,56.4522,55.2003,,,59.0
4,"Rodnichok, Ul'yanovskaya Oblast', Russia",RS81,54.0442,48.1998,,,73.0
4,"Shakovka, Tambovskaya Oblast', Russia",RS72,52.4617,41.4981,,,68.0
4,"Karachayevsk, Karachayevo-Cherkesiya, Russia",RS27,43.774,41.9142,195.0,0.3247305621428941,9.0
4,"Akaki, Chukotskiy Avtonomnyy Okrug, Russia",RS15,65.5,171.167,,,87.0
4,"Chermet, Sverdlovskaya Oblast', Russia",RS71,56.7784,60.583,,,66.0
4,"Kutuzovskaya, Moskovskaya Oblast', Russia",RS47,55.4053,37.5506,,,50.0
4,"Kosino, Novgorodskaya Oblast', Russia",RS52,57.95,31.3,,,53.0
4,"Ayachi, Amurskaya Oblast', Russia",RS05,54.0807,121.683,,,28.0
4,"Agapa, Taymyrskiy (Dolgano-Nenetskiy) Avtonomnyy Okrug, Russia",RS74,71.45,89.25,,,24.0
4,"Kurne, Kareliya, Russia",RS28,61.5833,30.6167,,,10.0
4,"Narysh, Dagestan, Russia",RS17,43.5269,46.6947,,,5.0
4,"Bolshiye, Khanty-Mansiyskiy Avtonomnyy Okrug, Russia",RS32,62.0333,66.9,,,86.0
4,"Lenini, Kemerovskaya Oblast', Russia",RS29,56.0264,85.0644,,,42.0
4,"Eyim, Sakha (Yakutiya), Russia",RS63,63.6094,123.6,,,14.0
4,"Duple, Tverskaya Oblast', Russia",RS77,57.5066,33.3332,,,69.0
4,"Staraya Pokrovka, Voronezhskaya Oblast', Russia",RS86,51.0105,39.4206,,,36.0
4,"Orjonikidze, Severnaya Osetiya-Alaniya, Russia",RS68,43.0367,44.6678,,,15.0
4,"Dvorets, Permskiy Kray, Russia",RS90,58.0165,54.941,,,59.0
4,"Chasova, Sverdlovskaya Oblast', Russia",RS71,56.4814,61.5706,,,66.0
4,"Antrop, Russia (General), Russia",RS00,52.9486,87.0834,,,91.0
4,"Shmidta, Samarskaya Oblast', Russia",RS65,53.0423,49.7761,,,63.0
4,"Dezhneva, Yevreyskaya Avtonomnaya Oblast', Russia",RS89,48.5319,134.691,,,79.0
4,"Listvyanskiy, Novosibirskaya Oblast', Russia",RS53,54.1493,83.7202,,,54.0
4,"Mukhanov, Ryazanskaya Oblast', Russia",RS62,54.5561,42.6436,,,62.0
4,"Kungar, Zabaykal'skiy Kray, Russia",RS93,51.7996,118.437,,,75.0
4,"Glazunovka, Chelyabinskaya Oblast', Russia",RS13,54.3225,59.9139,,,74.0
4,"Lednevo, Leningradskaya Oblast', Russia",RS42,60.0703,31.5287,,,47.0
4,"Ponyry, Kurskaya Oblast', Russia",RS41,52.3175,36.3026,1381.0,0.19392900606909103,46.0
4,"Spasov, Krasnodarskiy Kray, Russia",RS38,44.4411,39.6624,,,23.0
4,"Tsyganskiy, Stavropol'skiy Kray, Russia",RS70,44.25,43.0667,,,26.0
4,"Lambino, Kareliya, Russia",RS28,65.091,34.5872,,,10.0
4,"Kamysh, Tatarstan, Russia",RS73,55.7399,49.4864,,,16.0
4,"Chashi, Kurganskaya Oblast', Russia",RS40,55.8986,64.8772,,,45.0
4,"Uvelka, Chelyabinskaya Oblast', Russia",RS13,54.5667,60.4,,,74.0
4,"Yegna, Tverskaya Oblast', Russia",RS77,58.6819,36.8895,,,69.0
4,"Gassi, Khabarovskiy Kray, Russia",RS30,49.1239,136.487,,,27.0
4,"Aleksandrovskaya, Krasnoyarskiy Kray, Russia",RS39,57.2333,91.3,,,24.0
4,"Mitrova, Vologodskaya Oblast', Russia",RS85,61.2746,36.6354,,,35.0
4,"Protivnik, Magadanskaya Oblast', Russia",RS44,63.7,149.15,,,49.0
4,"Tomari, Rsja, Russia",RSJA,43.7361,145.519,,,65.0
4,"Novaya Sloboda, Arkhangel'skaya Oblast', Russia",RS06,65.8622,44.2251,,,29.0
4,"Pro Past, Yaroslavskaya Oblast', Russia",RS88,58.0104,38.253,,,76.0
4,"Kuryachiy, Rostovskaya Oblast', Russia",RS61,46.8014,42.8155,,,61.0
4,"Lazarevo, Kostromskaya Oblast', Russia",RS37,58.8747,43.3949,,,44.0
4,"Loty, Smolenskaya Oblast', Russia",RS69,55.3875,33.9556,,,67.0
4,"Orekhovshchina, Arkhangel'skaya Oblast', Russia",RS06,64.9667,43.5167,,,29.0
4,"Varshavka, Bashkortostan, Russia",RS08,54.3795,56.1107,,,2.0
4,"Feoktistova, Tomskaya Oblast', Russia",RS75,56.9662,86.2042,,,70.0
4,"Semenovich, Novosibirskaya Oblast', Russia",RS53,54.3,79.4,,,54.0
4,"Teplitz Bay, Arkhangel'skaya Oblast', Russia",RS06,81.7635,57.814,,,29.0
4,"Kanuk, Krasnodarskiy Kray, Russia",RS38,44.2836,40.7662,,,23.0
4,"Viny, Novgorodskaya Oblast', Russia",RS52,58.3607,32.2195,,,53.0
4,"Sinyushka, Altayskiy Kray, Russia",RS04,51.25,82.65,,,22.0
4,"Tuani, Khabarovskiy Kray, Russia",RS30,49.5377,140.028,,,27.0
4,"Novaya Stanitsa, Omskaya Oblast', Russia",RS54,54.8343,73.3797,,,55.0
4,"Rzhanitsa, Bryanskaya Oblast', Russia",RS10,53.4284,33.923,,,32.0
4,"Konevets, Kirovskaya Oblast', Russia",RS33,60.7954,47.5571,,,43.0
4,"Novosadovoe, Chechnya And Ingushetiya, Russia",RSCI,43.1635,46.0012,,,20.0
4,"Vikhorevka, Irkutskaya Oblast', Russia",RS20,56.1201,101.164,,,38.0
4,"Dolgovskoye, Kurganskaya Oblast', Russia",RS40,54.9719,64.1431,,,45.0
4,"Paren, 92, Russia",RS92,62.4667,163.083,,,41.0
4,"Glubok, Zabaykal'skiy Kray, Russia",RS93,53.7345,119.543,,,75.0
4,"Kisar, Khanty-Mansiyskiy Avtonomnyy Okrug, Russia",RS32,59.95,65.5167,,,86.0
4,"Blizna, Bryanskaya Oblast', Russia",RS10,52.8517,32.1797,,,32.0
4,"Avakha, Khabarovskiy Kray, Russia",RS30,50.6833,133.55,,,27.0
4,"Adycha, Sakha (Yakutiya), Russia",RS63,68.2167,134.85,,,14.0
4,"Petrakov, Rostovskaya Oblast', Russia",RS61,48.3003,41.4672,,,61.0
4,"Kori No, Tverskaya Oblast', Russia",RS77,57.7032,37.5623,,,69.0
4,"Terekhino, Tverskaya Oblast', Russia",RS77,57.3313,37.8703,,,69.0
4,"Sargol, Khabarovskiy Kray, Russia",RS30,51.2667,136.6,,,27.0
4,"Andreyevsk, Udmurtiya, Russia",RS80,57.6189,52.712,,,18.0
4,"Aleksandrovsk, Sakhalinskaya Oblast', Russia",RS64,50.8975,142.156,1954.0,0.22208618730642965,65.0
4,"Stary Bolshevik, Ivanovskaya Oblast', Russia",RS21,56.8833,40.6167,,,37.0
4,"Solovyevo, Novgorodskaya Oblast', Russia",RS52,57.9336,30.3431,,,53.0
4,"Many Sh, Permskiy Kray, Russia",RS90,56.4271,55.6797,,,59.0
4,"Keche, Sakha (Yakutiya), Russia",RS63,62.6167,124.867,,,14.0
4,"Zhergalan, Buryatiya, Russia",RS11,53.2167,111.85,,,3.0
4,"Khoroshevskaya, Arkhangel'skaya Oblast', Russia",RS06,61.5833,42.9333,,,29.0
4,"Kruglova, Krasnoyarskiy Kray, Russia",RS39,57.1667,94.5667,,,24.0
4,"Lovozerskoye, Murmanskaya Oblast', Russia",RS49,68.4333,35.3333,,,51.0
4,"Pankratovo, Tverskaya Oblast', Russia",RS77,57.4021,37.0702,,,69.0
4,"Utro, Tambovskaya Oblast', Russia",RS72,51.7575,42.0494,,,68.0
4,"Bakhireva, Amurskaya Oblast', Russia",RS05,50.0407,130.0,,,28.0
4,"Yurovka, Kurganskaya Oblast', Russia",RS40,56.0593,62.9638,,,45.0
4,"Rogozino, Moskovskaya Oblast', Russia",RS47,55.5367,37.1942,,,50.0
4,"Kislevka, Tambovskaya Oblast', Russia",RS72,53.1966,40.7922,,,68.0
4,"Dobrik, Bryanskaya Oblast', Russia",RS10,52.8986,32.4769,,,32.0
4,"Posna, Ivanovskaya Oblast', Russia",RS21,57.1746,41.5392,,,37.0
4,"Maruch, Karachayevo-Cherkesiya, Russia",RS27,43.9148,41.6988,,,9.0
4,"Svetoch, Rostovskaya Oblast', Russia",RS61,48.5535,41.788,,,61.0
4,"Rybki, Smolenskaya Oblast', Russia",RS69,55.1493,32.9804,,,67.0
4,"Churly, Kirovskaya Oblast', Russia",RS33,57.1449,51.0719,,,43.0
4,"Yady, Yamalo-Nenetskiy Avtonomnyy Okrug, Russia",RS87,67.05,72.0,,,89.0
4,"Verino, Tverskaya Oblast', Russia",RS77,56.977,36.8314,,,69.0
4,"Selyavnoye, Voronezhskaya Oblast', Russia",RS86,50.9873,39.3493,,,36.0
4,"Bekan, Severnaya Osetiya-Alaniya, Russia",RS68,43.2625,44.2642,,,15.0
4,"Novostroyevka-Pervaya, Belgorodskaya Oblast', Russia",RS09,50.4585,35.7235,,,31.0
4,"Kuroba, Evenkiyskiy Avtonomnyy Okrug, Russia",RS18,61.6797,92.7239,,,
4,"Desyatka, Tomskaya Oblast', Russia",RS75,57.679,85.5819,,,70.0
4,"Veseloy, Amurskaya Oblast', Russia",RS05,54.5833,124.583,,,28.0
4,"Zybino, Tul'skaya Oblast', Russia",RS76,54.4997,37.5194,,,71.0
4,"Kazatskoye, Belgorodskaya Oblast', Russia",RS09,50.6553,36.4541,,,31.0
4,"Oleynikovo, Volgogradskaya Oblast', Russia",RS84,50.5726,44.1576,,,34.0
4,"Gatishche, Lipetskaya Oblast', Russia",RS43,52.2153,37.9482,,,48.0
4,"Mat-Cha, Ryazanskaya Oblast', Russia",RS62,54.6329,42.3526,,,62.0
4,"Chezh, Permskiy Kray, Russia",RS90,59.4,55.405,,,59.0
4,"Artemovka, Tambovskaya Oblast', Russia",RS72,52.4435,41.2833,,,68.0
4,"Seredino, Novosibirskaya Oblast', Russia",RS53,55.7978,83.0795,,,54.0
4,"Pylina, Khanty-Mansiyskiy Avtonomnyy Okrug, Russia",RS32,61.0667,77.6167,,,86.0
4,"Pilnya, Mordoviya, Russia",RS46,54.5236,43.0027,,,13.0
4,"Pilna, Nizhegorodskaya Oblast', Russia",RS51,55.5539,45.9219,1564.0,0.19592311819052285,52.0
4,"Kuvshinova, Tverskaya Oblast', Russia",RS77,56.2786,32.1456,,,69.0
4,"Yeletskaya, Belgorodskaya Oblast', Russia",RS09,50.8517,37.773,,,31.0
4,"Gremyachinsk, Permskiy Kray, Russia",RS90,58.5603,57.851,740.0,0.7420617272158202,59.0
4,"Belausov, Krasnoyarskiy Kray, Russia",RS39,55.1346,95.8259,,,24.0
4,"Bel-Gorod, Belgorodskaya Oblast', Russia",RS09,50.6107,36.5802,931.0,1.75732794814079,31.0
4,"Amkan, Amurskaya Oblast', Russia",RS05,54.5172,129.351,,,28.0
4,"Sakva, Krasnodarskiy Kray, Russia",RS38,44.7906,39.7764,,,23.0
4,"Samofalovka, Kurskaya Oblast', Russia",RS41,52.0486,34.6474,,,46.0
4,"Tenei, Pskovskaya Oblast', Russia",RS60,57.4262,29.2474,,,60.0
4,"Chortov Most, Krasnodarskiy Kray, Russia",RS38,44.0094,39.4133,,,23.0
4,"Gatishchi, Tul'skaya Oblast', Russia",RS76,54.5661,37.0497,,,71.0
4,"Voybokalo, Leningradskaya Oblast', Russia",RS42,59.8819,31.8309,,,47.0
4,"Olkhovaya, Kostromskaya Oblast', Russia",RS37,58.75,42.6833,,,44.0
4,"Kharino, Novgorodskaya Oblast', Russia",RS52,57.7575,31.0449,,,53.0
4,"Ilinsky, Moskovskaya Oblast', Russia",RS47,55.5589,35.9222,,,50.0
4,"Dobryy, Kirovskaya Oblast', Russia",RS33,57.0723,47.3454,,,43.0
4,"Proletarsk, Bryanskaya Oblast', Russia",RS10,52.6038,32.9832,,,32.0
4,"Kazanskoye, Tul'skaya Oblast', Russia",RS76,53.4828,37.7372,,,71.0
4,"Vikulovo, Ryazanskaya Oblast', Russia",RS62,55.0743,40.9545,,,62.0
4,"Kulga, Tomskaya Oblast', Russia",RS75,57.2219,78.8175,,,70.0
4,"Rosental, Saratovskaya Oblast', Russia",RS67,51.098,47.1912,,,64.0
4,"Volzhsk, Mariy-El, Russia",RS45,55.8664,48.3594,270.0,0.3413584301510516,12.0
4,"Fiya, Dagestan, Russia",RS17,41.3561,47.5637,,,5.0
4,"Khvostov, Volgogradskaya Oblast', Russia",RS84,50.5035,41.5051,,,34.0
4,"Kashino, Kostromskaya Oblast', Russia",RS37,58.8489,46.5945,,,44.0
4,"Maslovka, Tambovskaya Oblast', Russia",RS72,52.6947,41.3257,,,68.0
4,"Volonter, Chuvashiya, Russia",RS16,55.4859,46.7871,,,21.0
4,"Tekovo, Leningradskaya Oblast', Russia",RS42,59.7667,33.9167,,,47.0
4,"Yeremka, Sverdlovskaya Oblast', Russia",RS71,58.2494,64.4704,,,66.0
4,"Royka, Nizhegorodskaya Oblast', Russia",RS51,56.1862,43.9958,,,52.0
4,"Potapovo, Smolenskaya Oblast', Russia",RS69,55.3527,34.9394,,,67.0
4,"Troparevo-Nikulino, Moskva, Russia",RS48,55.6694,37.466,,,50.0
4,"Prokshino, Vologodskaya Oblast', Russia",RS85,59.6553,38.0769,,,35.0
4,"Kirovskaya, Rostovskaya Oblast', Russia",RS61,46.9748,40.0402,,,61.0
4,"Kunay, Stavropol'skiy Kray, Russia",RS70,44.4083,45.1058,,,26.0
4,"Pyatiletka, Rostovskaya Oblast', Russia",RS61,47.4769,38.4536,,,61.0
4,"Din Khan, Sakha (Yakutiya), Russia",RS63,68.5206,126.275,,,14.0
4,"Batareinaya Bay, Leningradskaya Oblast', Russia",RS42,59.973,29.1169,,,47.0
4,"Poloy, Kirovskaya Oblast', Russia",RS33,58.468,49.8126,,,43.0
4,"Kurakin, Volgogradskaya Oblast', Russia",RS84,49.7,45.9167,,,34.0
4,"Kolosjoki, Murmanskaya Oblast', Russia",RS49,69.4128,30.222,,,51.0
4,"Grushev, Volgogradskaya Oblast', Russia",RS84,49.99,42.0144,,,34.0
4,"Smolnitsa, Kostromskaya Oblast', Russia",RS37,58.3168,41.7975,,,44.0
4,"Novaya Naumovka, Belgorodskaya Oblast', Russia",RS09,50.3881,36.3043,,,31.0
4,"Kirilovka, Penzenskaya Oblast', Russia",RS57,53.8517,45.2521,,,58.0
4,"Sorko, Sakha (Yakutiya), Russia",RS63,64.1833,127.483,,,14.0
4,"Adil-Khalk, Karachayevo-Cherkesiya, Russia",RS27,44.3565,41.9265,,,9.0
4,"Lyutyy, Tul'skaya Oblast', Russia",RS76,53.9081,38.7928,,,71.0
4,"Razim, Permskiy Kray, Russia",RS90,59.2033,57.0824,,,59.0
4,"Lake Lacha, Arkhangel'skaya Oblast', Russia",RS06,61.3277,38.7648,,,29.0
4,"Yurgamysh, Kurganskaya Oblast', Russia",RS40,55.3714,64.4656,1358.0,0.7354445521210045,45.0
4,"Knyazhitsy, Arkhangel'skaya Oblast', Russia",RS06,61.9,45.45,,,29.0
4,"Strecheya, Bryanskaya Oblast', Russia",RS10,53.9938,33.6975,,,32.0
4,"Barutina, Tverskaya Oblast', Russia",RS77,57.2493,32.7246,,,69.0
4,"Pushta, Mordoviya, Russia",RS46,54.7127,43.2248,,,13.0
4,"Tarabai, Chuvashiya, Russia",RS16,55.6687,46.1835,,,21.0
4,"Stepanovka, Amurskaya Oblast', Russia",RS05,50.1812,129.125,,,28.0
4,"Kolomo, Novgorodskaya Oblast', Russia",RS52,58.1687,30.8227,,,53.0
4,"Kirillovskaya, Irkutskaya Oblast', Russia",RS20,53.5086,102.902,,,38.0
4,"Galkina, Krasnoyarskiy Kray, Russia",RS39,58.113,92.7186,,,24.0
4,"Ulukulevo, Bashkortostan, Russia",RS08,54.4355,56.3221,,,2.0
4,"Yablochkovo, Penzenskaya Oblast', Russia",RS57,52.4266,43.7998,,,58.0
4,"Bolshoye Gorodishche, Tverskaya Oblast', Russia",RS77,57.0473,32.8072,,,69.0
4,"Zarechye-Vtoroye, Belgorodskaya Oblast', Russia",RS09,50.46,35.5497,,,31.0
4,"Turuntayevo, Buryatiya, Russia",RS11,52.2,107.617,101.0,1.524858393698535,3.0
4,"Krasavitsa, Kostromskaya Oblast', Russia",RS37,58.7836,44.2749,,,44.0
4,"Atlasovo, Sakhalinskaya Oblast', Russia",RS64,46.0179,142.165,,,65.0
4,"Gureyev, Rostovskaya Oblast', Russia",RS61,47.339,43.2533,,,61.0
4,"Modut, Sakha (Yakutiya), Russia",RS63,59.3333,126.867,,,14.0
4,"Sygynnakh, Sakha (Yakutiya), Russia",RS63,63.3661,129.853,,,14.0
4,"Krest Kytyl, Sakha (Yakutiya), Russia",RS63,62.6458,129.707,,,14.0
4,"Khatyryk, Sakha (Yakutiya), Russia",RS63,68.3167,143.5,,,14.0
4,"Ladina, Kareliya, Russia",RS28,62.0333,36.1167,,,10.0
4,"Oleniy, Primorskiy Kray, Russia",RS59,43.3517,132.295,,,25.0
4,"Monastyrka, Krasnoyarskiy Kray, Russia",RS39,56.8754,90.4614,,,24.0
4,"Lazarevskaya, Krasnodarskiy Kray, Russia",RS38,43.9089,39.3314,,,23.0
4,"Zelenoy, Kostromskaya Oblast', Russia",RS37,57.6682,41.13,,,44.0
4,"Byvaly, Smolenskaya Oblast', Russia",RS69,54.8444,34.0408,,,67.0
4,"Zykova, Irkutskaya Oblast', Russia",RS20,53.8833,99.4,,,38.0
4,"Kacho, Udmurtiya, Russia",RS80,57.7369,52.8915,,,18.0
4,"Meteli, Kirovskaya Oblast', Russia",RS33,59.4925,50.0888,,,43.0
4,"Belenkoye, Chelyabinskaya Oblast', Russia",RS13,54.2896,62.0679,,,74.0
4,"Ozernovskiy, 92, Russia",RS92,51.5,156.517,,,41.0
4,"Berloga, Sverdlovskaya Oblast', Russia",RS71,57.1451,59.1184,,,66.0
4,"Boguslavets, Primorskiy Kray, Russia",RS59,45.9167,134.817,,,25.0
4,"Zhdanovskaya, Vologodskaya Oblast', Russia",RS85,59.7759,39.3007,,,35.0
4,"Sormovo, Chuvashiya, Russia",RS16,55.6239,46.1939,,,21.0
4,"Grushka, Krasnodarskiy Kray, Russia",RS38,44.1986,41.0167,,,23.0
4,"Burelom, Lipetskaya Oblast', Russia",RS43,52.3368,38.4971,,,48.0
4,"Birema, Sakha (Yakutiya), Russia",RS63,61.5,130.983,,,14.0
4,"Malinovskiy, Ul'yanovskaya Oblast', Russia",RS81,54.4007,47.3946,,,73.0
4,"Krasny Vostok, Krasnodarskiy Kray, Russia",RS38,44.7961,39.4639,,,23.0
4,"Verkhniy Uslon, Tatarstan, Russia",RS73,55.7701,48.9823,370.0,0.1767225919039274,16.0
4,"Shchukina, Irkutskaya Oblast', Russia",RS20,53.2594,103.498,,,38.0
4,"Kondon, Khabarovskiy Kray, Russia",RS30,51.2619,136.581,,,27.0
4,"Stanichki, Smolenskaya Oblast', Russia",RS69,54.7218,32.033,,,67.0
4,"Padikovo, Moskovskaya Oblast', Russia",RS47,55.8249,36.9953,,,50.0
4,"Kuzov, Pskovskaya Oblast', Russia",RS60,57.8548,29.2103,,,60.0
4,"Chusovitina, Kemerovskaya Oblast', Russia",RS29,54.8438,86.3281,,,42.0
4,"Semidvorye, Yaroslavskaya Oblast', Russia",RS88,57.8246,40.4556,,,76.0
4,"Amirova, Bashkortostan, Russia",RS08,53.3419,55.2038,,,2.0
4,"Ibragimova, Chelyabinskaya Oblast', Russia",RS13,55.7448,61.1799,,,74.0
4,"Lisina, Omskaya Oblast', Russia",RS54,56.3947,75.0918,,,55.0
4,"Shakhova, Smolenskaya Oblast', Russia",RS69,55.3833,35.2667,,,67.0
4,"Karabutak, Orenburgskaya Oblast', Russia",RS55,51.0685,55.1272,,,56.0
4,"Or Lean, Altayskiy Kray, Russia",RS04,52.6833,79.6667,,,22.0
4,"Kanaki, Kirovskaya Oblast', Russia",RS33,58.5815,52.4565,,,43.0
4,"Pristen, Kurskaya Oblast', Russia",RS41,51.2355,36.6959,1382.0,0.1375608224507743,46.0
4,"Mikhayla, Amurskaya Oblast', Russia",RS05,54.9313,129.118,,,28.0
4,"Karanak, Tomskaya Oblast', Russia",RS75,59.0167,81.4167,,,70.0
4,"Arsenyeva, Lipetskaya Oblast', Russia",RS43,52.7421,38.2395,,,48.0
4,"Kamenets, Smolenskaya Oblast', Russia",RS69,55.5487,34.0592,,,67.0
4,"Yasnaya, Permskiy Kray, Russia",RS90,56.55,54.4667,,,59.0
4,"-Taraval, Bashkortostan, Russia",RS08,53.0038,57.1773,,,2.0
4,"Polyanki, Rostovskaya Oblast', Russia",RS61,46.4748,40.719,,,61.0
4,"Zelenyy, Lipetskaya Oblast', Russia",RS43,52.7844,39.3044,,,48.0
4,"Pirda, Evenkiyskiy Avtonomnyy Okrug, Russia",RS18,63.9692,105.772,,,
4,"Boguslavka, Primorskiy Kray, Russia",RS59,44.4889,131.574,,,25.0
4,"Central Range, Russia (General), Russia",RS00,56.0,158.0,,,91.0
4,"Belitsa, Tverskaya Oblast', Russia",RS77,56.3235,31.7015,,,69.0
4,"Krasnaya Strela, Krasnodarskiy Kray, Russia",RS38,45.2063,37.2865,,,23.0
4,"Pozharka, Russia (General), Russia",RS00,55.6182,33.1532,,,91.0
4,"Dzhankhot, Krasnodarskiy Kray, Russia",RS38,44.4658,38.1595,,,23.0
4,"Zelenga, Astrakhanskaya Oblast', Russia",RS07,46.1776,48.6073,,,30.0
4,"Pushkinskiy, Bashkortostan, Russia",RS08,54.15,54.2667,,,2.0
4,"Aspa, Permskiy Kray, Russia",RS90,56.856,56.3409,,,59.0
4,"Gerasimovka, Omskaya Oblast', Russia",RS54,56.9,74.6333,,,55.0
4,"Novenkoye, Kostromskaya Oblast', Russia",RS37,58.7239,41.4097,,,44.0
4,"Ivnya, Belgorodskaya Oblast', Russia",RS09,51.0629,36.1343,941.0,0.22330827173177906,31.0
4,"Bukhta Sokolovskaya, Primorskiy Kray, Russia",RS59,42.8775,133.853,,,25.0
4,"Dzhel, Komi, Russia",RS34,61.0763,50.741,,,11.0
4,"Kurmanov, Orenburgskaya Oblast', Russia",RS55,50.8833,59.5,,,56.0
4,"Kyzyl-Zhar, Orenburgskaya Oblast', Russia",RS55,51.471,51.471,,,56.0
4,"Borzenkov, Orlovskaya Oblast', Russia",RS56,52.0314,37.3111,,,57.0
4,"Agrikol, Udmurtiya, Russia",RS80,57.6927,52.5064,,,18.0
4,"Melenki, Yaroslavskaya Oblast', Russia",RS88,57.7649,40.0856,,,76.0
4,"Golubtsov, Belgorodskaya Oblast', Russia",RS09,50.0799,38.5722,,,31.0
4,"Nakaura, Sakhalinskaya Oblast', Russia",RS64,47.0558,152.172,,,65.0
4,"Lebedinets, Pskovskaya Oblast', Russia",RS60,56.817,29.1725,,,60.0
4,"Marmash, Arkhangel'skaya Oblast', Russia",RS06,61.9442,44.9379,,,29.0
4,"Polikarpova, Arkhangel'skaya Oblast', Russia",RS06,63.9,44.5333,,,29.0
4,"Tyanya, Sakha (Yakutiya), Russia",RS63,59.0528,119.788,,,14.0
4,"Tokko, Sakha (Yakutiya), Russia",RS63,59.9797,119.839,,,14.0
4,"Fomino, Kaluzhskaya Oblast', Russia",RS25,54.4614,34.4364,,,40.0
4,"Khaustova, Kaluzhskaya Oblast', Russia",RS25,54.4078,34.1231,,,40.0
4,"Kovrizhka, 92, Russia",RS92,62.5,162.933,,,41.0
4,"Likhaya, Rostovskaya Oblast', Russia",RS61,48.1519,40.1793,,,61.0
4,"Starye Atagi, Chechnya And Ingushetiya, Russia",RSCI,43.1203,45.7406,,,20.0
4,"Beechen, Sakha (Yakutiya), Russia",RS63,67.0667,136.2,,,14.0
4,"Seletkan, Amurskaya Oblast', Russia",RS05,51.9179,127.905,,,28.0
4,"Ledyanaya, Taymyrskiy (Dolgano-Nenetskiy) Avtonomnyy Okrug, Russia",RS74,70.8333,96.3667,,,24.0
4,"Bugor, Altayskiy Kray, Russia",RS04,51.6058,80.798,,,22.0
4,"Vayenga, Murmanskaya Oblast', Russia",RS49,69.0689,33.4162,,,51.0
4,"Mekhrenga, Arkhangel'skaya Oblast', Russia",RS06,61.6018,40.9311,,,29.0
4,"Sukhova, Permskiy Kray, Russia",RS90,59.2333,54.3,,,59.0
4,"Apanas, Kemerovskaya Oblast', Russia",RS29,53.527,86.838,,,42.0
4,"Bakhtar, Khabarovskiy Kray, Russia",RS30,49.4193,135.799,,,27.0
4,"Kalinichi, Permskiy Kray, Russia",RS90,59.2833,56.8,,,59.0
4,"Zaura, Altayskiy Kray, Russia",RS04,53.7606,86.1699,,,22.0
4,"Guzeripl, Krasnodarskiy Kray, Russia",RS38,43.8333,40.2,,,23.0
4,"Zavodskoye, Kaliningradskaya Oblast', Russia",RS23,54.7025,22.5094,,,39.0
4,"Admiralteyskaya Sloboda, Tatarstan, Russia",RS73,55.7968,49.0571,,,16.0
4,"Segla, Leningradskaya Oblast', Russia",RS42,59.5178,33.9051,,,47.0
4,"Prokhladnyy, Voronezhskaya Oblast', Russia",RS86,51.3595,39.8785,,,36.0
4,"Staryy Urukh, Kabardino-Balkariya, Russia",RS22,43.3404,44.0187,,,7.0
4,"Ordzhonikidzevskaya, Chechnya And Ingushetiya, Russia",RSCI,43.3195,45.0491,,,20.0
4,"Staryy Malgobek, Chechnya And Ingushetiya, Russia",RSCI,43.5444,44.5959,,,20.0
4,"Partizanskaya, Pskovskaya Oblast', Russia",RS60,58.4517,28.0546,,,60.0
4,"Artemovskaya, Arkhangel'skaya Oblast', Russia",RS06,61.5042,38.6823,,,29.0
4,"Kiprin, Arkhangel'skaya Oblast', Russia",RS06,62.9116,44.9789,,,29.0
4,"Srednjaja, Dagestan, Russia",RS17,44.2073,46.6194,,,5.0
4,"Volno-Nadezhdinskoye, Primorskiy Kray, Russia",RS59,43.3706,131.991,794.0,0.1937086836134836,25.0
4,"Malinovo, Smolenskaya Oblast', Russia",RS69,54.3344,33.3197,,,67.0
4,"Sverdlikovo, Kurskaya Oblast', Russia",RS41,51.2454,35.1203,,,46.0
4,"Tokma, Irkutskaya Oblast', Russia",RS20,58.2533,105.853,,,38.0
4,"Bulina, Smolenskaya Oblast', Russia",RS69,55.3889,31.1371,,,67.0
4,"Arkhonskaya, Severnaya Osetiya-Alaniya, Russia",RS68,43.11,44.5125,,,15.0
4,"Gizel, Severnaya Osetiya-Alaniya, Russia",RS68,43.04,44.5708,,,15.0
4,"Rublevskaya, Tomskaya Oblast', Russia",RS75,60.3452,77.9894,,,70.0
4,"Sotnikova, Sverdlovskaya Oblast', Russia",RS71,58.6167,64.35,,,66.0
4,"Peschanki, Tverskaya Oblast', Russia",RS77,56.8734,34.6688,,,69.0
4,"Shirinka, Krasnodarskiy Kray, Russia",RS38,44.3569,39.1131,,,23.0
4,"Durnova, Novosibirskaya Oblast', Russia",RS53,55.9833,75.6,,,54.0
4,"Gavrisheva, Adygeya, Russia",RS01,44.2706,40.3842,,,1.0
4,"Podvorye, Pskovskaya Oblast', Russia",RS60,56.05,30.95,,,60.0
4,"Medveda, Krasnoyarskiy Kray, Russia",RS39,56.5062,92.4063,,,24.0
4,"Vyava, Arkhangel'skaya Oblast', Russia",RS06,61.6306,41.2077,,,29.0
4,"Donetskaya, Orenburgskaya Oblast', Russia",RS55,51.8987,54.4127,,,56.0
4,"Tochki, Pskovskaya Oblast', Russia",RS60,57.512,30.194,,,60.0
4,"Myty, Khabarovskiy Kray, Russia",RS30,59.3333,138.75,,,27.0
4,"Krasnykh, Bashkortostan, Russia",RS08,53.3833,54.6333,,,2.0
4,"Migalovo, Tverskaya Oblast', Russia",RS77,56.8416,35.7734,,,69.0
4,"Berestok, Bryanskaya Oblast', Russia",RS10,52.1829,34.3078,,,32.0
4,"Khonto, Sakhalinskaya Oblast', Russia",RS64,46.6733,141.863,,,65.0
4,"Novoy, Magadanskaya Oblast', Russia",RS44,61.0333,153.667,,,49.0
4,"Khlopov, Krasnodarskiy Kray, Russia",RS38,46.65,39.25,,,23.0
4,"Shugayev, Volgogradskaya Oblast', Russia",RS84,48.1667,45.0833,,,34.0
4,"Priuralye, Bashkortostan, Russia",RS08,54.4479,56.7493,,,2.0
4,"Pashchenko, Amurskaya Oblast', Russia",RS05,51.5108,128.369,,,28.0
4,"Ternovoe, Volgogradskaya Oblast', Russia",RS84,51.0378,43.7168,,,34.0
4,"Roslyakovo, Kareliya, Russia",RS28,61.6667,36.3167,,,10.0
4,"Karagan, Zabaykal'skiy Kray, Russia",RS93,53.466,120.726,,,75.0
4,"Vodny, Samarskaya Oblast', Russia",RS65,53.4608,50.5266,,,63.0
4,"Kolodezi, Kaluzhskaya Oblast', Russia",RS25,54.1333,55.3,,,40.0
4,"Kotay, Irkutskaya Oblast', Russia",RS20,55.0333,107.017,,,38.0
4,"Paraskovyevka, Altayskiy Kray, Russia",RS04,53.05,79.3,,,22.0
4,"Mysovoye, Rsja, Russia",RSJA,44.2833,146.3,,,65.0
4,"Verkhoyansk Range, Russia (General), Russia",RS00,67.0,129.0,,,91.0
4,"Saluzi, Leningradskaya Oblast', Russia",RS42,59.5,30.0667,,,47.0
4,"Bolshaya Kokshaga, Chuvashiya, Russia",RS16,56.1439,47.791,,,21.0
4,"Vizimyary, Mariy-El, Russia",RS45,56.438,46.9384,,,12.0
4,"Burmakina, Sverdlovskaya Oblast', Russia",RS71,57.3707,64.7818,,,66.0
4,"Khotimlya, Bashkortostan, Russia",RS08,54.1382,55.4008,,,2.0
4,"Psyu, Khabarovskiy Kray, Russia",RS30,51.9833,141.3,,,27.0
4,"Nitsan, Astrakhanskaya Oblast', Russia",RS07,46.3211,47.5496,,,30.0
4,"Mudryy, 92, Russia",RS92,54.5106,156.168,,,41.0
4,"Komandorskiye Ostrova, 92, Russia",RS92,55.0,167.0,,,41.0
4,"Lambas, Vologodskaya Oblast', Russia",RS85,60.5612,38.4358,,,35.0
4,"Sokhta, Vologodskaya Oblast', Russia",RS85,60.2875,39.4277,,,35.0
4,"Mad Alan, Amurskaya Oblast', Russia",RS05,54.0833,123.4,,,28.0
4,"Mosdok, Severnaya Osetiya-Alaniya, Russia",RS68,43.7436,44.6518,,,15.0
4,"Kryazheva, Permskiy Kray, Russia",RS90,58.4167,56.4667,,,59.0
4,"Kola Inlet, Murmanskaya Oblast', Russia",RS49,69.1353,33.4669,,,51.0
4,"Lipets, Kurskaya Oblast', Russia",RS41,52.0856,35.5318,,,46.0
4,"Mushkara, Astrakhanskaya Oblast', Russia",RS07,46.3804,48.2015,,,30.0
4,"Keme, Sakha (Yakutiya), Russia",RS63,59.0461,119.002,,,14.0
4,"Poni, Khabarovskiy Kray, Russia",RS30,50.2697,137.784,,,27.0
4,"Golubitskaya, Krasnodarskiy Kray, Russia",RS38,45.3222,37.2822,,,23.0
4,"Yansk, Sakha (Yakutiya), Russia",RS63,68.4667,134.8,,,14.0
4,"Berelekh, Magadanskaya Oblast', Russia",RS44,62.7833,148.117,,,49.0
4,"Abashevo, Chuvashiya, Russia",RS16,55.9871,47.3601,,,21.0
4,"Zaliv Vostok, Primorskiy Kray, Russia",RS59,42.8681,132.747,,,25.0
4,"Zaliv Aniva, Sakhalinskaya Oblast', Russia",RS64,46.3789,142.846,,,65.0
4,"Rechnaya, Nizhegorodskaya Oblast', Russia",RS51,56.65,43.4667,,,52.0
4,"Uele, Sakha (Yakutiya), Russia",RS63,73.3356,113.843,,,14.0
4,"Reflektor, Saratovskaya Oblast', Russia",RS67,51.3162,48.504,,,64.0
4,"Istratova, Smolenskaya Oblast', Russia",RS69,55.8667,34.45,,,67.0
4,"Sergelyakh, Sakha (Yakutiya), Russia",RS63,62.0333,122.05,,,14.0
4,"Putilovo, Pskovskaya Oblast', Russia",RS60,56.7667,30.1667,,,60.0
4,"Usach, Rsja, Russia",RSJA,44.4667,146.992,,,65.0
4,"Poncha, Kareliya, Russia",RS28,65.85,31.2333,,,10.0
4,"Vi-Vi, Evenkiyskiy Avtonomnyy Okrug, Russia",RS18,63.8715,97.8288,,,
4,"Varshavskiy, Chelyabinskaya Oblast', Russia",RS13,52.8435,60.3357,,,74.0
4,"Undytkan, Sakha (Yakutiya), Russia",RS63,56.2872,130.398,,,14.0
4,"Wrangel Bay, Primorskiy Kray, Russia",RS59,42.745,133.067,,,25.0
4,"Batay, Rostovskaya Oblast', Russia",RS61,47.1509,39.5621,1792.0,16.314795198545507,61.0
4,"Petra Kurikova, Sverdlovskaya Oblast', Russia",RS71,61.2,61.1167,,,66.0
4,"Molam, Russia (General), Russia",RS00,56.4661,131.446,,,91.0
4,"Taldy-Bulak, Bashkortostan, Russia",RS08,53.7741,53.8142,,,2.0
4,"Kopyl, Voronezhskaya Oblast', Russia",RS86,51.6632,41.0375,,,36.0
4,"Arkhangelsk, Arkhangel'skaya Oblast', Russia",RS06,64.5401,40.5433,912.0,0.439084182634528,29.0
4,"Starkenberg, Kaliningradskaya Oblast', Russia",RS23,54.6116,20.9526,,,39.0
4,"Shisuka, Sakhalinskaya Oblast', Russia",RS64,49.2167,143.117,,,65.0
4,"Stenki, Belgorodskaya Oblast', Russia",RS09,49.9055,39.1078,,,31.0
4,"Ternovaya, Belgorodskaya Oblast', Russia",RS09,51.1814,38.1296,,,31.0
4,"Timofeyevka, Tatarstan, Russia",RS73,55.9856,49.3071,,,16.0
4,"Gulf Of Anadyr, Chukotskiy Avtonomnyy Okrug, Russia",RS15,64.0,-178.0,,,87.0
4,"Ushakovka, Astrakhanskaya Oblast', Russia",RS07,48.4288,45.1175,,,30.0
4,"Verkhneudinsk, Buryatiya, Russia",RS11,51.8261,107.61,,,3.0
4,"Ledna, Smolenskaya Oblast', Russia",RS69,55.1311,33.2472,,,67.0
4,"Seler, Yevreyskaya Avtonomnaya Oblast', Russia",RS89,48.9753,132.1,,,79.0
4,"Elshanka, Orenburgskaya Oblast', Russia",RS55,52.8755,52.0347,,,56.0
4,"Kulyuk, Krasnoyarskiy Kray, Russia",RS39,55.7741,92.2506,,,24.0
4,"Gornozavodsk, Sakhalinskaya Oblast', Russia",RS64,46.5622,141.847,,,65.0
4,"Dolinsk, Orenburgskaya Oblast', Russia",RS55,52.8667,53.4333,,,56.0
4,"Strelnaya, Kareliya, Russia",RS28,64.3249,32.7049,,,10.0
4,"Kutul, Buryatiya, Russia",RS11,51.6667,101.533,,,3.0
4,"Tereshkov, Belgorodskaya Oblast', Russia",RS09,50.4271,38.3596,,,31.0
4,"Obliv, Saratovskaya Oblast', Russia",RS67,50.6259,47.9764,,,64.0
4,"Turpal, Khanty-Mansiyskiy Avtonomnyy Okrug, Russia",RS32,59.95,66.3333,,,86.0
4,"Umra, Nizhegorodskaya Oblast', Russia",RS51,55.6856,43.1962,,,52.0
4,"Kashkhatau, Kabardino-Balkariya, Russia",RS22,43.3185,43.608,175.0,0.11860366594082387,7.0
4,"Kisun, 92, Russia",RS92,55.8778,155.678,,,41.0
4,"Deyma, Kaliningradskaya Oblast', Russia",RS23,54.8644,21.1156,,,39.0
4,"Libava, Moskovskaya Oblast', Russia",RS47,54.8333,39.1667,,,50.0
4,"Kamyshovka, Tambovskaya Oblast', Russia",RS72,52.5667,40.65,,,68.0
4,"Pioneer Island, Taymyrskiy (Dolgano-Nenetskiy) Avtonomnyy Okrug, Russia",RS74,79.8678,92.5214,,,24.0
4,"October Revolution Island, Taymyrskiy (Dolgano-Nenetskiy) Avtonomnyy Okrug, Russia",RS74,79.5,97.0,,,24.0
4,"Dikiy, Magadanskaya Oblast', Russia",RS44,62.7,150.367,,,49.0
4,"Bogolyubovo, Omskaya Oblast', Russia",RS54,55.3061,72.6607,,,55.0
4,"Tanino, Tul'skaya Oblast', Russia",RS76,54.1315,36.8153,,,71.0
4,"Kukun, Zabaykal'skiy Kray, Russia",RS93,50.9761,108.907,,,75.0
4,"Vergilevka, Belgorodskaya Oblast', Russia",RS09,50.3112,36.5834,,,31.0
4,"Durovino, Udmurtiya, Russia",RS80,57.292,54.2447,,,18.0
4,"Onka, Khabarovskiy Kray, Russia",RS30,52.2745,135.799,,,27.0
4,"Yurlov, Volgogradskaya Oblast', Russia",RS84,49.0667,45.25,,,34.0
4,"Grigorevo, Yaroslavskaya Oblast', Russia",RS88,57.7798,37.8649,,,76.0
4,"Bernovo, Tverskaya Oblast', Russia",RS77,56.6863,34.7036,,,69.0
4,"Okos, Komi, Russia",RS34,61.1167,54.6167,,,11.0
4,"Lenskaya, Lipetskaya Oblast', Russia",RS43,53.3274,38.5844,,,48.0
4,"Tumannaya, Sakhalinskaya Oblast', Russia",RS64,46.4046,142.043,,,65.0
4,"Ustka, Kaluzhskaya Oblast', Russia",RS25,54.3533,34.8094,,,40.0
4,"Krapivnoye, Bryanskaya Oblast', Russia",RS10,52.2578,32.1479,,,32.0
4,"Katerinovka, Ryazanskaya Oblast', Russia",RS62,53.633,39.0074,,,62.0
4,"Shelepikha, Moskovskaya Oblast', Russia",RS47,55.75,37.5167,,,50.0
4,"Achkhoy-Martan, Chechnya And Ingushetiya, Russia",RSCI,43.19,45.2837,463.0,0.45028506184270306,20.0
4,"Mikhailovski, Buryatiya, Russia",RS11,55.5333,113.55,,,3.0
4,"Tangi-Chu, Checheno-Ingushskaya Avtonomnaya Sovetskaya Sotsialistichesk, Russia",RS12,43.0776,45.5146,,,20.0
4,"Platonovskaya, Leningradskaya Oblast', Russia",RS42,60.6833,34.3667,,,47.0
4,"Balyk, Kalmykiya, Russia",RS24,45.8792,46.1264,,,8.0
4,"Takhtamukay, Adygeya, Russia",RS01,44.9215,38.9958,7.0,0.08844566450762423,1.0
4,"Mansila, Kareliya, Russia",RS28,61.2691,32.1904,,,10.0
4,"Platonovka, Novosibirskaya Oblast', Russia",RS53,56.6167,78.4333,,,54.0
4,"Nebyu, Komi, Russia",RS34,61.9205,52.1496,,,11.0
4,"Lemeshevo, Moskovskaya Oblast', Russia",RS47,55.4304,37.4987,,,50.0
4,"Lemeshovo, Moskovskaya Oblast', Russia",RS47,55.4304,37.4987,,,50.0
4,"Okoo, Sakhalinskaya Oblast', Russia",RS64,46.7511,141.912,,,65.0
4,"Solot, Yaroslavskaya Oblast', Russia",RS88,56.9927,39.2516,,,76.0
4,"Red -China, Smolenskaya Oblast', Russia",RS69,54.5458,32.4611,,,67.0
4,"Bichura, Amurskaya Oblast', Russia",RS05,51.3844,128.847,,,28.0
4,"Ustyugova, Omskaya Oblast', Russia",RS54,56.5774,74.1854,,,55.0
4,"Urme, Buryatiya, Russia",RS11,51.0644,106.002,,,3.0
4,"Belomorye, Arkhangel'skaya Oblast', Russia",RS06,64.2917,40.8948,,,29.0
4,"Zuykova, 92, Russia",RS92,52.5667,156.333,,,41.0
4,"Lykovo, Pskovskaya Oblast', Russia",RS60,56.9333,27.9667,,,60.0
4,"Abyi, Sakha (Yakutiya), Russia",RS63,68.4,145.117,,,14.0
4,"Vyaz, Nizhegorodskaya Oblast', Russia",RS51,56.5113,44.8253,,,52.0
4,"Karatayev, Volgogradskaya Oblast', Russia",RS84,50.75,41.7167,,,34.0
4,"Millerova, Irkutskaya Oblast', Russia",RS20,54.3706,99.8147,,,38.0
4,"Tagirkent, Dagestan, Russia",RS17,41.6092,48.3094,,,5.0
4,"Putan, Amurskaya Oblast', Russia",RS05,54.15,124.333,,,28.0
4,"Dzheltula, Amurskaya Oblast', Russia",RS05,54.6971,125.972,,,28.0
4,"Lukyanovo, Moskovskaya Oblast', Russia",RS47,55.9564,35.7306,,,50.0
4,"Iney, Khakasiya, Russia",RS31,54.0167,89.6333,,,19.0
4,"Kumshatskaya, Rostovskaya Oblast', Russia",RS61,47.6397,42.0517,,,61.0
4,"Tsimlyanskaya, Rostovskaya Oblast', Russia",RS61,47.6461,42.1019,1842.0,0.56939335019092,61.0
4,"Mesti, Kalmykiya, Russia",RS24,46.9308,45.5606,,,8.0
4,"Kirdy, Chelyabinskaya Oblast', Russia",RS13,55.8212,62.0587,,,74.0
4,"Mikon, Kareliya, Russia",RS28,62.1833,31.9833,,,10.0
4,"Noskov, Krasnodarskiy Kray, Russia",RS38,44.9831,39.5,,,23.0
4,"Novoivanovka, Bashkortostan, Russia",RS08,53.5833,55.85,,,2.0
4,"Sergokala, Dagestan, Russia",RS17,42.4547,47.6612,145.0,0.3740321341659827,5.0
4,"Dagestanskiye Ogni, Dagestan, Russia",RS17,42.1159,48.192,109.0,0.46600565362020113,5.0
4,"-Konto, Amurskaya Oblast', Russia",RS05,52.3667,129.467,,,28.0
5,"Tulskaya Oblast, Tul'skaya Oblast', Russia",RS76,54.0,37.5,,,71.0
4,"Konoba, Kemerovskaya Oblast', Russia",RS29,53.6863,87.0619,,,42.0
4,"Sevastopolskaya, Adygeya, Russia",RS01,44.3565,40.3053,,,1.0
4,"Uchama, Evenkiyskiy Avtonomnyy Okrug, Russia",RS18,63.81,96.4266,,,
4,"Bolshoye, Smolenskaya Oblast', Russia",RS69,55.7319,34.6456,,,67.0
4,"Pronya, Ryazanskaya Oblast', Russia",RS62,54.2928,40.2525,,,62.0
4,"Molochny, Samarskaya Oblast', Russia",RS65,52.9,48.8833,,,63.0
4,"Utenovka, Ryazanskaya Oblast', Russia",RS62,53.6081,40.1031,,,62.0
4,"Zavodskoy, Ryazanskaya Oblast', Russia",RS62,53.6333,40.0167,,,62.0
4,"Nanae, Rsja, Russia",RSJA,45.9833,142.1,,,65.0
4,"Askiz, Khakasiya, Russia",RS31,53.1372,90.4283,454.0,6.806663284381422,19.0
4,"Yesso, 92, Russia",RS92,55.9333,158.7,,,41.0
4,"Shamardino, Orlovskaya Oblast', Russia",RS56,52.9343,36.2918,,,57.0
4,"Solomatin, Volgogradskaya Oblast', Russia",RS84,50.0761,41.9725,,,34.0
4,"Keza, Nizhegorodskaya Oblast', Russia",RS51,56.6046,44.1636,,,52.0
4,"Valki, Nizhegorodskaya Oblast', Russia",RS51,56.6009,44.0453,,,52.0
4,"Mary Eva, Permskiy Kray, Russia",RS90,56.3,56.5667,,,59.0
4,"Uglerod, Rostovskaya Oblast', Russia",RS61,48.147,40.0621,,,61.0
4,"Nizhnekolymsk, Sakha (Yakutiya), Russia",RS63,68.5333,160.933,331.0,28.355239211246822,14.0
4,"Vanina, Permskiy Kray, Russia",RS90,60.1049,57.4882,,,59.0
4,"Verkhnyaya Tishanka, Voronezhskaya Oblast', Russia",RS86,51.3239,40.5328,,,36.0
4,"Burti, Chechnya And Ingushetiya, Russia",RSCI,42.8,45.3333,,,20.0
4,"Podlipki, Ryazanskaya Oblast', Russia",RS62,55.0275,41.5337,,,62.0
4,"Shartash, Sverdlovskaya Oblast', Russia",RS71,56.8817,60.7199,,,66.0
5,"Sverdlovskoblast, Sverdlovskaya Oblast', Russia",RS71,58.0,62.0,,,66.0
4,"Mekegi, Dagestan, Russia",RS17,42.3974,47.4604,,,5.0
4,"Cheremkhovskoye, Sverdlovskaya Oblast', Russia",RS71,56.4947,61.7864,,,66.0
4,"Novokayakent, Dagestan, Russia",RS17,42.3937,47.9861,132.0,0.6383794731750315,5.0
4,"Belidzhi, Dagestan, Russia",RS17,41.8731,48.3877,,,5.0
4,"Gorni, Irkutskaya Oblast', Russia",RS20,55.4167,98.0667,,,38.0
4,"Dachny, Rostovskaya Oblast', Russia",RS61,46.981,40.005,,,61.0
4,"Padala, Leningradskaya Oblast', Russia",RS42,60.1994,34.1998,,,47.0
4,"Tere-Khol, Tyva, Russia",RS79,50.0667,94.9667,,,17.0
4,"Krotyk, Vologodskaya Oblast', Russia",RS85,58.8559,36.5273,,,35.0
4,"Bummash, Udmurtiya, Russia",RS80,56.8781,53.2455,,,18.0
4,"Pendus, Arkhangel'skaya Oblast', Russia",RS06,60.7865,40.3977,,,29.0
4,"Kuryl, Sverdlovskaya Oblast', Russia",RS71,57.2405,58.081,,,66.0
4,"Vyazemskoye, Khabarovskiy Kray, Russia",RS30,47.5378,134.753,849.0,0.6060584348570915,27.0
4,"North-Land, Taymyrskiy (Dolgano-Nenetskiy) Avtonomnyy Okrug, Russia",RS74,79.5,98.0,,,24.0
4,"Kazino, Bashkortostan, Russia",RS08,55.3475,56.1549,,,2.0
4,"De Dino, Tverskaya Oblast', Russia",RS77,56.473,31.574,,,69.0
4,"Guyevo, Kurskaya Oblast', Russia",RS41,51.0918,35.2688,,,46.0
4,"Kazachya Lisitsa, Belgorodskaya Oblast', Russia",RS09,50.6207,35.7401,,,31.0
4,"Rostovo, Tverskaya Oblast', Russia",RS77,56.3833,33.3,,,69.0
4,"Volchye, Lipetskaya Oblast', Russia",RS43,53.0273,39.6416,,,48.0
4,"Khulam, Kabardino-Balkariya, Russia",RS22,43.2361,43.2936,,,7.0
4,"Gdow, Pskovskaya Oblast', Russia",RS60,58.7442,27.8198,,,60.0
4,"Glukharka, Sakhalinskaya Oblast', Russia",RS64,53.355,142.344,,,65.0
4,"Degdekan, Magadanskaya Oblast', Russia",RS44,61.9833,147.017,,,49.0
4,"Sobolenka, Zabaykal'skiy Kray, Russia",RS93,49.4689,109.113,,,75.0
4,"Naisa, Sakhalinskaya Oblast', Russia",RS64,46.1397,142.217,,,65.0
4,"Atanur, Irkutskaya Oblast', Russia",RS20,52.795,104.756,,,38.0
5,"Kostromskaya Oblast, Kostromskaya Oblast', Russia",RS37,58.5,44.0,,,44.0
4,"Izhevka, Tatarstan, Russia",RS73,55.9645,52.6296,,,16.0
4,"Kenay, Khabarovskiy Kray, Russia",RS30,50.1992,138.57,,,27.0
4,"Olekminsk, Sakha (Yakutiya), Russia",RS63,60.3736,120.426,333.0,1.239219662008317,14.0
4,"Metallurgicheskaya, Chelyabinskaya Oblast', Russia",RS13,55.2368,61.4464,,,74.0
4,"Neznamovo, Belgorodskaya Oblast', Russia",RS09,51.2669,37.9251,,,31.0
4,"Gridnev, Adygeya, Russia",RS01,44.8308,39.1149,,,1.0
4,"Rybalka, Primorskiy Kray, Russia",RS59,45.4,133.15,,,25.0
4,"Mamakan, Irkutskaya Oblast', Russia",RS20,57.8161,114.003,,,38.0
4,"Vetvistaya, Sakhalinskaya Oblast', Russia",RS64,46.5825,142.126,,,65.0
4,"Chumakovo, Kostromskaya Oblast', Russia",RS37,58.9107,46.7532,,,44.0
4,"Galala, Chechnya And Ingushetiya, Russia",RSCI,43.5738,45.5209,,,20.0
4,"Kozyrevo, Pskovskaya Oblast', Russia",RS60,56.4221,28.3861,,,60.0
4,"Zhanazhol, Tyumenskaya Oblast', Russia",RS78,55.9394,68.8886,,,72.0
4,"Saksan, Chelyabinskaya Oblast', Russia",RS13,54.8624,61.2727,,,74.0
4,"Musy, Novosibirskaya Oblast', Russia",RS53,55.46,80.4297,,,54.0
4,"Palashkino, Moskovskaya Oblast', Russia",RS47,55.7668,36.0985,,,50.0
4,"Yungorodok, Samarskaya Oblast', Russia",RS65,53.2165,50.2997,,,63.0
4,"Rostovskiy, Kaluzhskaya Oblast', Russia",RS25,53.3993,34.7496,,,40.0
4,"Kolbasa, Novosibirskaya Oblast', Russia",RS53,56.888,76.698,,,54.0
4,"Chicha, Novosibirskaya Oblast', Russia",RS53,54.7452,78.5799,,,54.0
4,"Chigari, Kirovskaya Oblast', Russia",RS33,58.927,49.1267,,,43.0
4,"Ayba, Russia (General), Russia",RS00,56.8366,64.9878,,,91.0
4,"Garbuzovka, Smolenskaya Oblast', Russia",RS69,54.3418,32.7509,,,67.0
4,"Bely Kolodez, Belgorodskaya Oblast', Russia",RS09,50.938,37.2662,,,31.0
4,"Odisa, Irkutskaya Oblast', Russia",RS20,54.0111,102.96,,,38.0
4,"Rantau, Kaliningradskaya Oblast', Russia",RS23,54.951,20.2578,,,39.0
4,"Vinogradnoye, Dagestan, Russia",RS17,43.9167,46.8196,,,5.0
4,"Stalin Canal, Kareliya, Russia",RS28,62.8,34.8,,,10.0
4,"Kalach-Na-Donu, Volgogradskaya Oblast', Russia",RS84,48.691,43.5264,1021.0,1.324500421395267,34.0
4,"Muisky, Buryatiya, Russia",RS11,56.3936,115.651,,,3.0
4,"Selemdzha, Amurskaya Oblast', Russia",RS05,53.1333,134.017,,,28.0
4,"Olekma, Amurskaya Oblast', Russia",RS05,57.0267,120.716,,,28.0
4,"Dusse-Alin, Khabarovskiy Kray, Russia",RS30,50.75,133.417,,,27.0
4,"Syna, Komi, Russia",RS34,65.3718,58.0387,,,11.0
4,"Inkubator, Kurganskaya Oblast', Russia",RS40,55.485,65.3478,,,45.0
4,"Kang-Il, Zabaykal'skiy Kray, Russia",RS93,52.25,116.333,,,75.0
4,"Nelkan, Sakha (Yakutiya), Russia",RS63,64.25,142.967,,,14.0
4,"Malyan, Khabarovskiy Kray, Russia",RS30,53.4667,131.75,,,27.0
4,"Morozovka, Amurskaya Oblast', Russia",RS05,50.5918,129.282,,,28.0
4,"Imya, Ryazanskaya Oblast', Russia",RS62,54.1779,40.2036,,,62.0
4,"Bezva, Pskovskaya Oblast', Russia",RS60,58.423,28.4377,,,60.0
4,"Mansurov, Orenburgskaya Oblast', Russia",RS55,52.126,51.6028,,,56.0
4,"Trasna, Moskovskaya Oblast', Russia",RS47,54.7522,38.6931,,,50.0
4,"Diarov, Khabarovskiy Kray, Russia",RS30,49.9667,134.7,,,27.0
4,"As Katy, Altayskiy Kray, Russia",RS04,51.4908,84.5313,,,22.0
4,"Bulgar, Tatarstan, Russia",RS73,55.4125,51.6069,,,16.0
4,"Tsetse, Krasnodarskiy Kray, Russia",RS38,44.6421,39.6236,,,23.0
4,"Ashti, Dagestan, Russia",RS17,41.9606,47.5028,,,5.0
4,"Syrga, Leningradskaya Oblast', Russia",RS42,60.5667,33.7333,,,47.0
4,"Kalachi, Novosibirskaya Oblast', Russia",RS53,53.5901,77.8788,,,54.0
4,"Sezha, Nizhegorodskaya Oblast', Russia",RS51,57.7387,45.3336,,,52.0
4,"Ryabinka, Mariy-El, Russia",RS45,56.6368,47.6839,,,12.0
4,"Kitsa, Murmanskaya Oblast', Russia",RS49,68.5143,33.192,,,51.0
4,"Karpysak, Novosibirskaya Oblast', Russia",RS53,55.0378,83.7069,,,54.0
4,"Yudino, Novosibirskaya Oblast', Russia",RS53,54.7582,76.7453,,,54.0
4,"Achit, Sverdlovskaya Oblast', Russia",RS71,56.7985,57.8994,2018.0,0.31821002930386305,66.0
4,"Nikitinskaya, Vologodskaya Oblast', Russia",RS85,60.8333,35.7333,,,35.0
4,"Indrus, Vladimirskaya Oblast', Russia",RS83,56.0228,42.2592,,,33.0
4,"Saltykov, Belgorodskaya Oblast', Russia",RS09,50.4164,36.4503,,,31.0
4,"Konchozero, Kareliya, Russia",RS28,62.1302,34.0122,,,10.0
4,"Bespalova, Altayskiy Kray, Russia",RS04,52.313,83.6897,,,22.0
4,"Kyssa, Arkhangel'skaya Oblast', Russia",RS06,64.6349,47.8733,,,29.0
4,"Kamennoye, Udmurtiya, Russia",RS80,56.9377,52.5682,,,18.0
4,"Yasenovoe, Tul'skaya Oblast', Russia",RS76,54.1645,36.7896,,,71.0
4,"Matveyevka, Rostovskaya Oblast', Russia",RS61,48.7672,40.583,,,61.0
4,"Apraksino, Pskovskaya Oblast', Russia",RS60,57.9025,30.3199,,,60.0
4,"Lukovitsy, Tul'skaya Oblast', Russia",RS76,54.3453,37.2998,,,71.0
4,"Maloye Karasevo, Moskovskaya Oblast', Russia",RS47,55.0091,38.6371,,,50.0
4,"Kuznetskaya, Nenetskiy Avtonomnyy Okrug, Russia",RS50,68.839,53.9426,,,83.0
4,"Narova, Pskovskaya Oblast', Russia",RS60,56.15,29.2833,,,60.0
4,"Kasargi, Chelyabinskaya Oblast', Russia",RS13,55.3656,61.1797,,,74.0
4,"Atkan, Russia (General), Russia",RS00,61.35,146.733,,,91.0
4,"Bolshoye Karasevo, Moskovskaya Oblast', Russia",RS47,55.0009,38.6348,,,50.0
4,"Yuskasy, Chuvashiya, Russia",RS16,55.8465,46.7693,,,21.0
4,"Korenovsk, Krasnodarskiy Kray, Russia",RS38,45.469,39.4514,641.0,0.6362966309396266,23.0
4,"Shatalovo, Tul'skaya Oblast', Russia",RS76,53.3396,36.9183,,,71.0
4,"Antono, Volgogradskaya Oblast', Russia",RS84,47.9813,43.6244,,,34.0
4,"Sarantsev, Astrakhanskaya Oblast', Russia",RS07,47.9343,46.7079,,,30.0
4,"Viska, Nenetskiy Avtonomnyy Okrug, Russia",RS50,67.2607,52.0324,,,83.0
4,"Miropolye, Smolenskaya Oblast', Russia",RS69,55.3894,32.9428,,,67.0
4,"Novokamenka, Novosibirskaya Oblast', Russia",RS53,55.1632,83.2045,,,54.0
4,"Muostakh, Sakha (Yakutiya), Russia",RS63,70.7333,135.667,,,14.0
4,"Gnezdovo, Tverskaya Oblast', Russia",RS77,56.4564,35.3796,,,69.0
4,"Sukma, Mariy-El, Russia",RS45,56.6434,49.8014,,,12.0
4,"Shatoi, Checheno-Ingushskaya Avtonomnaya Sovetskaya Sotsialistichesk, Russia",RS12,42.8714,45.6886,472.0,0.16541507478452364,20.0
4,"Sortirovka, Primorskiy Kray, Russia",RS59,43.8979,134.329,,,25.0
4,"Komarichi, Bryanskaya Oblast', Russia",RS10,52.4151,34.7905,972.0,0.17990804748255151,32.0
4,"Zlynka, Bryanskaya Oblast', Russia",RS10,52.4267,31.7378,967.0,0.09096528960607293,32.0
4,"Tosna, Leningradskaya Oblast', Russia",RS42,59.7614,30.7575,,,47.0
4,"Yulduz, Orenburgskaya Oblast', Russia",RS55,53.6919,52.2708,,,56.0
4,"Potudan, Belgorodskaya Oblast', Russia",RS09,51.2682,38.2471,,,31.0
4,"Sukhonos, Leningradskaya Oblast', Russia",RS42,59.2333,28.3167,,,47.0
4,"Negotino, Tverskaya Oblast', Russia",RS77,56.784,35.9076,,,69.0
4,"Motygino, Pskovskaya Oblast', Russia",RS60,56.3561,28.6418,,,60.0
4,"Samarskaya Luka, Samarskaya Oblast', Russia",RS65,53.1763,50.0572,1874.0,10.888936455466514,63.0
4,"Gostinka, Smolenskaya Oblast', Russia",RS69,53.8936,31.9194,,,67.0
4,"Shuryshkar, Yamalo-Nenetskiy Avtonomnyy Okrug, Russia",RS87,65.9,65.3667,,,89.0
4,"Tugay, Bashkortostan, Russia",RS08,54.3306,55.8901,,,2.0
4,"Petukhova, Permskiy Kray, Russia",RS90,59.2444,54.9389,,,59.0
4,"Krasninskoye, Kemerovskaya Oblast', Russia",RS29,54.7972,85.4533,,,42.0
4,"Tserkovny, Krasnodarskiy Kray, Russia",RS38,44.4147,38.2889,,,23.0
4,"Simonovskaya, Belgorodskaya Oblast', Russia",RS09,50.204,38.0801,,,31.0
4,"Archeda, Volgogradskaya Oblast', Russia",RS84,49.8768,43.1685,,,34.0
4,"Shestakova, Irkutskaya Oblast', Russia",RS20,56.4915,103.96,,,38.0
4,"Baika, Zabaykal'skiy Kray, Russia",RS93,51.2526,119.299,,,75.0
4,"Levoberezhnaya, Moskovskaya Oblast', Russia",RS47,55.8833,37.4833,,,50.0
4,"Agrobaza, Magadanskaya Oblast', Russia",RS44,61.65,148.8,,,49.0
4,"Yalan, Krasnoyarskiy Kray, Russia",RS39,58.3494,91.8475,,,24.0
4,"Buksir, Novosibirskaya Oblast', Russia",RS53,55.3833,83.6,,,54.0
4,"Bugristoye, Chelyabinskaya Oblast', Russia",RS13,54.0075,61.6014,,,74.0
4,"Malakan, Sakha (Yakutiya), Russia",RS63,60.6775,124.698,,,14.0
4,"Goryunov, Khakasiya, Russia",RS31,55.0497,90.1831,,,19.0
4,"Ravno, Novgorodskaya Oblast', Russia",RS52,58.7886,33.555,,,53.0
4,"Kindeyka, Sverdlovskaya Oblast', Russia",RS71,58.474,63.3127,,,66.0
4,"Chelyshev, Volgogradskaya Oblast', Russia",RS84,50.8307,42.7998,,,34.0
4,"Luneva, Kostromskaya Oblast', Russia",RS37,57.5477,41.0945,,,44.0
4,"Danina, Permskiy Kray, Russia",RS90,58.93,55.1879,,,59.0
4,"Chagda, Sakha (Yakutiya), Russia",RS63,58.7475,130.62,,,14.0
4,"Krinka, Nizhegorodskaya Oblast', Russia",RS51,56.9388,44.6117,,,52.0
4,"Karamel, Amurskaya Oblast', Russia",RS05,49.5614,131.142,,,28.0
4,"Kamensk-Shakhtinskiy, Rostovskaya Oblast', Russia",RS61,48.3178,40.2595,1797.0,5.127572357132641,61.0
4,"Manui, Sakhalinskaya Oblast', Russia",RS64,47.9167,142.5,,,65.0
4,"Severnoye Siyaniye, Kareliya, Russia",RS28,63.4584,35.4143,,,10.0
4,"Trinity Bay, Primorskiy Kray, Russia",RS59,42.6389,131.106,,,25.0
4,"Dolotinka, Rostovskaya Oblast', Russia",RS61,47.9944,40.0477,,,61.0
4,"Loskutova, Tomskaya Oblast', Russia",RS75,56.4,85.1333,,,70.0
4,"Borovskaya, Arkhangel'skaya Oblast', Russia",RS06,65.7067,44.3865,,,29.0
4,"Port Dickson, Taymyrskiy (Dolgano-Nenetskiy) Avtonomnyy Okrug, Russia",RS74,73.5069,80.5464,,,24.0
4,"Unimer, Yaroslavskaya Oblast', Russia",RS88,57.3501,39.9124,,,76.0
4,"Shroma, Severnaya Osetiya-Alaniya, Russia",RS68,42.8283,44.6569,,,15.0
4,"Novostroyevka Vtoraya, Belgorodskaya Oblast', Russia",RS09,50.4203,35.7834,,,31.0
4,"Dedno, Bryanskaya Oblast', Russia",RS10,53.0767,31.5904,,,32.0
4,"Nizhnyaya Oslyanka, Sverdlovskaya Oblast', Russia",RS71,57.9789,58.7585,,,66.0
4,"Talinka, Tambovskaya Oblast', Russia",RS72,52.7184,41.7032,,,68.0
4,"Polevskoy, Sverdlovskaya Oblast', Russia",RS71,56.4433,59.9181,2005.0,15.22914638246983,66.0
4,"Sudya, Leningradskaya Oblast', Russia",RS42,59.4747,30.1053,,,47.0
4,"Kurchaloy, Checheno-Ingushskaya Avtonomnaya Sovetskaya Sotsialistichesk, Russia",RS12,43.2018,46.0881,468.0,0.2920044378221553,20.0
4,"Loseva, Pskovskaya Oblast', Russia",RS60,56.5793,30.7914,,,60.0
4,"Cape Taigonos, Magadanskaya Oblast', Russia",RS44,60.5833,160.133,,,49.0
4,"Izmailova, Yaroslavskaya Oblast', Russia",RS88,57.3905,40.1544,,,76.0
4,"Millerov, Rostovskaya Oblast', Russia",RS61,47.6226,40.0357,,,61.0
4,"Ipot, Kaluzhskaya Oblast', Russia",RS25,54.3764,34.0562,,,40.0
4,"Lipsha, Mariy-El, Russia",RS45,56.2559,47.4565,,,12.0
4,"Kyzyl-Mazhalyk, Tyva, Russia",RS79,51.1333,90.6,402.0,1.8702960256818417,17.0
4,"Teeli, Tyva, Russia",RS79,51.0333,90.2333,401.0,3.195119228116515,17.0
4,"Yezhel, Komi, Russia",RS34,61.8679,52.7594,,,11.0
4,"Belyy Kolodez, Rostovskaya Oblast', Russia",RS61,48.4161,40.7436,,,61.0
4,"Fadeyev, Murmanskaya Oblast', Russia",RS49,68.9039,33.0639,,,51.0
4,"Kubuch, Leningradskaya Oblast', Russia",RS42,59.4333,30.65,,,47.0
4,"Arbash, Tatarstan, Russia",RS73,56.331,50.0941,,,16.0
4,"Kara-Kul, Chelyabinskaya Oblast', Russia",RS13,52.7856,60.0772,,,74.0
4,"Tashkapur, Dagestan, Russia",RS17,42.4081,47.171,,,5.0
4,"Kunzakh, Dagestan, Russia",RS17,42.7488,46.6649,,,5.0
4,"Jackson Island, Arkhangel'skaya Oblast', Russia",RS06,80.2602,54.2702,,,29.0
4,"Dador, Zabaykal'skiy Kray, Russia",RS93,53.7,120.2,,,75.0
4,"Mendim, Bashkortostan, Russia",RS08,53.9212,56.7884,,,2.0
4,"Borshchevaya, Tambovskaya Oblast', Russia",RS72,53.4857,41.008,,,68.0
4,"Koshkina, Permskiy Kray, Russia",RS90,57.8167,58.6333,,,59.0
4,"Klenki, Kaluzhskaya Oblast', Russia",RS25,53.5344,34.5609,,,40.0
4,"Pilawa, Kaliningradskaya Oblast', Russia",RS23,54.6538,19.911,,,39.0
4,"Pavda, Sverdlovskaya Oblast', Russia",RS71,59.2458,59.516,,,66.0
4,"Chigitey, Zabaykal'skiy Kray, Russia",RS93,50.2333,113.167,,,75.0
4,"Kochegury, Belgorodskaya Oblast', Russia",RS09,51.0108,37.6152,,,31.0
4,"Rozhestveno, Tul'skaya Oblast', Russia",RS76,53.614,37.3844,,,71.0
4,"Mundybash, Kemerovskaya Oblast', Russia",RS29,53.211,87.2983,,,42.0
4,"Turochak, Altay, Russia",RS03,52.2576,87.1224,14.0,0.42206318960621614,4.0
4,"Kormilitsa, Ryazanskaya Oblast', Russia",RS62,54.0772,42.0289,,,62.0
4,"Gorokhovskaya, Kirovskaya Oblast', Russia",RS33,59.1653,47.6944,,,43.0
4,"Kleshnya, Tul'skaya Oblast', Russia",RS76,54.4225,37.2809,,,71.0
4,"Indishta, Chelyabinskaya Oblast', Russia",RS13,55.3976,60.1288,,,74.0
4,"Karasevo, Novosibirskaya Oblast', Russia",RS53,54.9333,81.6,,,54.0
4,"Mukhametovo, Chelyabinskaya Oblast', Russia",RS13,55.4092,60.2686,,,74.0
4,"Baydashevo, Chelyabinskaya Oblast', Russia",RS13,55.4397,60.2925,,,74.0
4,"Bolshoy Kialim, Chelyabinskaya Oblast', Russia",RS13,55.422,60.2708,,,74.0
4,"Khushmo, Evenkiyskiy Avtonomnyy Okrug, Russia",RS18,60.7333,102.367,,,
4,"Yerbogachen, Irkutskaya Oblast', Russia",RS20,61.2767,108.011,,,38.0
4,"Timiryazevskaya, Moskva, Russia",RS48,55.8333,37.5833,,,50.0
4,"De Linde, Sakha (Yakutiya), Russia",RS63,64.95,135.8,,,14.0
4,"Pakhi, Khabarovskiy Kray, Russia",RS30,52.05,141.133,,,27.0
4,"Barye, Irkutskaya Oblast', Russia",RS20,53.4176,105.74,,,38.0
4,"Orekhovskoye, Volgogradskaya Oblast', Russia",RS84,49.2345,43.2098,,,34.0
4,"Star Aya, Irkutskaya Oblast', Russia",RS20,53.0306,103.485,,,38.0
4,"Medvenka, Kurskaya Oblast', Russia",RS41,51.4186,36.1094,1378.0,0.6077396094335862,46.0
4,"Vidim, Irkutskaya Oblast', Russia",RS20,56.3854,103.118,,,38.0
4,"Kotelnikovo, Volgogradskaya Oblast', Russia",RS84,47.6301,43.1407,1025.0,0.34897681304377254,34.0
4,"Mereya, Sakhalinskaya Oblast', Russia",RS64,46.627,142.901,,,65.0
4,"Estosadok, Krasnodarskiy Kray, Russia",RS38,43.6862,40.2578,,,23.0
4,"Ilyukhin, Rostovskaya Oblast', Russia",RS61,48.5068,40.54,,,61.0
4,"Yaseni, Krasnodarskiy Kray, Russia",RS38,46.5067,38.8524,,,23.0
4,"Shcherbinovka, Saratovskaya Oblast', Russia",RS67,51.7688,44.9206,,,64.0
4,"Solntsev, Kurskaya Oblast', Russia",RS41,51.3983,36.6625,1385.0,6.593848385329773,46.0
4,"Normen, Khabarovskiy Kray, Russia",RS30,49.4377,135.965,,,27.0
4,"Vozy, Kurskaya Oblast', Russia",RS41,52.1831,36.2792,,,46.0
4,"Gyna, Komi, Russia",RS34,63.7017,46.95,,,11.0
4,"Papino, Kostromskaya Oblast', Russia",RS37,58.5586,41.9437,,,44.0
4,"Ancu, Chechnya And Ingushetiya, Russia",RSCI,42.9292,45.3027,,,20.0
4,"Karay, Mariy-El, Russia",RS45,56.0436,48.6481,,,12.0
4,"Lgovo, Tverskaya Oblast', Russia",RS77,57.2892,37.3511,,,69.0
4,"Anapka, 92, Russia",RS92,59.9675,163.779,,,41.0
4,"Kunki, Dagestan, Russia",RS17,41.9592,47.4717,,,5.0
4,"Predtechenskiy, Vologodskaya Oblast', Russia",RS85,59.429,42.7105,,,35.0
4,"Yakor, Bryanskaya Oblast', Russia",RS10,52.2664,34.8026,,,32.0
4,"Lukyanovskaya, Vologodskaya Oblast', Russia",RS85,59.9557,38.837,,,35.0
4,"Nerussa, Bryanskaya Oblast', Russia",RS10,52.4294,34.1451,,,32.0
4,"Golodovka, Penzenskaya Oblast', Russia",RS57,53.4782,42.3004,,,58.0
4,"Rimskaya, Kareliya, Russia",RS28,62.3186,35.933,,,10.0
4,"Marichi, Komi, Russia",RS34,66.7646,52.2457,,,11.0
4,"Milenino, Tul'skaya Oblast', Russia",RS76,53.9078,37.7242,,,71.0
4,"Kheli, Dagestan, Russia",RS17,41.9681,48.0584,,,5.0
4,"Ruzayevka, Saratovskaya Oblast', Russia",RS67,52.3339,45.4793,,,64.0
4,"Zhalpak, Astrakhanskaya Oblast', Russia",RS07,46.8877,48.2456,,,30.0
4,"Al Masa, Kirovskaya Oblast', Russia",RS33,57.2923,50.2807,,,43.0
4,"Soloslovo, Moskovskaya Oblast', Russia",RS47,55.6918,37.1443,,,50.0
4,"Talka, Irkutskaya Oblast', Russia",RS20,52.4522,104.455,,,38.0
4,"Novogorodskoye, Tul'skaya Oblast', Russia",RS76,53.5022,38.2946,,,71.0
4,"Usmanova, Bashkortostan, Russia",RS08,54.136,56.6382,,,2.0
4,"Goryane, Rostovskaya Oblast', Russia",RS61,48.9281,40.9175,,,61.0
4,"Amineva, Chelyabinskaya Oblast', Russia",RS13,55.7069,61.3986,,,74.0
4,"Barisa, Irkutskaya Oblast', Russia",RS20,52.5072,105.329,,,38.0
4,"Saskylakh, Sakha (Yakutiya), Russia",RS63,71.9167,114.083,315.0,5.378765840445427,14.0
4,"Novogeorgiyevsk, Belgorodskaya Oblast', Russia",RS09,50.9407,38.4019,,,31.0
4,"Pustoshka, Novgorodskaya Oblast', Russia",RS52,56.9652,31.2751,,,53.0
4,"Konovalovo, Sverdlovskaya Oblast', Russia",RS71,56.9432,59.7388,,,66.0
4,"Ting At, Vologodskaya Oblast', Russia",RS85,60.2566,38.8418,,,35.0
4,"Vulan River, Krasnodarskiy Kray, Russia",RS38,44.3567,38.5263,,,23.0
4,"Chernomorskiy, Krasnodarskiy Kray, Russia",RS38,44.8506,38.4936,,,23.0
4,"Vernoye, Belgorodskaya Oblast', Russia",RS09,50.4329,37.5589,,,31.0
4,"Gorelovo, Pskovskaya Oblast', Russia",RS60,56.0836,28.3273,,,60.0
4,"Sukhara, Kostromskaya Oblast', Russia",RS37,57.4863,41.4367,,,44.0
4,"Mukhorshibir, Buryatiya, Russia",RS11,51.0499,107.83,99.0,0.33861218901048706,3.0
4,"Khonkholoyka, Buryatiya, Russia",RS11,51.1725,107.903,,,3.0
4,"Khonkholoy, Buryatiya, Russia",RS11,50.8699,108.254,,,3.0
4,"Tugnuy, Buryatiya, Russia",RS11,51.2155,108.107,,,3.0
4,"Volim, Permskiy Kray, Russia",RS90,60.9167,56.8,,,59.0
4,"Lysogorskaya, Stavropol'skiy Kray, Russia",RS70,44.1064,43.2756,,,26.0
4,"Lysogorsk, Krasnoyarskiy Kray, Russia",RS39,56.8939,97.0322,,,24.0
4,"Saltykovo, Saratovskaya Oblast', Russia",RS67,51.432,44.6196,,,64.0
4,"Korovinskoye, Nizhegorodskaya Oblast', Russia",RS51,56.9252,43.5404,,,52.0
4,"Kakuri, Murmanskaya Oblast', Russia",RS49,69.5333,31.2833,,,51.0
4,"And Al-Aly, Chechnya And Ingushetiya, Russia",RSCI,43.0929,46.3787,,,20.0
4,"Mamala, Sakha (Yakutiya), Russia",RS63,67.8667,129.8,,,14.0
4,"Oleshnya, Novgorodskaya Oblast', Russia",RS52,58.3956,32.3611,,,53.0
4,"Nikolayevo, Nizhegorodskaya Oblast', Russia",RS51,56.9926,46.5064,,,52.0
4,"Medvezhegorsk, Kareliya, Russia",RS28,62.9171,34.4569,214.0,0.8636704878047016,10.0
4,"Zhuravets, Kurskaya Oblast', Russia",RS41,52.0044,35.7887,,,46.0
4,"Malyshevo, Pskovskaya Oblast', Russia",RS60,56.6587,28.7924,,,60.0
4,"Kysyl, Sakha (Yakutiya), Russia",RS63,62.1,126.6,,,14.0
4,"Varshavskoye, Chelyabinskaya Oblast', Russia",RS13,52.8435,60.3357,,,74.0
4,"Vikulovskaya, Kirovskaya Oblast', Russia",RS33,58.8167,53.6833,,,43.0
4,"Kornevo, Mariy-El, Russia",RS45,57.1475,48.7886,,,12.0
4,"Kara-Kulka, Bashkortostan, Russia",RS08,54.8124,53.8841,,,2.0
4,"Karmanov, Chelyabinskaya Oblast', Russia",RS13,53.2167,60.85,,,74.0
4,"Khalan, Khabarovskiy Kray, Russia",RS30,51.7833,140.05,,,27.0
4,"Nikolayevo-Darino, Kurskaya Oblast', Russia",RS41,51.2477,35.0165,,,46.0
4,"Steklyanukha, Primorskiy Kray, Russia",RS59,43.3443,132.476,,,25.0
4,"Khoten, Kaluzhskaya Oblast', Russia",RS25,54.1445,35.4508,,,40.0
4,"Basovka, Lipetskaya Oblast', Russia",RS43,52.9333,38.3,,,48.0
4,"Khoroshevo-Mnevniki, Moskovskaya Oblast', Russia",RS47,55.7836,37.4714,,,50.0
4,"Usacheva, Tomskaya Oblast', Russia",RS75,56.8833,87.1333,,,70.0
4,"Vorontsovo, Pskovskaya Oblast', Russia",RS60,56.4595,28.8512,,,60.0
4,"Leonidovka, Penzenskaya Oblast', Russia",RS57,53.1263,45.2319,,,58.0
4,"Nizhniy Klin, Tverskaya Oblast', Russia",RS77,57.1303,32.4341,,,69.0
4,"Korneevo, Checheno-Ingushskaya Avtonomnaya Sovetskaya Sotsialistichesk, Russia",RS12,43.918,45.6016,,,20.0
4,"Lebedevka, Novosibirskaya Oblast', Russia",RS53,54.5167,83.8833,,,54.0
4,"Mirila, Leningradskaya Oblast', Russia",RS42,60.279,28.8615,,,47.0
4,"Leonidovo, Ivanovskaya Oblast', Russia",RS21,57.0536,42.9092,,,37.0
4,"Voyvozh, Komi, Russia",RS34,64.3418,55.124,,,11.0
4,"Pyakupur, Yamalo-Nenetskiy Avtonomnyy Okrug, Russia",RS87,64.9481,77.8175,,,89.0
4,"Sabakh, Khabarovskiy Kray, Russia",RS30,52.7833,141.167,,,27.0
4,"Edelbay, Stavropol'skiy Kray, Russia",RS70,45.3231,43.8836,,,26.0
4,"Trinadtsatyy, Tomskaya Oblast', Russia",RS75,58.8,76.6,,,70.0
4,"Stasov, Astrakhanskaya Oblast', Russia",RS07,48.5944,45.6218,,,30.0
4,"Turgoyak, Chelyabinskaya Oblast', Russia",RS13,55.065,59.9894,,,74.0
4,"Obukhovka, Belgorodskaya Oblast', Russia",RS09,51.1506,38.0583,,,31.0
4,"Ivnitsa, Kurskaya Oblast', Russia",RS41,51.4185,35.3018,,,46.0
4,"Mikhal, Novgorodskaya Oblast', Russia",RS52,59.1,32.2,,,53.0
4,"Zolotukha, Altayskiy Kray, Russia",RS04,50.8081,81.5292,,,22.0
4,"Anastasyevka, Khabarovskiy Kray, Russia",RS30,48.5732,135.569,,,27.0
4,"Tynkovka, Lipetskaya Oblast', Russia",RS43,52.6608,39.3791,,,48.0
4,"Koptsevy Khutora, Lipetskaya Oblast', Russia",RS43,52.6769,39.4613,,,48.0
4,"Syrskoye, Lipetskaya Oblast', Russia",RS43,52.5744,39.4966,,,48.0
4,"Bashanta, Kalmykiya, Russia",RS24,46.0878,41.9335,,,8.0
4,"Melovaya, Novosibirskaya Oblast', Russia",RS53,55.8167,76.6333,,,54.0
4,"Doubtful Harbour, Chukotskiy Avtonomnyy Okrug, Russia",RS15,70.9,-179.5,,,87.0
4,"Kromskiye Byki, Kurskaya Oblast', Russia",RS41,51.4877,35.2807,,,46.0
4,"Sakharovka, Lipetskaya Oblast', Russia",RS43,52.5463,38.1698,,,48.0
4,"Melovoy, Ul'yanovskaya Oblast', Russia",RS81,54.1182,48.3253,,,73.0
4,"Tinkovka, Belgorodskaya Oblast', Russia",RS09,51.0,37.5833,,,31.0
4,"Urta, Buryatiya, Russia",RS11,53.0638,112.423,,,3.0
4,"Pryamitsyno, Kurskaya Oblast', Russia",RS41,51.6561,35.9314,1380.0,0.47042552432706275,46.0
4,"Voroshnevo, Kurskaya Oblast', Russia",RS41,51.6528,36.0172,,,46.0
4,"Rybinskoye, Krasnoyarskiy Kray, Russia",RS39,55.7784,94.7864,714.0,21.359513739676043,24.0
4,"Burtseva, Kurskaya Oblast', Russia",RS41,52.0594,36.2475,,,46.0
4,"Tolpino, Kurskaya Oblast', Russia",RS41,51.4542,34.9053,,,46.0
4,"Gnezdilovo, Yaroslavskaya Oblast', Russia",RS88,58.2069,40.2906,,,76.0
4,"Levshinka, Tul'skaya Oblast', Russia",RS76,53.17,37.9306,,,71.0
4,"Belovsk, Bryanskaya Oblast', Russia",RS10,53.0768,33.2412,,,32.0
4,"Shtormovoy, Yamalo-Nenetskiy Avtonomnyy Okrug, Russia",RS87,71.8019,73.5172,,,89.0
4,"Yarysh, Bashkortostan, Russia",RS08,54.1339,55.0719,,,2.0
4,"Polkovnichiy, Krasnodarskiy Kray, Russia",RS38,44.4147,38.7223,,,23.0
4,"Penkov, Tul'skaya Oblast', Russia",RS76,53.8193,37.2448,,,71.0
4,"Turetsk, Krasnoyarskiy Kray, Russia",RS39,56.5757,90.6906,,,24.0
4,"Staraya Sorochina, Kurskaya Oblast', Russia",RS41,51.3406,35.2204,,,46.0
4,"Pekhovo, Novgorodskaya Oblast', Russia",RS52,58.3279,32.7924,,,53.0
4,"Lyubimovo, Kostromskaya Oblast', Russia",RS37,57.5105,40.8712,,,44.0
4,"Russkoye Porechnoye, Kurskaya Oblast', Russia",RS41,51.3214,35.3367,,,46.0
4,"Viktorovka, Orlovskaya Oblast', Russia",RS56,52.3844,37.869,,,57.0
4,"Cherkasskaya Konopelka, Kurskaya Oblast', Russia",RS41,51.1506,35.3478,,,46.0
4,"Plekhanovo, Smolenskaya Oblast', Russia",RS69,55.6165,34.9813,,,67.0
4,"Russkaya Konopelka, Kurskaya Oblast', Russia",RS41,51.1839,35.4064,,,46.0
4,"Velya, Moskovskaya Oblast', Russia",RS47,56.5167,37.6667,,,50.0
4,"Obshchiy Kolodez, Kurskaya Oblast', Russia",RS41,51.4908,35.1056,,,46.0
4,"Cheshe, Krasnodarskiy Kray, Russia",RS38,44.1892,39.6797,,,23.0
4,"Gusevo, Vologodskaya Oblast', Russia",RS85,60.5833,45.5,,,35.0
4,"Karatau, Bashkortostan, Russia",RS08,52.625,58.1144,,,2.0
4,"Kargopolye, Kurganskaya Oblast', Russia",RS40,55.9514,64.4372,,,45.0
4,"Kremyanoye, Kurskaya Oblast', Russia",RS41,51.3921,35.0749,,,46.0
4,"Bazas, Kemerovskaya Oblast', Russia",RS29,53.15,88.6833,,,42.0
4,"Bushmeno, Kurskaya Oblast', Russia",RS41,51.1575,35.9125,,,46.0
4,"Tolbino, Bryanskaya Oblast', Russia",RS10,53.8972,33.5394,,,32.0
4,"Kopanki, Nizhegorodskaya Oblast', Russia",RS51,56.8847,45.6499,,,52.0
4,"Mazino, Yaroslavskaya Oblast', Russia",RS88,57.955,39.5917,,,76.0
4,"Zloba, Komi, Russia",RS34,64.9667,53.7667,,,11.0
4,"Slobodka-Ivanovka, Kurskaya Oblast', Russia",RS41,51.5371,34.3287,,,46.0
4,"Zabrody, Orlovskaya Oblast', Russia",RS56,53.011,36.6007,,,57.0
4,"Sai No Kawara, Rsja, Russia",RSJA,44.3,146.333,,,65.0
4,"Gololobovo, Moskovskaya Oblast', Russia",RS47,55.0528,38.5769,,,50.0
4,"Martinovka, Smolenskaya Oblast', Russia",RS69,54.3214,32.6567,,,67.0
4,"Kulebyaki, Ul'yanovskaya Oblast', Russia",RS81,52.7667,47.0833,,,73.0
4,"Veletma, Nizhegorodskaya Oblast', Russia",RS51,55.3347,42.4214,,,52.0
4,"Skrylevka, Kurskaya Oblast', Russia",RS41,51.4462,35.1342,,,46.0
4,"Ustinovka, Saratovskaya Oblast', Russia",RS67,51.5833,49.9667,,,64.0
4,"Borodinka, Bryanskaya Oblast', Russia",RS10,52.7873,32.9865,,,32.0
4,"Cheremushkin, Adygeya, Russia",RS01,44.7919,40.0506,,,1.0
4,"Pogrebki, Kaluzhskaya Oblast', Russia",RS25,54.0491,34.0848,,,40.0
4,"Spalnoye, Kurskaya Oblast', Russia",RS41,51.0829,35.4584,,,46.0
4,"Kamyshny, Rostovskaya Oblast', Russia",RS61,47.6292,41.1866,,,61.0
4,"Murashkina, Smolenskaya Oblast', Russia",RS69,54.4555,33.156,,,67.0
4,"Mednogorsk, Orenburgskaya Oblast', Russia",RS55,51.4128,57.595,1671.0,1.3419250288367344,56.0
4,"Kruglenkiy, Altayskiy Kray, Russia",RS04,53.35,79.45,,,22.0
4,"Kamyshnoye, Omskaya Oblast', Russia",RS54,54.6938,74.8772,,,55.0
4,"Ignatenko, Rostovskaya Oblast', Russia",RS61,48.3142,41.1663,,,61.0
4,"Mansurovo, Kaluzhskaya Oblast', Russia",RS25,54.6557,37.1096,,,40.0
4,"Alekseyevskoye, Khabarovskiy Kray, Russia",RS30,49.2998,140.231,,,27.0
4,"Sheptukhovka, Rostovskaya Oblast', Russia",RS61,49.2901,40.3469,,,61.0
4,"Safonovka, Voronezhskaya Oblast', Russia",RS86,51.3331,40.8589,,,36.0
4,"Khalzan, Buryatiya, Russia",RS11,50.4328,103.664,,,3.0
4,"Khamar, Dagestan, Russia",RS17,42.0938,46.3851,,,5.0
4,"Chernorechye, Krasnodarskiy Kray, Russia",RS38,43.9409,40.6872,,,23.0
4,"Poroshino, Permskiy Kray, Russia",RS90,59.6426,56.5121,,,59.0
4,"Tava, Russia (General), Russia",RS00,57.2878,70.5253,,,91.0
4,"Buor, Sakha (Yakutiya), Russia",RS63,62.6833,128.017,,,14.0
4,"Suma Bay, Kareliya, Russia",RS28,64.3331,35.4574,,,10.0
4,"Bunya, Zabaykal'skiy Kray, Russia",RS93,51.4873,118.262,,,75.0
4,"Vnezapnoye, Novgorodskaya Oblast', Russia",RS52,58.7667,33.5667,,,53.0
4,"Zvannoye, Kurskaya Oblast', Russia",RS41,51.3783,34.5486,,,46.0
4,"Puchkov, Kurskaya Oblast', Russia",RS41,51.8762,35.5256,,,46.0
4,"Cheremkhov, Belgorodskaya Oblast', Russia",RS09,49.9661,39.1708,,,31.0
4,"Makva, Kurskaya Oblast', Russia",RS41,51.7172,36.0941,,,46.0
4,"Kayen, Irkutskaya Oblast', Russia",RS20,56.7775,97.947,,,38.0
4,"Bondarevka, Rostovskaya Oblast', Russia",RS61,49.8772,41.6836,,,61.0
4,"Anastasiyevka, Khabarovskiy Kray, Russia",RS30,48.5732,135.569,,,27.0
4,"Luchegorsk, Primorskiy Kray, Russia",RS59,46.4764,134.257,799.0,4.890335317287242,25.0
4,"Uglovaya, Kurganskaya Oblast', Russia",RS40,54.4433,64.3217,,,45.0
4,"Kruglikovo, Khabarovskiy Kray, Russia",RS30,48.1058,135.113,,,27.0
4,"Komel, Novgorodskaya Oblast', Russia",RS52,58.7379,32.9172,,,53.0
4,"Karyzh, Kurskaya Oblast', Russia",RS41,51.3752,34.4526,,,46.0
4,"Rylskoye, Tul'skaya Oblast', Russia",RS76,53.564,38.4602,,,71.0
4,"Shumka, Kaluzhskaya Oblast', Russia",RS25,55.1178,36.0511,,,40.0
4,"Lokna, Orlovskaya Oblast', Russia",RS56,53.3329,35.7984,,,57.0
4,"Vishen, Pskovskaya Oblast', Russia",RS60,58.6393,28.9702,,,60.0
4,"Gordeyevka, Rsja, Russia",RSJA,44.3,146.333,,,65.0
4,"Olonki, Irkutskaya Oblast', Russia",RS20,52.8986,103.704,,,38.0
4,"Aleksandriya, Ul'yanovskaya Oblast', Russia",RS81,54.4805,47.3304,,,73.0
4,"Yuriyevo, Yaroslavskaya Oblast', Russia",RS88,58.7542,39.2355,,,76.0
4,"To Bushi, Sakhalinskaya Oblast', Russia",RS64,46.7114,141.899,,,65.0
4,"Valuy, Pskovskaya Oblast', Russia",RS60,57.905,30.0269,,,60.0
4,"Bratskiy, Volgogradskaya Oblast', Russia",RS84,48.4047,43.6261,,,34.0
4,"Stary-Oskol, Belgorodskaya Oblast', Russia",RS09,51.2967,37.8417,933.0,0.6092910320636408,31.0
4,"Kisy, Tatarstan, Russia",RS73,54.8574,50.8693,,,16.0
4,"Kisselev, Volgogradskaya Oblast', Russia",RS84,48.8692,42.8003,,,34.0
4,"Gochevo, Kurskaya Oblast', Russia",RS41,51.1175,35.8797,,,46.0
4,"Tazovo, Smolenskaya Oblast', Russia",RS69,55.4344,34.9828,,,67.0
4,"Novaya Sorochina, Kurskaya Oblast', Russia",RS41,51.3596,35.2274,,,46.0
4,"Kositsa, Kurskaya Oblast', Russia",RS41,51.3082,35.3177,,,46.0
4,"Etni, Khabarovskiy Kray, Russia",RS30,59.6333,141.983,,,27.0
4,"Yukhnov, Kaluzhskaya Oblast', Russia",RS25,54.7444,35.2297,1223.0,0.3773155613233023,40.0
4,"Ptiche, Stavropol'skiy Kray, Russia",RS70,45.5252,41.716,,,26.0
4,"Fanaseyevka, Kurskaya Oblast', Russia",RS41,51.1394,35.3572,,,46.0
4,"Sayano-Gorsk, Khakasiya, Russia",RS31,53.0875,91.3997,450.0,0.9170895911869617,19.0
4,"Kolychevka, Mordoviya, Russia",RS46,54.1824,43.9381,,,13.0
4,"Artemovo, Tverskaya Oblast', Russia",RS77,57.2473,37.5356,,,69.0
4,"Ozerka, Orenburgskaya Oblast', Russia",RS55,52.55,54.1333,,,56.0
4,"La Chama, Khabarovskiy Kray, Russia",RS30,49.312,140.167,,,27.0
4,"Cherkasskoye, Voronezhskaya Oblast', Russia",RS86,50.6639,39.9272,,,36.0
4,"Imeretinskaya, Krasnodarskiy Kray, Russia",RS38,44.6881,39.43,,,23.0
4,"Lyulya, Mordoviya, Russia",RS46,54.4649,45.9739,,,13.0
4,"Markina, Kemerovskaya Oblast', Russia",RS29,56.6769,88.3905,,,42.0
4,"Kozova, Moskovskaya Oblast', Russia",RS47,54.8617,38.3331,,,50.0
4,"Pushkina, Zabaykal'skiy Kray, Russia",RS93,51.4701,112.845,,,75.0
4,"Sara Or, Dagestan, Russia",RS17,42.1886,46.338,,,5.0
4,"Navashino, Nizhegorodskaya Oblast', Russia",RS51,55.5894,42.2416,1529.0,6.0398728820806715,52.0
4,"Koporye, Yaroslavskaya Oblast', Russia",RS88,57.4377,40.2302,,,76.0
4,"Sukko, Krasnodarskiy Kray, Russia",RS38,44.7994,37.4214,,,23.0
4,"Ptichye, Stavropol'skiy Kray, Russia",RS70,45.5252,41.716,,,26.0
4,"Vishnevka, Orenburgskaya Oblast', Russia",RS55,53.4333,52.5833,,,56.0
4,"Germenchik, Dagestan, Russia",RS17,43.541,46.725,,,5.0
4,"Yemtsa, Arkhangel'skaya Oblast', Russia",RS06,63.0734,40.3329,,,29.0
4,"Shalygino, Kirovskaya Oblast', Russia",RS33,57.6126,49.0544,,,43.0
4,"Naisha, Sakhalinskaya Oblast', Russia",RS64,46.1397,142.217,,,65.0
4,"Suntar, Sakha (Yakutiya), Russia",RS63,63.4,141.567,,,14.0
4,"Tolsty Lug, Kurskaya Oblast', Russia",RS41,51.2974,35.0773,,,46.0
4,"Kong Or, Sakha (Yakutiya), Russia",RS63,62.9,142.0,,,14.0
4,"Belopolye, Saratovskaya Oblast', Russia",RS67,51.4445,47.0478,,,64.0
4,"Kutaki, Chuvashiya, Russia",RS16,55.9,47.4,,,21.0
4,"Shibetoro, Rsja, Russia",RSJA,44.3333,146.0,,,65.0
4,"Reutovo, Yaroslavskaya Oblast', Russia",RS88,57.8671,37.7763,,,76.0
4,"Sidelnikovo, Mariy-El, Russia",RS45,56.1668,47.6356,,,12.0
4,"Selik, Dagestan, Russia",RS17,41.8558,48.4519,,,5.0
4,"Poga, Arkhangel'skaya Oblast', Russia",RS06,62.408,45.1955,,,29.0
4,"Stepanovskaya, Kaluzhskaya Oblast', Russia",RS25,54.9567,35.7944,,,40.0
4,"Mezhevo, Krasnoyarskiy Kray, Russia",RS39,55.5415,94.989,,,24.0
4,"Sorvino, Permskiy Kray, Russia",RS90,59.6818,56.3494,,,59.0
4,"Nur-Seleniye, Buryatiya, Russia",RS11,51.7679,107.456,,,3.0
4,"Krasnooktyabrskiy Rayon, Nizhegorodskaya Oblast', Russia",RS51,55.3333,45.5833,1559.0,7.71289262792464,52.0
4,"Pershinskaya, Arkhangel'skaya Oblast', Russia",RS06,60.9022,40.8548,,,29.0
4,"Okhotnichiy, Primorskiy Kray, Russia",RS59,46.5206,136.958,,,25.0
4,"Mezhov, Volgogradskaya Oblast', Russia",RS84,49.55,45.9167,,,34.0
4,"Novoaleksandrovsk, Rostovskaya Oblast', Russia",RS61,46.6184,40.2702,,,61.0
4,"Kizel, Permskiy Kray, Russia",RS90,59.0513,57.6455,745.0,0.5110329606129824,59.0
4,"Matrosov, Krasnodarskiy Kray, Russia",RS38,46.3975,39.295,,,23.0
4,"Murmashi, Murmanskaya Oblast', Russia",RS49,68.8154,32.8115,1506.0,20.23288544621162,51.0
4,"Kaymar, Mordoviya, Russia",RS46,54.4337,44.2337,,,13.0
4,"Kievo, Sakhalinskaya Oblast', Russia",RS64,53.1333,141.867,,,65.0
4,"Mezhevoye, Chelyabinskaya Oblast', Russia",RS13,56.1753,59.1567,,,74.0
4,"Talkata, Amurskaya Oblast', Russia",RS05,54.6869,130.305,,,28.0
4,"Shtany, Irkutskaya Oblast', Russia",RS20,56.3508,105.509,,,38.0
4,"Wolga, Russia (General), Russia",RS00,45.9195,47.8682,,,91.0
4,"Kamyshevka, Amurskaya Oblast', Russia",RS05,50.0937,129.334,,,28.0
4,"Muzhitsa, Kurskaya Oblast', Russia",RS41,51.2694,34.7788,,,46.0
4,"Shikhi, Arkhangel'skaya Oblast', Russia",RS06,61.3081,48.6372,,,29.0
4,"Samoryadovo, Yaroslavskaya Oblast', Russia",RS88,57.8288,38.9147,,,76.0
4,"Kozyrevka, Kurganskaya Oblast', Russia",RS40,54.6642,63.4928,,,45.0
4,"Ostrogoshsk, Voronezhskaya Oblast', Russia",RS86,50.8664,39.0756,1093.0,0.20262537527709776,36.0
4,"Malomikhaylovka, Belgorodskaya Oblast', Russia",RS09,50.432,37.0846,,,31.0
4,"Tanty, Chechnya And Ingushetiya, Russia",RSCI,43.2128,46.3894,,,20.0
4,"Alendar, Irkutskaya Oblast', Russia",RS20,53.1207,103.731,,,38.0
4,"Zarevo, Bryanskaya Oblast', Russia",RS10,52.425,34.8368,,,32.0
4,"Kuren, Kirovskaya Oblast', Russia",RS33,59.1201,48.1483,,,43.0
4,"Galenki, Primorskiy Kray, Russia",RS59,44.0403,131.767,,,25.0
4,"Shakhta, Permskiy Kray, Russia",RS90,59.0905,57.6575,,,59.0
4,"Razrez Berezovskiy, Krasnoyarskiy Kray, Russia",RS39,55.6697,89.2031,,,24.0
4,"Tany, Sverdlovskaya Oblast', Russia",RS71,57.7136,59.1809,,,66.0
4,"Sadki, Rostovskaya Oblast', Russia",RS61,47.8999,40.4627,,,61.0
4,"Kruglenkoye, Belgorodskaya Oblast', Russia",RS09,50.9018,37.3912,,,31.0
4,"Kalinov, Rostovskaya Oblast', Russia",RS61,48.0586,40.5357,,,61.0
4,"Razvedka, Orenburgskaya Oblast', Russia",RS55,50.8397,60.8003,,,56.0
4,"Solovevka, Belgorodskaya Oblast', Russia",RS09,50.3827,36.4151,,,31.0
4,"Vocha, Kostromskaya Oblast', Russia",RS37,59.0167,42.6333,,,44.0
4,"-Kursk, Kurskaya Oblast', Russia",RS41,51.7373,36.1873,1359.0,1.1911244562947663,46.0
4,"Boguchan, Amurskaya Oblast', Russia",RS05,49.284,130.264,,,28.0
4,"Mikhaylenko, Krasnodarskiy Kray, Russia",RS38,45.0764,37.8014,,,23.0
4,"Nezhdanova, Sverdlovskaya Oblast', Russia",RS71,58.0333,63.5,,,66.0
4,"Churva, Komi, Russia",RS34,66.4333,52.5,,,11.0
4,"Karaulny, Samarskaya Oblast', Russia",RS65,52.7953,49.9227,,,63.0
4,"Berikh, Checheno-Ingushskaya Avtonomnaya Sovetskaya Sotsialistichesk, Russia",RS12,42.996,46.1837,,,20.0
4,"Kuyakhtanar, Altay, Russia",RS03,51.3,85.5667,,,4.0
4,"Rubanshchina, Kurskaya Oblast', Russia",RS41,51.1883,35.2097,,,46.0
4,"Kivimaki, Leningradskaya Oblast', Russia",RS42,60.65,30.2833,,,47.0
4,"Zaliv Amerika, Primorskiy Kray, Russia",RS59,42.8,132.95,,,25.0
4,"Motra, Vladimirskaya Oblast', Russia",RS83,55.7388,42.2486,,,33.0
4,"Klyutoma, Kaluzhskaya Oblast', Russia",RS25,54.0428,35.8133,,,40.0
4,"Aldanzoloto, Sakha (Yakutiya), Russia",RS63,59.2539,125.284,,,14.0
4,"Vavilova, Permskiy Kray, Russia",RS90,58.7167,55.6,,,59.0
4,"Kildin Strait, Murmanskaya Oblast', Russia",RS49,69.3056,34.1642,,,51.0
4,"Dzerzhinets, Permskiy Kray, Russia",RS90,59.0732,56.8646,,,59.0
4,"Manych, Krasnodarskiy Kray, Russia",RS38,45.7667,39.7331,,,23.0
4,"Kapitonovka, Orenburgskaya Oblast', Russia",RS55,51.9576,54.1139,,,56.0
4,"Stary Khutor, Belgorodskaya Oblast', Russia",RS09,50.2319,37.661,,,31.0
4,"Vysokovsk, Moskovskaya Oblast', Russia",RS47,56.3167,36.55,,,50.0
4,"Durova, Kaluzhskaya Oblast', Russia",RS25,54.8942,35.5237,,,40.0
4,"Sokolovka, Amurskaya Oblast', Russia",RS05,51.0121,129.202,,,28.0
4,"Bisk, Altayskiy Kray, Russia",RS04,52.5364,85.2072,,,22.0
4,"Krasnooktyabrskoye, Dagestan, Russia",RS17,43.847,46.6555,,,5.0
4,"Zhuravlevskiy, Chelyabinskaya Oblast', Russia",RS13,54.8543,61.6695,,,74.0
4,"Milyake, Sakha (Yakutiya), Russia",RS63,63.0606,116.413,,,14.0
4,"Vilyuisk, Sakha (Yakutiya), Russia",RS63,63.7553,121.625,320.0,0.15538420851988602,14.0
4,"Desyaty Oktyabr, Ryazanskaya Oblast', Russia",RS62,54.3058,41.4096,,,62.0
4,"Glubokinskaya, Zabaykal'skiy Kray, Russia",RS93,51.8512,113.714,,,75.0
4,"Zhebolovka, Kurskaya Oblast', Russia",RS41,51.4152,35.0152,,,46.0
4,"Kutsaga, Zabaykal'skiy Kray, Russia",RS93,51.4048,113.848,,,75.0
4,"Tevi, 92, Russia",RS92,59.6667,160.95,,,41.0
4,"Tunoshna, Yaroslavskaya Oblast', Russia",RS88,57.5459,40.1254,,,76.0
4,"Vodopad, Arkhangel'skaya Oblast', Russia",RS06,63.7,40.7006,,,29.0
4,"Dzhanda, Sakha (Yakutiya), Russia",RS63,59.0,131.817,,,14.0
4,"Malaya Mezhenka, Voronezhskaya Oblast', Russia",RS86,50.1195,39.7552,,,36.0
4,"Shanya, Kaluzhskaya Oblast', Russia",RS25,54.6818,35.9201,,,40.0
4,"Kolesnikovka, Rostovskaya Oblast', Russia",RS61,48.8149,40.6729,,,61.0
4,"Franz-Josef-Land, Arkhangel'skaya Oblast', Russia",RS06,81.0,55.0,,,29.0
4,"Dneprovskoye, Smolenskaya Oblast', Russia",RS69,55.6592,33.9042,,,67.0
4,"Alisovka, Belgorodskaya Oblast', Russia",RS09,51.0985,36.1964,,,31.0
4,"Novomichurinsk, Ryazanskaya Oblast', Russia",RS62,54.0384,39.7479,,,62.0
4,"Rauschen, Kaliningradskaya Oblast', Russia",RS23,54.9399,20.1548,,,39.0
4,"Lesovka, Orlovskaya Oblast', Russia",RS56,52.3833,37.1667,,,57.0
4,"Kantyshevo, Chechnya And Ingushetiya, Russia",RSCI,43.2145,44.6771,,,20.0
4,"Kuzminka, Bashkortostan, Russia",RS08,54.4167,54.5,,,2.0
4,"Konechnaya, Vologodskaya Oblast', Russia",RS85,60.0945,40.4838,,,35.0
4,"Svinka, Tul'skaya Oblast', Russia",RS76,54.4858,37.0964,,,71.0
4,"Kubatkin, Kurskaya Oblast', Russia",RS41,51.2519,35.2725,,,46.0
4,"Silta, Dagestan, Russia",RS17,42.3873,47.0713,,,5.0
4,"Konkino, Zabaykal'skiy Kray, Russia",RS93,49.8078,108.074,,,75.0
4,"Kapilina, Permskiy Kray, Russia",RS90,59.0182,54.8605,,,59.0
4,"Shabalina, Irkutskaya Oblast', Russia",RS20,53.5154,102.16,,,38.0
4,"Nizhnyaya Parovaya, Kurskaya Oblast', Russia",RS41,51.3515,35.3788,,,46.0
4,"Petropavlovsk Kamchatskiy, 92, Russia",RS92,53.0452,158.648,608.0,2.8045092107177845,41.0
4,"Sabanovo, Mordoviya, Russia",RS46,54.4831,45.5638,,,13.0
4,"Kozhikovo, Chuvashiya, Russia",RS16,55.5665,46.98,,,21.0
4,"Talyn, Buryatiya, Russia",RS11,52.8203,111.168,,,3.0
4,"Chusovoy, Permskiy Kray, Russia",RS90,58.3013,57.8131,767.0,2.190115887518834,59.0
4,"Kostenkovo, Ryazanskaya Oblast', Russia",RS62,54.7074,39.2552,,,62.0
4,"Krutoy Yar, Omskaya Oblast', Russia",RS54,54.1376,74.723,,,55.0
4,"-Belgorod, Belgorodskaya Oblast', Russia",RS09,50.6107,36.5802,931.0,1.75732794814079,31.0
4,"-Bryansk, Bryanskaya Oblast', Russia",RS10,53.2521,34.3717,953.0,13.77822265077921,32.0
4,"Berezhkovskaya, Vladimirskaya Oblast', Russia",RS83,56.4795,41.516,,,33.0
4,"Pushkarskoye, Kurskaya Oblast', Russia",RS41,51.21,35.4227,,,46.0
4,"Gaponovo, Bryanskaya Oblast', Russia",RS10,52.1484,34.6769,,,32.0
4,"Mayramadag, Severnaya Osetiya-Alaniya, Russia",RS68,43.0194,44.4775,,,15.0
4,"Uski, Novgorodskaya Oblast', Russia",RS52,58.1728,30.0206,,,53.0
4,"Zory, Permskiy Kray, Russia",RS90,58.2732,56.0174,,,59.0
4,"Onguday, Altay, Russia",RS03,50.75,86.15,13.0,1.1599473828183322,4.0
4,"Ulagan, Altay, Russia",RS03,50.6333,87.9667,15.0,0.7610109746830356,4.0
4,"Poperechnaya, Altayskiy Kray, Russia",RS04,53.5667,80.7833,,,22.0
4,"Zaikin, Rostovskaya Oblast', Russia",RS61,49.0482,40.1577,,,61.0
4,"Bakhtinka, Lipetskaya Oblast', Russia",RS43,52.3,38.3667,,,48.0
4,"Aleksandro, Moskovskaya Oblast', Russia",RS47,55.4169,37.41,,,50.0
4,"Kerd, Ryazanskaya Oblast', Russia",RS62,54.1066,39.5803,,,62.0
4,"Ulanovka, Bashkortostan, Russia",RS08,53.5667,54.8,,,2.0
4,"Chebsara, Vologodskaya Oblast', Russia",RS85,59.2002,38.8356,,,35.0
4,"Rozliv, Novgorodskaya Oblast', Russia",RS52,58.0,30.6667,,,53.0
4,"Dimitrovo, Leningradskaya Oblast', Russia",RS42,59.6672,34.7411,,,47.0
4,"Zelendolsk, Tatarstan, Russia",RS73,55.8438,48.5178,375.0,2.9767932319478545,16.0
4,"Ivashkovskiy, Kurskaya Oblast', Russia",RS41,51.2696,35.2989,,,46.0
4,"Parya, Permskiy Kray, Russia",RS90,60.0167,54.3333,,,59.0
4,"Zheltuga, Zabaykal'skiy Kray, Russia",RS93,53.3374,119.648,,,75.0
4,"Trubnikov, Kurskaya Oblast', Russia",RS41,51.5913,37.5312,,,46.0
4,"Tyulyuk, Chelyabinskaya Oblast', Russia",RS13,54.6106,58.771,,,74.0
4,"Karmala, Permskiy Kray, Russia",RS90,56.5,55.45,,,59.0
4,"Petin, Ryazanskaya Oblast', Russia",RS62,53.5389,40.967,,,62.0
4,"Girvas, Murmanskaya Oblast', Russia",RS49,68.1,30.3667,,,51.0
4,"Insterburg, Kaliningradskaya Oblast', Russia",RS23,54.6334,21.8156,,,39.0
4,"Chuya, Sakha (Yakutiya), Russia",RS63,61.7297,130.366,,,14.0
4,"Amelchenko, Rostovskaya Oblast', Russia",RS61,46.7625,40.6307,,,61.0
4,"Glukhoye, Arkhangel'skaya Oblast', Russia",RS06,64.3,41.8333,,,29.0
4,"Mertvoye, Orlovskaya Oblast', Russia",RS56,53.1938,35.238,,,57.0
4,"Kurlin, Orenburgskaya Oblast', Russia",RS55,51.8,50.9667,,,56.0
4,"Shidlovskiy, Belgorodskaya Oblast', Russia",RS09,50.5236,37.6314,,,31.0
4,"Maryevka, Tambovskaya Oblast', Russia",RS72,52.6871,41.3187,,,68.0
4,"Autan, 92, Russia",RS92,61.3333,170.4,,,41.0
4,"Krenovo, Kostromskaya Oblast', Russia",RS37,58.5536,41.35,,,44.0
4,"Borodynka, Stavropol'skiy Kray, Russia",RS70,44.1486,43.1356,,,26.0
4,"Ivanovskaya, Udmurtiya, Russia",RS80,56.7833,52.2833,,,18.0
4,"Korobova, Irkutskaya Oblast', Russia",RS20,53.0833,103.483,,,38.0
4,"Kumroch, 92, Russia",RS92,56.8847,162.394,,,41.0
4,"Reutets, Kurskaya Oblast', Russia",RS41,51.438,35.9655,,,46.0
4,"Svetlovskoye, Sverdlovskaya Oblast', Russia",RS71,56.9282,61.7949,,,66.0
4,"Yarya, Tomskaya Oblast', Russia",RS75,56.9,82.9333,,,70.0
4,"Remna, Nizhegorodskaya Oblast', Russia",RS51,56.2711,43.1461,,,52.0
4,"Morki, Mariy-El, Russia",RS45,56.4303,48.9947,279.0,0.20608017105938625,12.0
4,"Denisenki, Kirovskaya Oblast', Russia",RS33,58.2189,48.7684,,,43.0
4,"Kishert, Permskiy Kray, Russia",RS90,57.3614,57.2248,746.0,1.3514070746000757,59.0
4,"Medvezhya Gora, Kareliya, Russia",RS28,62.9333,33.95,214.0,26.56528270020633,10.0
4,"Karashor, Permskiy Kray, Russia",RS90,58.6298,55.7921,,,59.0
4,"Uryakh, Sakha (Yakutiya), Russia",RS63,59.9667,134.833,,,14.0
4,"Ivankovskoye, Kurganskaya Oblast', Russia",RS40,55.39,63.8656,,,45.0
4,"Linovo, Pskovskaya Oblast', Russia",RS60,57.2535,27.9783,,,60.0
5,"Kurskoblast, Kurskaya Oblast', Russia",RS41,51.5,36.0,,,46.0
4,"Terskaya, Severnaya Osetiya-Alaniya, Russia",RS68,43.7238,44.7244,,,15.0
4,"Suya, Bashkortostan, Russia",RS08,56.05,58.65,,,2.0
4,"Kalinskiy, Sverdlovskaya Oblast', Russia",RS71,60.241,59.9898,,,66.0
4,"Amelin, Volgogradskaya Oblast', Russia",RS84,49.8005,43.8553,,,34.0
4,"Larki, Komi, Russia",RS34,66.3333,60.0667,,,11.0
4,"Mustafina, Bashkortostan, Russia",RS08,55.0178,53.6133,,,2.0
4,"Sorsk, Khakasiya, Russia",RS31,54.0033,90.2467,451.0,0.4281705214387205,19.0
4,"Salpa, Tverskaya Oblast', Russia",RS77,57.7583,34.4896,,,69.0
4,"Black Mountains, Karachayevo-Cherkesiya, Russia",RS27,43.9964,42.1733,,,9.0
4,"Makarikha, Nizhegorodskaya Oblast', Russia",RS51,56.5937,44.8154,,,52.0
4,"Malinovskoye, Kaluzhskaya Oblast', Russia",RS25,54.8367,35.8212,,,40.0
4,"Cooper Point, Primorskiy Kray, Russia",RS59,43.1033,131.859,,,25.0
4,"Yutanovka, Belgorodskaya Oblast', Russia",RS09,50.4905,37.7956,,,31.0
4,"Nipna, Khabarovskiy Kray, Russia",RS30,52.6153,135.442,,,27.0
4,"Stadion Spartak, Sakhalinskaya Oblast', Russia",RS64,46.9519,142.761,,,65.0
4,"Ross-I-Ya, Orenburgskaya Oblast', Russia",RS55,52.4,54.9833,,,56.0
4,"Vatulino, Moskovskaya Oblast', Russia",RS47,55.6542,36.1423,,,50.0
4,"Zimnyaya, Kirovskaya Oblast', Russia",RS33,59.1091,49.3559,,,43.0
4,"Rasuli, Leningradskaya Oblast', Russia",RS42,60.4955,30.2675,,,47.0
4,"Syuz, Adygeya, Russia",RS01,44.1792,40.1574,,,1.0
4,"Tishin, Rostovskaya Oblast', Russia",RS61,48.5958,40.1483,,,61.0
4,"Linkov, Krasnoyarskiy Kray, Russia",RS39,55.0367,95.5043,,,24.0
4,"Godunovka, Leningradskaya Oblast', Russia",RS42,60.4578,28.5288,,,47.0
4,"Rechki, Novgorodskaya Oblast', Russia",RS52,58.0056,30.9355,,,53.0
4,"Voronovka, Ryazanskaya Oblast', Russia",RS62,53.8611,39.4745,,,62.0
4,"Temnaya, Arkhangel'skaya Oblast', Russia",RS06,60.9896,40.1931,,,29.0
4,"Rogozin-A, Kostromskaya Oblast', Russia",RS37,59.1555,43.2076,,,44.0
4,"Sotskov, Volgogradskaya Oblast', Russia",RS84,48.1168,42.8257,,,34.0
4,"Zhukovo, Leningradskaya Oblast', Russia",RS42,59.35,28.6333,,,47.0
4,"Tupikin, Volgogradskaya Oblast', Russia",RS84,49.4167,45.95,,,34.0
4,"Konantsevo, Yaroslavskaya Oblast', Russia",RS88,58.1377,40.662,,,76.0
4,"Muraveyka, Saratovskaya Oblast', Russia",RS67,52.3667,49.1,,,64.0
4,"Tukay, Tomskaya Oblast', Russia",RS75,56.7391,87.1066,,,70.0
4,"Shalim, Kirovskaya Oblast', Russia",RS33,59.1538,53.0708,,,43.0
4,"Zakamsk, Permskiy Kray, Russia",RS90,57.9872,55.9057,,,59.0
4,"Tsvetochnoye, Leningradskaya Oblast', Russia",RS42,60.8816,28.6647,,,47.0
4,"Ladushkin, Kaliningradskaya Oblast', Russia",RS23,54.5703,20.171,1177.0,0.1905457062434141,39.0
4,"Vetreno, Kurskaya Oblast', Russia",RS41,51.4221,34.9832,,,46.0
4,"Kara-Bak, Bashkortostan, Russia",RS08,55.0833,56.2667,,,2.0
4,"Kutema, Tatarstan, Russia",RS73,54.8444,51.3811,,,16.0
4,"Omskiy, Irkutskaya Oblast', Russia",RS20,55.5269,102.391,,,38.0
4,"Konopelka, Kurskaya Oblast', Russia",RS41,51.1363,35.3032,,,46.0
4,"Yelisavetovka, Zabaykal'skiy Kray, Russia",RS93,51.5833,118.817,,,75.0
4,"Kavran, Koryakskiy Avtonomnyy Okrug, Russia",RS36,59.15,156.983,,,
4,"Korpikyulya, Leningradskaya Oblast', Russia",RS42,59.6122,30.2703,,,47.0
4,"Lushnikov, Stavropol'skiy Kray, Russia",RS70,45.2381,42.8481,,,26.0
4,"Verbilki, Moskovskaya Oblast', Russia",RS47,56.5333,37.6,,,50.0
4,"Vyazemskiy, Smolenskaya Oblast', Russia",RS69,55.2352,34.1703,2047.0,12.101725684422211,67.0
4,"Chesmenskiy, Arkhangel'skaya Oblast', Russia",RS06,64.7161,36.5604,,,29.0
4,"Kuznetskiy, Nizhegorodskaya Oblast', Russia",RS51,54.9625,44.3166,,,52.0
4,"Rayevskiy, Bashkortostan, Russia",RS08,53.4667,55.7833,,,2.0
4,"Sopkin, Nenetskiy Avtonomnyy Okrug, Russia",RS50,69.2478,48.3608,,,83.0
4,"British  Channel, Arkhangel'skaya Oblast', Russia",RS06,80.8136,52.3036,,,29.0
4,"Durovka, Belgorodskaya Oblast', Russia",RS09,50.8047,38.6828,,,31.0
4,"Dolinovka, Altayskiy Kray, Russia",RS04,53.0333,80.1,,,22.0
4,"Tarbagatai, Zabaykal'skiy Kray, Russia",RS93,51.1747,109.093,,,75.0
4,"Obozerskaya, Arkhangel'skaya Oblast', Russia",RS06,63.4517,40.3008,,,29.0
4,"Prudnik, Novgorodskaya Oblast', Russia",RS52,58.4486,33.9342,,,53.0
4,"Myakinino, Penzenskaya Oblast', Russia",RS57,53.3109,43.6992,,,58.0
4,"Orlov Bay, Arkhangel'skaya Oblast', Russia",RS06,64.9167,36.6,,,29.0
4,"Nangolo, Zabaykal'skiy Kray, Russia",RS93,54.3561,120.661,,,75.0
4,"Bazhelka, Kirovskaya Oblast', Russia",RS33,59.4789,50.0623,,,43.0
4,"To Chino, Pskovskaya Oblast', Russia",RS60,56.104,29.9653,,,60.0
4,"Sangala, Sakha (Yakutiya), Russia",RS63,66.0167,150.733,,,14.0
4,"Livana, Murmanskaya Oblast', Russia",RS49,68.5667,28.6333,,,51.0
4,"Cherna, Nizhegorodskaya Oblast', Russia",RS51,56.7495,43.6181,,,52.0
4,"Potemkinskaya, Volgogradskaya Oblast', Russia",RS84,48.0,43.1333,,,34.0
4,"Antelevo, Leningradskaya Oblast', Russia",RS42,59.6053,30.3492,,,47.0
4,"Romanovka, Amurskaya Oblast', Russia",RS05,50.3539,129.3,,,28.0
4,"Novomoskovskaya, Primorskiy Kray, Russia",RS59,43.3524,132.751,,,25.0
4,"Krakov, Primorskiy Kray, Russia",RS59,42.7667,133.267,,,25.0
4,"Anomaliya, Altayskiy Kray, Russia",RS04,51.4215,80.4569,,,22.0
4,"Chekmash, Sverdlovskaya Oblast', Russia",RS71,56.3976,58.4517,,,66.0
4,"Khergu, Khabarovskiy Kray, Russia",RS30,49.8194,133.781,,,27.0
4,"Skachkov, Rostovskaya Oblast', Russia",RS61,48.3658,41.7603,,,61.0
4,"Solotcha, Ryazanskaya Oblast', Russia",RS62,54.7897,39.8334,,,62.0
4,"Zazulevka, Kurskaya Oblast', Russia",RS41,51.2579,35.2687,,,46.0
4,"Valamo, Kareliya, Russia",RS28,61.3833,30.95,,,10.0
4,"Novoosinovo, Omskaya Oblast', Russia",RS54,55.8475,71.3385,,,55.0
4,"Staroverovka, Orenburgskaya Oblast', Russia",RS55,53.7087,52.6283,,,56.0
4,"Kucherovka, Rostovskaya Oblast', Russia",RS61,47.6763,38.8857,,,61.0
4,"Kudino, Ivanovskaya Oblast', Russia",RS21,57.1328,42.1599,,,37.0
4,"Yangul, Chechnya And Ingushetiya, Russia",RSCI,43.7053,45.9619,,,20.0
4,"Belushka, Novgorodskaya Oblast', Russia",RS52,58.2718,32.9706,,,53.0
4,"Tsareva, Tverskaya Oblast', Russia",RS77,56.3131,31.4284,,,69.0
4,"Tsikarevo, Tverskaya Oblast', Russia",RS77,56.0689,31.8884,,,69.0
4,"Zaliv Izmeny, Rsja, Russia",RSJA,43.7,145.5,,,65.0
4,"Simonova, Kemerovskaya Oblast', Russia",RS29,55.3902,85.3357,,,42.0
4,"Glukhovo, Tverskaya Oblast', Russia",RS77,57.6875,37.3077,,,69.0
4,"Rozhok, Bryanskaya Oblast', Russia",RS10,52.6345,33.9027,,,32.0
4,"Akbulak, Orenburgskaya Oblast', Russia",RS55,51.002,55.6174,1679.0,0.8045411828286415,56.0
4,"Urbun, Tyva, Russia",RS79,51.6167,92.45,,,17.0
4,"Toropa, Tverskaya Oblast', Russia",RS77,56.2801,31.6702,2142.0,24.12693366815229,69.0
4,"Solomennoye, Kareliya, Russia",RS28,61.8442,34.3678,,,10.0
4,"Rogozhkin, Rostovskaya Oblast', Russia",RS61,49.4044,41.6386,,,61.0
4,"Urna, Russia (General), Russia",RS00,58.7761,73.3404,,,91.0
4,"- Stoyanova, Kurskaya Oblast', Russia",RS41,51.8136,35.7328,,,46.0
4,"Shumakov, Kurskaya Oblast', Russia",RS41,51.8196,35.9569,,,46.0
4,"Nizki, Stavropol'skiy Kray, Russia",RS70,44.5972,41.9431,,,26.0
4,"Kuvshinov, Volgogradskaya Oblast', Russia",RS84,50.1904,44.2362,,,34.0
4,"Chonga, Sverdlovskaya Oblast', Russia",RS71,58.6155,64.2086,,,66.0
4,"Mashtakov, Orenburgskaya Oblast', Russia",RS55,51.75,50.9667,,,56.0
4,"Tayzhina, Kemerovskaya Oblast', Russia",RS29,53.6679,87.4362,,,42.0
4,"Osinniki, Pskovskaya Oblast', Russia",RS60,56.2608,28.6831,,,60.0
4,"To Noda, Irkutskaya Oblast', Russia",RS20,59.7689,114.531,,,38.0
4,"Malaya Inya, Krasnoyarskiy Kray, Russia",RS39,53.8,92.2,,,24.0
4,"Zirani, Dagestan, Russia",RS17,42.618,46.9444,,,5.0
4,"Aparinki, Moskovskaya Oblast', Russia",RS47,55.5703,37.7583,,,50.0
4,"Kyzylgaya, Russia (General), Russia",RS00,50.7406,84.2446,,,91.0
4,"Kapai, Tverskaya Oblast', Russia",RS77,55.7939,32.1497,,,69.0
4,"Staraya Toropa, Tverskaya Oblast', Russia",RS77,56.2801,31.6702,,,69.0
4,"Vyselki, Orlovskaya Oblast', Russia",RS56,52.1667,36.9667,,,57.0
4,"Russkiy Melkhituy, Irkutskaya Oblast', Russia",RS20,53.6561,103.269,,,38.0
4,"Rakhinka, Volgogradskaya Oblast', Russia",RS84,49.0163,44.9231,,,34.0
4,"Vetrenoye, Tverskaya Oblast', Russia",RS77,58.5183,36.7505,,,69.0
4,"Ulanova, Orlovskaya Oblast', Russia",RS56,53.6045,35.9728,,,57.0
4,"Pugachevo, Kaliningradskaya Oblast', Russia",RS23,54.4342,22.5261,,,39.0
4,"Lesnoe, Kaliningradskaya Oblast', Russia",RS23,55.0197,22.1392,,,39.0
4,"Poldnik, Komi, Russia",RS34,59.2639,49.6453,,,11.0
4,"Or Gazan, Dagestan, Russia",RS17,43.3728,47.0142,,,5.0
4,"Kolmakovo, Kemerovskaya Oblast', Russia",RS29,55.6927,85.4946,,,42.0
4,"Obskoye, Altayskiy Kray, Russia",RS04,53.6556,81.6812,,,22.0
4,"Staritsy, Leningradskaya Oblast', Russia",RS42,59.6753,30.0917,,,47.0
4,"Tyuri, Smolenskaya Oblast', Russia",RS69,54.4807,32.5448,,,67.0
4,"Asmon, Orlovskaya Oblast', Russia",RS56,52.3611,35.1292,,,57.0
4,"Balagansk, Irkutskaya Oblast', Russia",RS20,53.7188,103.328,,,38.0
4,"Streltsov, Krasnodarskiy Kray, Russia",RS38,44.4417,41.0853,,,23.0
4,"Temirovka, Bashkortostan, Russia",RS08,53.35,57.3,,,2.0
4,"-Avangard, Primorskiy Kray, Russia",RS59,42.8908,132.726,,,25.0
4,"Grushevskaya, Rostovskaya Oblast', Russia",RS61,47.4396,39.986,,,61.0
4,"Uglichi, Kaluzhskaya Oblast', Russia",RS25,54.8184,37.1555,,,40.0
4,"Heixiazidao, Russia (General), Russia",RS00,48.3303,134.759,,,91.0
4,"Kukhareva, Smolenskaya Oblast', Russia",RS69,55.131,32.9144,,,67.0
4,"Viglino, Tverskaya Oblast', Russia",RS77,58.2484,35.325,,,69.0
4,"Yarak, Dagestan, Russia",RS17,41.8244,47.9524,,,5.0
4,"Nosik, Nizhegorodskaya Oblast', Russia",RS51,54.9073,44.851,,,52.0
4,"Karkovo, Kostromskaya Oblast', Russia",RS37,57.8435,44.4358,,,44.0
4,"Kirpin, Belgorodskaya Oblast', Russia",RS09,50.4207,38.9283,,,31.0
4,"Oktyabrski, Sverdlovskaya Oblast', Russia",RS71,56.6373,60.822,,,66.0
4,"Krysanova, Permskiy Kray, Russia",RS90,59.3834,53.9692,,,59.0
4,"Pyankova, Kemerovskaya Oblast', Russia",RS29,54.9246,85.2971,,,42.0
4,"Lyapin, Krasnodarskiy Kray, Russia",RS38,45.1537,41.1226,,,23.0
4,"Lobanova, Tyumenskaya Oblast', Russia",RS78,56.5375,65.0682,,,72.0
4,"Kadzhi, Tomskaya Oblast', Russia",RS75,59.9333,82.5667,,,70.0
4,"Makhovka, Orenburgskaya Oblast', Russia",RS55,52.6738,52.8716,,,56.0
4,"Mazeyevka, Bashkortostan, Russia",RS08,55.6,57.85,,,2.0
4,"Pyaternya, Tyumenskaya Oblast', Russia",RS78,58.3204,70.3511,,,72.0
4,"Almalyk, Bashkortostan, Russia",RS08,54.2534,55.7498,,,2.0
4,"Serp I Molot, Tul'skaya Oblast', Russia",RS76,53.1406,38.0643,,,71.0
4,"Soldaty, Kurskaya Oblast', Russia",RS41,52.2613,35.4644,,,46.0
4,"Boyarkino, Moskovskaya Oblast', Russia",RS47,54.9562,38.5213,,,50.0
4,"Levushka, Arkhangel'skaya Oblast', Russia",RS06,62.8989,39.6731,,,29.0
4,"Glot, Kurganskaya Oblast', Russia",RS40,55.5978,65.2575,,,45.0
4,"Zelenoye Pole, Omskaya Oblast', Russia",RS54,54.9348,73.2042,,,55.0
4,"Tibil, Bashkortostan, Russia",RS08,56.0863,55.9181,,,2.0
4,"Ettan, Chukotskiy Avtonomnyy Okrug, Russia",RS15,69.8667,176.05,,,87.0
4,"Troitsa, Yaroslavskaya Oblast', Russia",RS88,58.0715,40.3986,,,76.0
4,"Sirma, Ul'yanovskaya Oblast', Russia",RS81,53.841,48.863,,,73.0
4,"Bychye, Kostromskaya Oblast', Russia",RS37,58.8552,46.6811,,,44.0
4,"Sungay, Altayskiy Kray, Russia",RS04,53.6477,85.5397,,,22.0
4,"La Perouse Strait, Russia (General), Russia",RS00,45.75,142.0,,,91.0
4,"Rapti, Leningradskaya Oblast', Russia",RS42,58.6667,29.9,,,47.0
4,"Shabelskoye, Krasnodarskiy Kray, Russia",RS38,46.8527,38.4728,,,23.0
4,"Chuni, Dagestan, Russia",RS17,42.3483,47.303,,,5.0
4,"Neny, Irkutskaya Oblast', Russia",RS20,53.0942,102.809,,,38.0
4,"Sysoyeva, Primorskiy Kray, Russia",RS59,44.4437,131.304,,,25.0
4,"Starokorsunskaya, Krasnodarskiy Kray, Russia",RS38,46.2254,40.6331,,,23.0
4,"Louko, Leningradskaya Oblast', Russia",RS42,60.85,28.3833,,,47.0
4,"Samov, Belgorodskaya Oblast', Russia",RS09,50.4531,37.3739,,,31.0
4,"Narovchatka, Chelyabinskaya Oblast', Russia",RS13,53.2889,59.0959,,,74.0
4,"Alabin, Krasnodarskiy Kray, Russia",RS38,44.7,39.5667,,,23.0
4,"-Yegorov, Rostovskaya Oblast', Russia",RS61,49.4483,40.7703,,,61.0
4,"Zalka, Irkutskaya Oblast', Russia",RS20,54.0807,99.7359,,,38.0
4,"Chibisov, Belgorodskaya Oblast', Russia",RS09,50.295,37.6381,,,31.0
4,"Anufrieva, Arkhangel'skaya Oblast', Russia",RS06,60.8975,39.6488,,,29.0
4,"Belyayeva, Voronezhskaya Oblast', Russia",RS86,51.4956,39.8306,,,36.0
4,"Bogoyavlenskiy, Volgogradskaya Oblast', Russia",RS84,50.7667,41.3167,,,34.0
4,"Chaplygina, Lipetskaya Oblast', Russia",RS43,52.6805,38.1986,,,48.0
4,"Kozlovskaya, Komi, Russia",RS34,60.5283,48.7428,,,11.0
4,"Antonovskaya, Vologodskaya Oblast', Russia",RS85,60.3167,42.0833,,,35.0
4,"Barykina, Buryatiya, Russia",RS11,51.2412,107.195,,,3.0
4,"Berezova, Ivanovskaya Oblast', Russia",RS21,57.3296,41.652,,,37.0
4,"Aksenova, Kaluzhskaya Oblast', Russia",RS25,54.9313,35.4282,,,40.0
4,"Gurova, Pskovskaya Oblast', Russia",RS60,57.1271,28.9495,,,60.0
4,"Konstantinovskaya, Rostovskaya Oblast', Russia",RS61,47.5828,41.0922,1818.0,0.3696910452381515,61.0
4,"Plekhova, Permskiy Kray, Russia",RS90,59.7532,56.6426,,,59.0
4,"Semenovo, Leningradskaya Oblast', Russia",RS42,59.5719,34.4475,,,47.0
4,"Iznoskovo, Kurskaya Oblast', Russia",RS41,51.5086,34.7117,,,46.0
4,"Sarmyagi, Kareliya, Russia",RS28,61.2122,33.0437,,,10.0
4,"Soldatovo, Chukotskiy Avtonomnyy Okrug, Russia",RS15,64.75,169.833,,,87.0
4,"Shonguy, Murmanskaya Oblast', Russia",RS49,68.7526,33.146,,,51.0
4,"Kharaulakh, Sakha (Yakutiya), Russia",RS63,70.4167,136.7,,,14.0
4,"Molochkovo, Ivanovskaya Oblast', Russia",RS21,56.9942,40.0928,,,37.0
4,"Tavolga, Novosibirskaya Oblast', Russia",RS53,56.5784,76.5352,,,54.0
4,"Glazunova, Irkutskaya Oblast', Russia",RS20,52.3853,104.264,,,38.0
4,"Samro, Leningradskaya Oblast', Russia",RS42,58.9386,28.8229,,,47.0
4,"Chaivo, Sakhalinskaya Oblast', Russia",RS64,52.3667,143.183,,,65.0
4,"Chernyshova, Novgorodskaya Oblast', Russia",RS52,57.7704,31.436,,,53.0
4,"Mayakovka, Kemerovskaya Oblast', Russia",RS29,54.0136,86.7854,,,42.0
4,"Mezhdurechye, Novgorodskaya Oblast', Russia",RS52,58.8105,35.5511,,,53.0
4,"Talali, Amurskaya Oblast', Russia",RS05,51.5421,127.253,,,28.0
4,"Kogar, Khabarovskiy Kray, Russia",RS30,62.2167,140.817,,,27.0
4,"Entuziastov, Sakha (Yakutiya), Russia",RS63,70.8644,134.64,,,14.0
4,"Osentsy, Permskiy Kray, Russia",RS90,57.922,56.1659,,,59.0
4,"Andreya, Taymyrskiy (Dolgano-Nenetskiy) Avtonomnyy Okrug, Russia",RS74,76.7258,110.463,,,24.0
4,"Yukov, Krasnoyarskiy Kray, Russia",RS39,57.8281,92.6141,,,24.0
4,"Tolchkovo, Ivanovskaya Oblast', Russia",RS21,57.001,41.35,,,37.0
4,"Tsyganka, Rostovskaya Oblast', Russia",RS61,46.7632,39.1034,,,61.0
4,"Shatsk, Ryazanskaya Oblast', Russia",RS62,54.0258,41.7119,1872.0,0.32426853717247706,62.0
4,"Mount Stolovaya, 92, Russia",RS92,61.15,163.75,,,41.0
4,"Uralskaya, Krasnoyarskiy Kray, Russia",RS39,54.0361,92.82,,,24.0
4,"Nikiforovka, Bashkortostan, Russia",RS08,53.65,56.0833,,,2.0
4,"Kanevskiy, Krasnodarskiy Kray, Russia",RS38,44.5644,41.4362,,,23.0
4,"Yarro, Yamalo-Nenetskiy Avtonomnyy Okrug, Russia",RS87,68.1333,69.3667,,,89.0
4,"Rayma, Saratovskaya Oblast', Russia",RS67,51.4136,43.9497,,,64.0
4,"Pirogovo, Novgorodskaya Oblast', Russia",RS52,58.751,35.4211,,,53.0
4,"Gorelovka, Ryazanskaya Oblast', Russia",RS62,53.7423,39.8986,,,62.0
4,"Shpil, Voronezhskaya Oblast', Russia",RS86,51.9281,38.9924,,,36.0
4,"Kochubey, Dagestan, Russia",RS17,44.3861,46.5825,,,5.0
4,"Pirogovskoye, Sverdlovskaya Oblast', Russia",RS71,56.2696,61.9616,,,66.0
4,"Karadima, Krasnoyarskiy Kray, Russia",RS39,58.9025,101.926,,,24.0
4,"Chinari, Ingushetiya, Russia",RS19,43.1915,45.1198,,,
4,"Klyk, Altay, Russia",RS03,52.1713,87.528,,,4.0
4,"Kalashnikovo, Tverskaya Oblast', Russia",RS77,57.2824,35.2262,,,69.0
4,"Kauschen, Kaliningradskaya Oblast', Russia",RS23,54.8003,22.1478,,,39.0
4,"Ufaley, Chelyabinskaya Oblast', Russia",RS13,55.9153,59.9842,,,74.0
4,"Karva, Arkhangel'skaya Oblast', Russia",RS06,64.6729,47.7903,,,29.0
4,"Uyuk, Tyva, Russia",RS79,52.0653,93.6131,,,17.0
4,"Kemlya, Mordoviya, Russia",RS46,54.6963,45.2424,296.0,0.25484038171232015,13.0
4,"Dunday, Irkutskaya Oblast', Russia",RS20,53.2186,104.348,,,38.0
4,"Keksholm, Leningradskaya Oblast', Russia",RS42,61.0393,30.1291,,,47.0
4,"Kalchuga, Moskovskaya Oblast', Russia",RS47,55.7253,37.2031,,,50.0
4,"Karachevo, Kaluzhskaya Oblast', Russia",RS25,54.5817,36.212,,,40.0
4,"Malaya Kokshaga, Mariy-El, Russia",RS45,56.1239,47.8923,,,12.0
4,"Khanskaya, Adygeya, Russia",RS01,44.677,39.9616,,,1.0
4,"Yaru, Bashkortostan, Russia",RS08,53.3253,57.1632,,,2.0
4,"Sotsgorod, Sverdlovskaya Oblast', Russia",RS71,56.8,59.9119,,,66.0
4,"Rodnikovoye, Primorskiy Kray, Russia",RS59,44.0063,131.966,,,25.0
4,"-Elka, Khabarovskiy Kray, Russia",RS30,48.2873,135.351,,,27.0
4,"Rodnikovo, Vologodskaya Oblast', Russia",RS85,58.6559,40.9315,,,35.0
4,"Shchurovo, Moskovskaya Oblast', Russia",RS47,55.0532,38.832,,,50.0
4,"Kryuk, Belgorodskaya Oblast', Russia",RS09,50.6779,38.0452,,,31.0
4,"Berdysh, Komi, Russia",RS34,61.6103,57.9828,,,11.0
4,"Tuzi, Chuvashiya, Russia",RS16,55.9196,48.0215,,,21.0
4,"Ostrovskoye, Lipetskaya Oblast', Russia",RS43,52.9375,38.027,,,48.0
4,"Yayan, Khabarovskiy Kray, Russia",RS30,52.6667,138.417,,,27.0
4,"Sorochina, Kurskaya Oblast', Russia",RS41,51.3406,35.2204,,,46.0
4,"Teremets, Tverskaya Oblast', Russia",RS77,57.0649,37.9833,,,69.0
4,"Al Chet, Krasnoyarskiy Kray, Russia",RS39,57.2892,95.5781,,,24.0
4,"Valentinovka, Kurskaya Oblast', Russia",RS41,51.2361,34.9872,,,46.0
4,"-Tair, Mariy-El, Russia",RS45,56.2672,47.8485,,,12.0
4,"Yamm, Pskovskaya Oblast', Russia",RS60,58.4248,28.0641,,,60.0
4,"Volokonsk, Voronezhskaya Oblast', Russia",RS86,49.8433,39.387,,,36.0
4,"Cherkasskoye-Porechnoye, Kurskaya Oblast', Russia",RS41,51.2964,35.3297,,,46.0
4,"Somara, Permskiy Kray, Russia",RS90,59.6308,58.0322,,,59.0
4,"Glinki, Tul'skaya Oblast', Russia",RS76,53.1475,37.9425,,,71.0
4,"Zolotonosha, Zabaykal'skiy Kray, Russia",RS93,51.2904,119.197,,,75.0
4,"Kardava, Penzenskaya Oblast', Russia",RS57,53.457,45.812,,,58.0
4,"Labaznaya, Magadanskaya Oblast', Russia",RS44,63.2333,158.5,,,49.0
4,"Rayev, Penzenskaya Oblast', Russia",RS57,53.5464,42.6314,,,58.0
4,"Kazachye-Rudchenskoye, Belgorodskaya Oblast', Russia",RS09,50.4403,35.9354,,,31.0
4,"Dudor, Vladimirskaya Oblast', Russia",RS83,55.5329,40.9046,,,33.0
4,"Shikara, Checheno-Ingushskaya Avtonomnaya Sovetskaya Sotsialistichesk, Russia",RS12,42.6254,45.7613,,,20.0
4,"Khuna, Dagestan, Russia",RS17,42.1791,47.1611,,,5.0
4,"Molodaya, Taymyrskiy (Dolgano-Nenetskiy) Avtonomnyy Okrug, Russia",RS74,78.2011,102.608,,,24.0
4,"Tokh, Dagestan, Russia",RS17,42.2218,46.292,,,5.0
4,"Surkhakhi, Chechnya And Ingushetiya, Russia",RSCI,43.1875,44.9019,,,20.0
4,"Alkhazurovo, Chechnya And Ingushetiya, Russia",RSCI,43.0639,45.6513,,,20.0
4,"Shin Ki, Zabaykal'skiy Kray, Russia",RS93,50.1961,108.574,,,75.0
4,"Ageyev, Belgorodskaya Oblast', Russia",RS09,50.81,38.2094,,,31.0
4,"Khairyuzovo, 92, Russia",RS92,56.8333,156.983,,,41.0
4,"-Irkutsk, Irkutskaya Oblast', Russia",RS20,52.2978,104.296,1134.0,1.4630492519013574,38.0
4,"Khayryuzovo, 92, Russia",RS92,56.8333,156.983,,,41.0
4,"Rodinskoye, Volgogradskaya Oblast', Russia",RS84,50.9068,43.3911,,,34.0
4,"Kutlya, Penzenskaya Oblast', Russia",RS57,53.6435,45.3446,,,58.0
4,"Polyakovka, Orenburgskaya Oblast', Russia",RS55,53.1508,52.885,,,56.0
4,"Pustoshi, Kirovskaya Oblast', Russia",RS33,58.3227,49.0283,,,43.0
4,"Tolpygino, Yaroslavskaya Oblast', Russia",RS88,57.69,37.7757,,,76.0
4,"Is Kozha, Smolenskaya Oblast', Russia",RS69,54.9256,33.2502,,,67.0
4,"Kozha, Altayskiy Kray, Russia",RS04,52.4581,86.3997,,,22.0
4,"Puchugin, Volgogradskaya Oblast', Russia",RS84,49.683,42.764,,,34.0
4,"Pakli, Permskiy Kray, Russia",RS90,57.2695,55.2681,,,59.0
4,"Shish, Omskaya Oblast', Russia",RS54,57.3159,73.3818,,,55.0
4,"Klenkov, Chechnya And Ingushetiya, Russia",RSCI,43.7533,45.4442,,,20.0
4,"Kourovka, Sverdlovskaya Oblast', Russia",RS71,57.0055,59.5851,,,66.0
4,"Grebennikov, Volgogradskaya Oblast', Russia",RS84,49.8333,45.6667,,,34.0
4,"Dyuk, Ryazanskaya Oblast', Russia",RS62,54.0333,41.5167,,,62.0
4,"Sushkov, Voronezhskaya Oblast', Russia",RS86,51.6064,40.7875,,,36.0
4,"Starocherkasskaya, Rostovskaya Oblast', Russia",RS61,47.2408,40.0419,,,61.0
4,"Olenin, Tambovskaya Oblast', Russia",RS72,51.7117,42.1897,,,68.0
4,"Astapovo, Lipetskaya Oblast', Russia",RS43,53.2134,39.446,,,48.0
4,"Topolya, Leningradskaya Oblast', Russia",RS42,60.6167,28.5667,,,47.0
4,"Kreshchenovka, Amurskaya Oblast', Russia",RS05,51.0333,127.967,,,28.0
4,"Tulitsa, Tul'skaya Oblast', Russia",RS76,54.4,37.5833,,,71.0
4,"Zavolozhye, Leningradskaya Oblast', Russia",RS42,59.3,31.1667,,,47.0
4,"Chikoy, Zabaykal'skiy Kray, Russia",RS93,49.9954,108.197,,,75.0
4,"Zelenyy Shlyakh, Kurskaya Oblast', Russia",RS41,51.3135,35.0886,,,46.0
4,"To Pole, Orlovskaya Oblast', Russia",RS56,53.1469,35.1596,,,57.0
4,"Uvod, Ivanovskaya Oblast', Russia",RS21,57.0593,40.8766,,,37.0
4,"Sergievka, Tambovskaya Oblast', Russia",RS72,51.7736,41.0871,,,68.0
4,"Sevastyanovka, Voronezhskaya Oblast', Russia",RS86,51.7661,38.8237,,,36.0
4,"Sukhorukov, Volgogradskaya Oblast', Russia",RS84,49.05,45.1667,,,34.0
4,"Kurkure, Altay, Russia",RS03,49.8794,86.7889,,,4.0
4,"Shishkova, Novgorodskaya Oblast', Russia",RS52,57.5937,32.5585,,,53.0
4,"Vasilchikov, Orlovskaya Oblast', Russia",RS56,53.0961,37.3479,,,57.0
4,"Yaral, Irkutskaya Oblast', Russia",RS20,55.6833,108.167,,,38.0
4,"Roshina, Mordoviya, Russia",RS46,54.6411,43.5472,,,13.0
4,"Kishleyevo, Vladimirskaya Oblast', Russia",RS83,56.2395,40.0229,,,33.0
4,"Rubtsy, Kirovskaya Oblast', Russia",RS33,58.7292,48.0967,,,43.0
4,"Grekhova, Irkutskaya Oblast', Russia",RS20,54.8667,105.5,,,38.0
4,"Tsarkov, Belgorodskaya Oblast', Russia",RS09,51.02,37.1692,,,31.0
4,"Mikhovka, Saratovskaya Oblast', Russia",RS67,52.3167,48.1667,,,64.0
4,"Zolotinka, Sakha (Yakutiya), Russia",RS63,56.1813,124.872,,,14.0
4,"Kaprov, Rostovskaya Oblast', Russia",RS61,47.6026,41.8788,,,61.0
4,"Khomutovka, Rostovskaya Oblast', Russia",RS61,47.0443,40.0647,,,61.0
4,"Toguchin, Novosibirskaya Oblast', Russia",RS53,55.2353,84.3858,1625.0,1.0890775864375386,54.0
4,"Stakhanovets, Volgogradskaya Oblast', Russia",RS84,48.6639,44.7727,,,34.0
4,"Kolyachok, Kurskaya Oblast', Russia",RS41,51.9209,34.4629,,,46.0
4,"Lupta, Sverdlovskaya Oblast', Russia",RS71,59.9167,62.6333,,,66.0
4,"Beznadezhnyy, Sakha (Yakutiya), Russia",RS63,60.0167,137.583,,,14.0
4,"Novotroitskoye, Primorskiy Kray, Russia",RS59,45.7844,134.122,,,25.0
4,"Topolovka, Magadanskaya Oblast', Russia",RS44,61.3333,160.1,,,49.0
4,"Zhitkur, Volgogradskaya Oblast', Russia",RS84,48.9452,46.2735,,,34.0
4,"Golenkov, Volgogradskaya Oblast', Russia",RS84,50.0669,42.1643,,,34.0
4,"Verkhnyaya Pisarevka, Volgogradskaya Oblast', Russia",RS84,49.6751,43.9856,,,34.0
4,"Zapovedniki, Kaliningradskaya Oblast', Russia",RS23,54.8682,21.2994,,,39.0
4,"Perevalovo, Kurganskaya Oblast', Russia",RS40,54.7531,64.5353,,,45.0
4,"Porkhovo, Novgorodskaya Oblast', Russia",RS52,59.2353,33.5732,,,53.0
4,"Dominka, Ivanovskaya Oblast', Russia",RS21,56.6615,41.7311,,,37.0
4,"Novyy Uoyan, Buryatiya, Russia",RS11,56.1572,111.706,,,3.0
4,"Lakebaikal, Russia (General), Russia",RS00,54.0,109.0,,,91.0
4,"Bazarbay, Orenburgskaya Oblast', Russia",RS55,51.8514,59.0567,,,56.0
4,"Rasskazovo, Tverskaya Oblast', Russia",RS77,56.3361,33.4379,,,69.0
4,"Babayeva, Bashkortostan, Russia",RS08,55.499,56.1293,,,2.0
4,"Komarno, Tverskaya Oblast', Russia",RS77,58.0813,34.8535,,,69.0
4,"Simushir Island, Sakhalinskaya Oblast', Russia",RS64,46.9667,152.033,,,65.0
4,"Kemtsy, Tverskaya Oblast', Russia",RS77,58.0758,34.2494,,,69.0
4,"Kicha, Dagestan, Russia",RS17,41.5315,47.4817,,,5.0
4,"Artelnoye, Belgorodskaya Oblast', Russia",RS09,50.6122,37.3187,,,31.0
4,"Inskaya, Novosibirskaya Oblast', Russia",RS53,54.956,83.1143,,,54.0
4,"Vichka, Kareliya, Russia",RS28,62.9343,34.4507,,,10.0
4,"Churbanov, Volgogradskaya Oblast', Russia",RS84,49.25,45.6,,,34.0
4,"Yantarnoye, Orenburgskaya Oblast', Russia",RS55,52.573,53.0343,,,56.0
4,"Gnadenfeld, Kabardino-Balkariya, Russia",RS22,43.7333,43.7667,,,7.0
4,"Sakhal, Khanty-Mansiyskiy Avtonomnyy Okrug, Russia",RS32,61.3,71.0333,,,86.0
4,"Knyaze-Volkonskoye, Khabarovskiy Kray, Russia",RS30,48.4664,135.454,,,27.0
4,"Doku Kino, Nizhegorodskaya Oblast', Russia",RS51,56.7262,45.6924,,,52.0
4,"Sukhoy Yar, Stavropol'skiy Kray, Russia",RS70,45.4778,43.5939,,,26.0
4,"Krestovskiy, Rostovskaya Oblast', Russia",RS61,47.6419,40.8718,,,61.0
4,"Rozhaya, Moskovskaya Oblast', Russia",RS47,55.4682,37.6921,,,50.0
4,"Novonikolayevka, Astrakhanskaya Oblast', Russia",RS07,48.0506,46.3648,,,30.0
4,"Lifarevka, Primorskiy Kray, Russia",RS59,44.2647,131.618,,,25.0
4,"Yuchyugey, Sakha (Yakutiya), Russia",RS63,63.3167,142.2,,,14.0
4,"Varzina, Murmanskaya Oblast', Russia",RS49,68.3572,38.3738,,,51.0
4,"Karatal, Tyva, Russia",RS79,51.6167,93.6,,,17.0
4,"Edige, Dagestan, Russia",RS17,44.0736,46.3578,,,5.0
4,"Donetskoye, Belgorodskaya Oblast', Russia",RS09,50.9615,37.0279,,,31.0
4,"Klubnika, Chelyabinskaya Oblast', Russia",RS13,54.8708,61.2097,,,74.0
4,"Sagayan, Amurskaya Oblast', Russia",RS05,53.2833,130.033,,,28.0
4,"Manev, Bryanskaya Oblast', Russia",RS10,52.3265,32.4753,,,32.0
4,"Krepna, Kurskaya Oblast', Russia",RS41,51.3773,34.8441,,,46.0
4,"Igaza, Kemerovskaya Oblast', Russia",RS29,53.7117,87.6726,,,42.0
4,"Rukhan, Smolenskaya Oblast', Russia",RS69,53.5214,32.8625,,,67.0
4,"Polikarp, Nizhegorodskaya Oblast', Russia",RS51,57.6187,46.4666,,,52.0
4,"Novonikolskoye, Tul'skaya Oblast', Russia",RS76,53.8006,37.4069,,,71.0
4,"Karabalyk, Tyva, Russia",RS79,52.35,98.6,,,17.0
4,"Korshik, Kirovskaya Oblast', Russia",RS33,58.2089,49.2863,,,43.0
4,"Ilyushi, Kirovskaya Oblast', Russia",RS33,58.9495,53.2909,,,43.0
4,"Izmaylovka, Krasnodarskiy Kray, Russia",RS38,43.6208,39.8226,,,23.0
4,"Predtecheno, Bashkortostan, Russia",RS08,54.95,53.8333,,,2.0
4,"Melovoye, Saratovskaya Oblast', Russia",RS67,51.3334,50.2564,,,64.0
4,"Gorkhon, Irkutskaya Oblast', Russia",RS20,53.1564,105.68,,,38.0
4,"Serdobol, Kareliya, Russia",RS28,61.7,30.6833,,,10.0
4,"Chkalovskaya, Permskiy Kray, Russia",RS90,58.5167,53.8333,,,59.0
4,"Pazyryk Valley, Altay, Russia",RS03,50.7667,88.05,,,4.0
4,"Novokhopersk, Voronezhskaya Oblast', Russia",RS86,51.0969,41.6252,1091.0,0.6079038751988036,36.0
4,"Visna, Arkhangel'skaya Oblast', Russia",RS06,64.8796,45.0127,,,29.0
4,"Mechnikova, Moskovskaya Oblast', Russia",RS47,55.7547,37.1643,,,50.0
4,"Krugovaya, Taymyrskiy (Dolgano-Nenetskiy) Avtonomnyy Okrug, Russia",RS74,80.0347,91.2267,,,24.0
4,"Lyutykh, Krasnodarskiy Kray, Russia",RS38,45.5177,38.9473,,,23.0
4,"Megion, Khanty-Mansiyskiy Avtonomnyy Okrug, Russia",RS32,61.0296,76.1136,2219.0,0.7075372954869547,86.0
4,"Pandino, Ivanovskaya Oblast', Russia",RS21,57.1944,41.9864,,,37.0
4,"Venyu, Komi, Russia",RS34,63.4491,47.9275,,,11.0
4,"Bakov, Tverskaya Oblast', Russia",RS77,56.9025,32.1286,,,69.0
4,"Sapun, Nizhegorodskaya Oblast', Russia",RS51,55.917,42.6018,,,52.0
4,"Dobrovolsk, Novosibirskaya Oblast', Russia",RS53,55.1333,75.6167,,,54.0
4,"Osoyevka, Novosibirskaya Oblast', Russia",RS53,55.9853,76.6781,,,54.0
4,"Bortsa, Zabaykal'skiy Kray, Russia",RS93,49.6833,112.083,,,75.0
4,"Zarya Svobody, Ryazanskaya Oblast', Russia",RS62,53.8526,41.0811,,,62.0
4,"Kalinichenko, Belgorodskaya Oblast', Russia",RS09,50.1667,38.9833,,,31.0
4,"Munges, Khanty-Mansiyskiy Avtonomnyy Okrug, Russia",RS32,64.0667,61.0333,,,86.0
4,"Yefimova, Leningradskaya Oblast', Russia",RS42,59.4964,34.6722,,,47.0
4,"Pazhga, Komi, Russia",RS34,61.3878,50.5775,,,11.0
4,"Koskino, Yaroslavskaya Oblast', Russia",RS88,57.179,39.1525,,,76.0
4,"Annovka, Amurskaya Oblast', Russia",RS05,50.3817,128.343,,,28.0
4,"Torgovyy, Rostovskaya Oblast', Russia",RS61,48.9439,41.8003,,,61.0
4,"Svetlograd, Stavropol'skiy Kray, Russia",RS70,45.3353,42.8547,823.0,0.9050343819108562,26.0
4,"Obolenskoe, Tul'skaya Oblast', Russia",RS76,54.0706,37.9857,,,71.0
4,"Timonin, Saratovskaya Oblast', Russia",RS67,50.5432,48.4352,,,64.0
4,"Aponi, Khabarovskiy Kray, Russia",RS30,51.1842,136.762,,,27.0
4,"Dalta, Astrakhanskaya Oblast', Russia",RS07,47.4102,46.9337,,,30.0
4,"Artuma, Irkutskaya Oblast', Russia",RS20,55.757,102.11,,,38.0
4,"Verkhnekolymsk, Sakha (Yakutiya), Russia",RS63,65.85,150.733,318.0,14.865092537741013,14.0
4,"Durovo-Bobrik, Kurskaya Oblast', Russia",RS41,51.4757,35.3479,,,46.0
4,"Kropotova, Tul'skaya Oblast', Russia",RS76,53.9244,38.6236,,,71.0
4,"Yekaterinovka, Saratovskaya Oblast', Russia",RS67,51.2294,43.0736,,,64.0
4,"Krasnopolyanskoye, Sverdlovskaya Oblast', Russia",RS71,57.5346,63.6643,,,66.0
4,"Almasa, Kirovskaya Oblast', Russia",RS33,57.2923,50.2807,,,43.0
4,"Boloto Ozernoye, Arkhangel'skaya Oblast', Russia",RS06,65.773,46.459,,,29.0
4,"Sysola, Russia (General), Russia",RS00,61.6876,50.8426,,,91.0
4,"Vychegda, Arkhangel'skaya Oblast', Russia",RS06,61.2883,46.5997,,,29.0
4,"Sagra, Sverdlovskaya Oblast', Russia",RS71,57.0316,60.2964,,,66.0
4,"Gnie, Kaliningradskaya Oblast', Russia",RS23,54.4424,21.4757,,,39.0
4,"Karlas, Komi, Russia",RS34,61.6886,49.2529,,,11.0
4,"Parusnoye, Voronezhskaya Oblast', Russia",RS86,51.5915,39.5271,,,36.0
4,"Tulik, Zabaykal'skiy Kray, Russia",RS93,54.4253,119.933,,,75.0
4,"Pylnoye, Chelyabinskaya Oblast', Russia",RS13,53.3754,59.387,,,74.0
4,"Fomkin, Tomskaya Oblast', Russia",RS75,56.6041,81.1545,,,70.0
4,"Kazantsev, Chelyabinskaya Oblast', Russia",RS13,54.3833,61.3667,,,74.0
4,"Yaroslavskiy, Sakha (Yakutiya), Russia",RS63,60.1575,113.93,,,14.0
4,"Ignit, Irkutskaya Oblast', Russia",RS20,55.1422,99.1548,,,38.0
4,"Kamchatskiy, 92, Russia",RS92,56.0222,163.053,,,41.0
4,"Wagai, Tyumenskaya Oblast', Russia",RS78,57.9375,69.0217,,,72.0
4,"Domnina, Vologodskaya Oblast', Russia",RS85,60.0824,37.0058,,,35.0
4,"Domnin, Belgorodskaya Oblast', Russia",RS09,50.68,36.3047,,,31.0
4,"Chekalin, Tul'skaya Oblast', Russia",RS76,54.0528,36.2914,,,71.0
4,"Seimchan, Magadanskaya Oblast', Russia",RS44,62.8833,152.433,,,49.0
4,"Kuldur, Yevreyskaya Avtonomnaya Oblast', Russia",RS89,49.2084,131.639,,,79.0
4,"Khutyn, Novgorodskaya Oblast', Russia",RS52,58.5859,31.3917,,,53.0
4,"-Sochi, Krasnodarskiy Kray, Russia",RS38,43.5992,39.7257,628.0,1.5395450637912826,23.0
4,"-Tolmachevo, Irkutskaya Oblast', Russia",RS20,54.1,105.533,,,38.0
4,"-Krasnoyarsk, Krasnoyarskiy Kray, Russia",RS39,56.0091,92.8628,666.0,0.608347362107958,24.0
4,"-Vnukovo, Kostromskaya Oblast', Russia",RS37,58.651,41.858,,,44.0
4,"Primorets, Primorskiy Kray, Russia",RS59,43.0,132.3,,,25.0
4,"Verkh, Vologodskaya Oblast', Russia",RS85,58.936,37.3498,,,35.0
4,"Amginskaya, Sakha (Yakutiya), Russia",RS63,60.3856,120.197,,,14.0
4,"Nagornaya, Permskiy Kray, Russia",RS90,58.0367,55.8467,,,59.0
4,"Killi, Leningradskaya Oblast', Russia",RS42,59.4716,28.7394,,,47.0
4,"Pozheg, Komi, Russia",RS34,60.9833,54.3333,,,11.0
4,"Kimovsk, Tul'skaya Oblast', Russia",RS76,53.9716,38.5319,2179.0,0.19613932004173745,71.0
4,"Tarat, Sakha (Yakutiya), Russia",RS63,62.2333,130.667,,,14.0
4,"Basova, Yaroslavskaya Oblast', Russia",RS88,57.6934,40.3741,,,76.0
4,"Chernikovka, Bashkortostan, Russia",RS08,54.807,56.0988,,,2.0
4,"Ilkov, Kalmykiya, Russia",RS24,47.9935,44.6356,,,8.0
4,"Marina Roshcha, Krasnodarskiy Kray, Russia",RS38,44.6194,38.0324,,,23.0
4,"Eva-Liv Island, Arkhangel'skaya Oblast', Russia",RS06,81.635,63.1025,,,29.0
4,"Lapki, Orlovskaya Oblast', Russia",RS56,52.7224,35.1878,,,57.0
4,"Pelya, Permskiy Kray, Russia",RS90,60.4589,58.6515,,,59.0
4,"Kundulun, Irkutskaya Oblast', Russia",RS20,54.3149,102.203,,,38.0
4,"-Khimki, Moskva, Russia",RS48,55.897,37.4297,1482.0,0.8556754590039364,50.0
4,"Aleksinskaya, Kirovskaya Oblast', Russia",RS33,57.9319,47.9854,,,43.0
4,"Svetova, Bryanskaya Oblast', Russia",RS10,52.1147,34.22,,,32.0
4,"Odintsov, Belgorodskaya Oblast', Russia",RS09,50.5543,37.692,,,31.0
4,"Baksanenok, Kabardino-Balkariya, Russia",RS22,43.6897,43.6547,168.0,9.707878527610362,7.0
4,"Dugulubgey, Kabardino-Balkariya, Russia",RS22,43.6625,43.5369,,,7.0
4,"Alchi, Khabarovskiy Kray, Russia",RS30,48.25,136.517,,,27.0
4,"Kharul, Zabaykal'skiy Kray, Russia",RS93,51.037,110.574,,,75.0
4,"Stalgres, Volgogradskaya Oblast', Russia",RS84,48.4833,44.7833,,,34.0
4,"Stanovoye, Ivanovskaya Oblast', Russia",RS21,57.0583,41.6963,,,37.0
4,"Volchenka, Leningradskaya Oblast', Russia",RS42,59.4808,34.6753,,,47.0
4,"Kurya, Vologodskaya Oblast', Russia",RS85,59.2819,38.6671,,,35.0
4,"Loyevo, Smolenskaya Oblast', Russia",RS69,54.6618,31.7946,,,67.0
4,"Kolodezyanskaya, Rostovskaya Oblast', Russia",RS61,49.165,40.4411,,,61.0
4,"Padun, Irkutskaya Oblast', Russia",RS20,56.2916,101.685,,,38.0
4,"Obskiy, Novosibirskaya Oblast', Russia",RS53,55.0664,82.769,,,54.0
4,"Nikit, Komi, Russia",RS34,67.05,63.7833,,,11.0
4,"Bazanova, Krasnodarskiy Kray, Russia",RS38,44.2969,38.88,,,23.0
4,"Pugachevshchina, Smolenskaya Oblast', Russia",RS69,54.3072,32.5897,,,67.0
4,"Emiss, Sakha (Yakutiya), Russia",RS63,61.235,131.093,,,14.0
4,"Golovkov, Krasnodarskiy Kray, Russia",RS38,45.0211,39.5846,,,23.0
4,"Shatskaya, Ryazanskaya Oblast', Russia",RS62,53.947,40.7012,,,62.0
4,"Bereznik, Vologodskaya Oblast', Russia",RS85,59.5527,38.3584,,,35.0
4,"Urmiya, Krasnodarskiy Kray, Russia",RS38,44.8514,40.8642,,,23.0
4,"Buyanova, Tverskaya Oblast', Russia",RS77,57.6583,36.5508,,,69.0
4,"Zadorozhnyy, Belgorodskaya Oblast', Russia",RS09,50.85,35.85,,,31.0
4,"Ordynskoye, Novosibirskaya Oblast', Russia",RS53,54.3656,81.8994,1621.0,0.32244439001257896,54.0
4,"Yunusova, Bashkortostan, Russia",RS08,55.3606,58.6097,,,2.0
4,"Duki, Khabarovskiy Kray, Russia",RS30,51.5653,135.82,,,27.0
4,"Matrosy, Kareliya, Russia",RS28,61.7804,33.8128,,,10.0
4,"Nikolskiy, Orenburgskaya Oblast', Russia",RS55,51.6747,54.515,,,56.0
4,"Izumrudnoye, Omskaya Oblast', Russia",RS54,54.2187,74.639,,,55.0
4,"Pskow, Pskovskaya Oblast', Russia",RS60,57.8136,28.3496,,,60.0
4,"Dobrina, Smolenskaya Oblast', Russia",RS69,55.3789,31.5055,,,67.0
4,"Suun, Kareliya, Russia",RS28,63.2286,32.0593,,,10.0
4,"Tikhvinka, Tambovskaya Oblast', Russia",RS72,52.5779,42.3595,,,68.0
4,"Shustov, Volgogradskaya Oblast', Russia",RS84,49.7167,46.6,,,34.0
4,"Birdin, Samarskaya Oblast', Russia",RS65,52.5667,50.5,,,63.0
4,"Kurung, Sakha (Yakutiya), Russia",RS63,63.4,126.4,,,14.0
4,"Melekhin, Astrakhanskaya Oblast', Russia",RS07,48.7863,46.1673,,,30.0
4,"Seledka, 92, Russia",RS92,56.8681,162.733,,,41.0
4,"Muravi, Novgorodskaya Oblast', Russia",RS52,58.6993,31.4817,,,53.0
4,"Badyarikha, Sakha (Yakutiya), Russia",RS63,68.3,146.0,,,14.0
4,"Sogda, Khabarovskiy Kray, Russia",RS30,50.3833,132.283,,,27.0
4,"Vasyukov, Arkhangel'skaya Oblast', Russia",RS06,62.2157,46.1915,,,29.0
4,"Ak Toprak, Kabardino-Balkariya, Russia",RS22,43.3728,43.165,,,7.0
4,"Tamysh, Krasnoyarskiy Kray, Russia",RS39,59.1578,97.625,,,24.0
4,"Raivola, Leningradskaya Oblast', Russia",RS42,60.2474,29.6131,,,47.0
4,"Tver, Tverskaya Oblast', Russia",RS77,56.8605,35.876,2101.0,2.73263933090526,69.0
4,"Moskin, Irkutskaya Oblast', Russia",RS20,57.9671,99.8648,,,38.0
4,"Tanam, Russia (General), Russia",RS00,70.4686,82.17,,,91.0
4,"Chigasovo, Ryazanskaya Oblast', Russia",RS62,54.0011,40.2082,,,62.0
4,"Ristiniemi, Leningradskaya Oblast', Russia",RS42,60.5153,28.2262,,,47.0
4,"Astra Khan, Astrakhanskaya Oblast', Russia",RS07,46.3497,48.0408,918.0,0.6279830433136989,30.0
4,"Knyazhiy, Kurskaya Oblast', Russia",RS41,51.2198,35.2627,,,46.0
4,"Kharkova, Amurskaya Oblast', Russia",RS05,50.1352,129.078,,,28.0
4,"Progon, Novgorodskaya Oblast', Russia",RS52,58.4833,33.35,,,53.0
4,"Lesnoi, Murmanskaya Oblast', Russia",RS49,66.6871,34.3429,,,51.0
4,"Lokhnya, Moskovskaya Oblast', Russia",RS47,55.4819,36.4497,,,50.0
4,"Bandina, Pskovskaya Oblast', Russia",RS60,56.1062,30.7563,,,60.0
4,"Tucha, Ivanovskaya Oblast', Russia",RS21,56.7653,40.1389,,,37.0
4,"Kulunda, Novosibirskaya Oblast', Russia",RS53,54.9211,76.3779,,,54.0
4,"Yarovoye, Novosibirskaya Oblast', Russia",RS53,54.1,79.2667,,,54.0
4,"Seliverstova, Altayskiy Kray, Russia",RS04,52.3,80.9667,,,22.0
4,"Kokshaysk, Mariy-El, Russia",RS45,56.1398,47.8175,,,12.0
4,"Ivshin, Arkhangel'skaya Oblast', Russia",RS06,62.5624,46.3214,,,29.0
4,"Franz-Josef Land, Arkhangel'skaya Oblast', Russia",RS06,81.0,55.0,,,29.0
4,"Rybnoje, Ryazanskaya Oblast', Russia",RS62,54.7277,39.5173,1861.0,0.5502135427896538,62.0
4,"Zhirkov, Volgogradskaya Oblast', Russia",RS84,48.6478,42.9248,,,34.0
4,"Kotovo, Vologodskaya Oblast', Russia",RS85,58.8687,35.48,,,35.0
4,"Kaydashev, Belgorodskaya Oblast', Russia",RS09,50.5979,36.3254,,,31.0
4,"Sukino, Kostromskaya Oblast', Russia",RS37,58.9333,46.7667,,,44.0
4,"Gayduk, Kalmykiya, Russia",RS24,44.9578,46.5244,,,8.0
4,"Belyany, Smolenskaya Oblast', Russia",RS69,55.4583,31.555,,,67.0
4,"Tikhovskiy, Krasnodarskiy Kray, Russia",RS38,45.1922,38.2251,,,23.0
4,"Karmaskaly, Bashkortostan, Russia",RS08,53.7395,55.8696,,,2.0
4,"Yaruga, Voronezhskaya Oblast', Russia",RS86,50.6734,40.7132,,,36.0
4,"Krasnopolyansk, Krasnoyarskiy Kray, Russia",RS39,56.1778,95.5681,,,24.0
4,"Ka-Ka, Dagestan, Russia",RS17,41.4788,47.6369,,,5.0
4,"Ibrayeva, Bashkortostan, Russia",RS08,52.2563,52.2563,,,2.0
4,"Oreshnik, Kirovskaya Oblast', Russia",RS33,57.3633,49.9722,,,43.0
4,"Kaip, Kemerovskaya Oblast', Russia",RS29,55.5373,84.9535,,,42.0
4,"Pchelka, Moskovskaya Oblast', Russia",RS47,56.15,37.5333,,,50.0
4,"Klimova, Leningradskaya Oblast', Russia",RS42,60.8667,33.4167,,,47.0
4,"Sam Balka, Vologodskaya Oblast', Russia",RS85,60.6191,37.6738,,,35.0
4,"Makitalo, Kareliya, Russia",RS28,62.4167,31.7333,,,10.0
4,"Pustynka, Tverskaya Oblast', Russia",RS77,57.4047,37.3826,,,69.0
4,"Vilki, Vladimirskaya Oblast', Russia",RS83,56.0824,40.5541,,,33.0
4,"Stakan, Amurskaya Oblast', Russia",RS05,54.0283,126.45,,,28.0
4,"Gvozd, Voronezhskaya Oblast', Russia",RS86,50.7373,40.4486,,,36.0
4,"Zhuravlik, Sverdlovskaya Oblast', Russia",RS71,58.7899,59.7573,,,66.0
4,"Uros Ozero, Kareliya, Russia",RS28,63.4429,34.2482,,,10.0
4,"Metallurgicheskiy, Chelyabinskaya Oblast', Russia",RS13,55.2449,61.3915,,,74.0
4,"Chl-A, Stavropol'skiy Kray, Russia",RS70,45.5497,41.9631,,,26.0
4,"Oreshniki, Krasnoyarskiy Kray, Russia",RS39,56.0597,95.1642,,,24.0
4,"Oresh, Krasnoyarskiy Kray, Russia",RS39,52.4833,93.4333,,,24.0
4,"Kataba, Sverdlovskaya Oblast', Russia",RS71,58.0552,60.1318,,,66.0
4,"Loyga, Arkhangel'skaya Oblast', Russia",RS06,61.0784,44.6075,,,29.0
4,"Lepista, Kareliya, Russia",RS28,61.4267,32.364,,,10.0
4,"Aktur, Khabarovskiy Kray, Russia",RS30,50.3667,138.233,,,27.0
4,"Yablonovka, Bashkortostan, Russia",RS08,53.6576,55.2807,,,2.0
4,"Zeleny Gay, Orenburgskaya Oblast', Russia",RS55,53.2198,52.5608,,,56.0
4,"Shinda, Krasnoyarskiy Kray, Russia",RS39,54.1644,93.6011,,,24.0
4,"Oreshink, Smolenskaya Oblast', Russia",RS69,54.77,34.8939,,,67.0
4,"Ushkanka, Krasnoyarskiy Kray, Russia",RS39,55.5711,90.2211,,,24.0
4,"Buket, Magadanskaya Oblast', Russia",RS44,59.3069,148.494,,,49.0
4,"Lotarevka, Kurskaya Oblast', Russia",RS41,51.9645,35.7886,,,46.0
4,"Bolshoye Zhirovo, Kurskaya Oblast', Russia",RS41,51.9606,35.9719,,,46.0
4,"Khuta, Dagestan, Russia",RS17,41.6203,47.8036,,,5.0
4,"Zapselye, Kurskaya Oblast', Russia",RS41,51.1735,36.2051,,,46.0
4,"Baylar, Tatarstan, Russia",RS73,55.03,52.526,,,16.0
4,"Sukpak, Tyva, Russia",RS79,51.6667,94.6333,,,17.0
4,"Burdina, Tyumenskaya Oblast', Russia",RS78,56.1595,70.0862,,,72.0
4,"Yalimo, Ryazanskaya Oblast', Russia",RS62,54.4387,39.857,,,62.0
4,"Zavyalovo, Novosibirskaya Oblast', Russia",RS53,55.0683,84.73,,,54.0
4,"Kichka, Tverskaya Oblast', Russia",RS77,56.8828,31.204,,,69.0
4,"Protoka, Krasnodarskiy Kray, Russia",RS38,45.382,38.0737,,,23.0
4,"Grekovka, Samarskaya Oblast', Russia",RS65,52.6477,51.2477,,,63.0
4,"Chigrina, Krasnodarskiy Kray, Russia",RS38,45.238,38.1709,,,23.0
4,"Vistino, Leningradskaya Oblast', Russia",RS42,59.7803,28.4816,,,47.0
4,"Vorovskoye, 92, Russia",RS92,54.2667,155.817,,,41.0
4,"Drozhzhino, Smolenskaya Oblast', Russia",RS69,54.6497,32.2096,,,67.0
4,"Masalovka, Voronezhskaya Oblast', Russia",RS86,51.5716,40.4307,,,36.0
4,"Dyachkino, Rostovskaya Oblast', Russia",RS61,48.6305,40.3165,,,61.0
4,"Salavatovo, Bashkortostan, Russia",RS08,53.467,58.5787,,,2.0
4,"Istek, Kirovskaya Oblast', Russia",RS33,57.898,49.7826,,,43.0
4,"Syukeyevo, Tatarstan, Russia",RS73,55.1079,49.0101,,,16.0
4,"Gora Otdelnaya, Khabarovskiy Kray, Russia",RS30,49.0408,135.622,,,27.0
4,"Ilynka, Primorskiy Kray, Russia",RS59,44.9018,131.961,,,25.0
4,"Barmo, Irkutskaya Oblast', Russia",RS20,56.2707,99.2095,,,38.0
4,"Medvedevo, Tverskaya Oblast', Russia",RS77,57.3468,37.6767,,,69.0
4,"Titovskaya, Arkhangel'skaya Oblast', Russia",RS06,61.2094,41.8287,,,29.0
4,"Kusur, Dagestan, Russia",RS17,41.7826,46.9493,,,5.0
4,"Aramil, Sverdlovskaya Oblast', Russia",RS71,56.7162,60.9461,2033.0,7.244018394304717,66.0
4,"Tolmachev, Belgorodskaya Oblast', Russia",RS09,50.5573,37.6539,,,31.0
4,"Klad, Mordoviya, Russia",RS46,54.3536,44.5192,,,13.0
4,"Novy Trud, Bryanskaya Oblast', Russia",RS10,53.0203,32.9064,,,32.0
4,"Berkuty, Novosibirskaya Oblast', Russia",RS53,55.185,79.9947,,,54.0
4,"Man China, Smolenskaya Oblast', Russia",RS69,55.1163,32.8594,,,67.0
4,"Malaya Polyanka, Tatarstan, Russia",RS73,55.4089,50.9757,,,16.0
4,"Lyubava, Krasnoyarskiy Kray, Russia",RS39,56.3808,95.0981,,,24.0
4,"Zvonarevka, Saratovskaya Oblast', Russia",RS67,51.6242,46.5279,,,64.0
4,"Dedy, Bryanskaya Oblast', Russia",RS10,52.586,33.4069,,,32.0
4,"Shelan, Novgorodskaya Oblast', Russia",RS52,58.2174,30.818,,,53.0
4,"Yelna, Amurskaya Oblast', Russia",RS05,53.4,128.75,,,28.0
4,"Staraya Serebryakovka, Dagestan, Russia",RS17,43.9812,46.8328,,,5.0
4,"Knorring, Primorskiy Kray, Russia",RS59,44.5066,132.643,,,25.0
4,"Molodezhnoye, Primorskiy Kray, Russia",RS59,45.955,136.49,,,25.0
4,"Slatino, Novgorodskaya Oblast', Russia",RS52,59.0211,34.5436,,,53.0
4,"Gubakhinskiy, Permskiy Kray, Russia",RS90,57.4094,56.6546,,,59.0
4,"Aydos, Bashkortostan, Russia",RS08,55.7,56.8167,,,2.0
4,"Krivodanovka, Novosibirskaya Oblast', Russia",RS53,55.0881,82.6551,,,54.0
4,"Kafanov, Stavropol'skiy Kray, Russia",RS70,45.3581,42.0575,,,26.0
4,"Saraton, Magadanskaya Oblast', Russia",RS44,64.0833,154.5,,,49.0
4,"Bibiki, Bryanskaya Oblast', Russia",RS10,53.0756,33.3828,,,32.0
4,"Sorok, Buryatiya, Russia",RS11,52.3233,100.173,,,3.0
4,"Ucha, Russia (General), Russia",RS00,58.3654,40.6868,,,91.0
4,"Shubartau, Orenburgskaya Oblast', Russia",RS55,51.7814,59.2247,,,56.0
4,"Vetrolom, Tverskaya Oblast', Russia",RS77,57.6862,35.8683,,,69.0
4,"Syamozero, Kareliya, Russia",RS28,61.886,33.3037,,,10.0
4,"Solzy, Novgorodskaya Oblast', Russia",RS52,58.1239,30.3238,,,53.0
4,"Ostrov Ratmanova, Chukotskiy Avtonomnyy Okrug, Russia",RS15,65.7667,-169.1,,,87.0
4,"Batakovo, Moskovskaya Oblast', Russia",RS47,55.5011,37.2842,,,50.0
4,"Chudskaya, Vladimirskaya Oblast', Russia",RS83,56.0118,42.448,,,33.0
4,"Danilovo, Smolenskaya Oblast', Russia",RS69,55.4914,33.3322,,,67.0
4,"Potka, Russia (General), Russia",RS00,57.5331,54.4765,,,91.0
4,"Lipki, Smolenskaya Oblast', Russia",RS69,54.8353,33.0842,,,67.0
4,"Skopino, Novgorodskaya Oblast', Russia",RS52,57.6506,30.9823,,,53.0
4,"Nikoleyevka, Kaluzhskaya Oblast', Russia",RS25,54.4304,36.4102,,,40.0
4,"Achkasova, Lipetskaya Oblast', Russia",RS43,52.5939,38.0591,,,48.0
4,"Sangar, Dagestan, Russia",RS17,43.5921,47.1715,,,5.0
4,"Ergin, Volgogradskaya Oblast', Russia",RS84,47.6758,43.8242,,,34.0
4,"Korchi, Bryanskaya Oblast', Russia",RS10,52.6094,31.7846,,,32.0
4,"Volchiy, Penzenskaya Oblast', Russia",RS57,53.2704,44.7057,,,58.0
4,"Shabur, Buryatiya, Russia",RS11,51.4753,108.318,,,3.0
4,"Yezh, Krasnoyarskiy Kray, Russia",RS39,53.7167,94.4333,,,24.0
4,"Khanka, Adygeya, Russia",RS01,44.6731,39.9404,,,1.0
4,"Voznesenskaya, Udmurtiya, Russia",RS80,56.2167,52.3667,,,18.0
4,"Filii, Tverskaya Oblast', Russia",RS77,56.5592,33.524,,,69.0
4,"Kusov, Severnaya Osetiya-Alaniya, Russia",RS68,43.4477,44.4238,,,15.0
4,"Zvezdan, Novgorodskaya Oblast', Russia",RS52,59.1,33.8,,,53.0
4,"Bakovka, Tambovskaya Oblast', Russia",RS72,52.3256,40.7089,,,68.0
4,"Barun, Kalmykiya, Russia",RS24,47.5588,45.8107,,,8.0
4,"Privolzhskiy, Tatarstan, Russia",RS73,55.05,49.3833,,,16.0
4,"Zheltukhin, Volgogradskaya Oblast', Russia",RS84,49.3277,43.9476,,,34.0
4,"Kuteynikovo, Rostovskaya Oblast', Russia",RS61,47.5541,39.7677,,,61.0
4,"Zheltoye, Orenburgskaya Oblast', Russia",RS55,51.6286,56.5894,,,56.0
4,"Lisovka, Penzenskaya Oblast', Russia",RS57,53.0089,44.6956,,,58.0
4,"Ostrovskogo, Voronezhskaya Oblast', Russia",RS86,51.5722,42.3758,,,36.0
4,"Dalniy Vostok, Rostovskaya Oblast', Russia",RS61,46.9736,41.445,,,61.0
4,"Arylakh, Sakha (Yakutiya), Russia",RS63,67.5,152.8,,,14.0
4,"Deulino, Moskovskaya Oblast', Russia",RS47,56.35,38.1167,,,50.0
4,"-Sheremetyevo, Khabarovskiy Kray, Russia",RS30,47.3617,134.26,,,27.0
4,"Gorbatova, Kaluzhskaya Oblast', Russia",RS25,54.9586,35.3956,,,40.0
4,"Senichkin, Volgogradskaya Oblast', Russia",RS84,50.0434,42.8963,,,34.0
4,"Zerkali, Pskovskaya Oblast', Russia",RS60,57.1273,28.0892,,,60.0
4,"Belekhova, Tverskaya Oblast', Russia",RS77,58.0154,35.0731,,,69.0
4,"Greki, Krasnodarskiy Kray, Russia",RS38,45.6623,38.5201,,,23.0
4,"Payyakha, Taymyrskiy (Dolgano-Nenetskiy) Avtonomnyy Okrug, Russia",RS74,70.1772,84.4144,,,24.0
4,"Urtak, Bashkortostan, Russia",RS08,54.5917,55.9731,,,2.0
4,"Nyros, Komi, Russia",RS34,64.5754,54.0138,,,11.0
4,"Tamna, Khabarovskiy Kray, Russia",RS30,48.7333,134.433,,,27.0
4,"Oleshnik, Arkhangel'skaya Oblast', Russia",RS06,64.3901,40.9282,,,29.0
4,"Groznaya, Chukotskiy Avtonomnyy Okrug, Russia",RS15,66.4667,178.567,,,87.0
4,"Shkhelda, Kabardino-Balkariya, Russia",RS22,43.2333,42.6667,,,7.0
4,"Moshenka, Tverskaya Oblast', Russia",RS77,57.3623,33.2632,,,69.0
4,"Kharyalakh, Sakha (Yakutiya), Russia",RS63,68.8958,122.675,,,14.0
4,"Bayanda, Irkutskaya Oblast', Russia",RS20,55.9833,99.5333,,,38.0
4,"Braty, Astrakhanskaya Oblast', Russia",RS07,48.0167,46.8833,,,30.0
4,"Ageyeva, Rostovskaya Oblast', Russia",RS61,46.7575,41.4411,,,61.0
4,"Krasnaya Niva, Altayskiy Kray, Russia",RS04,51.8333,80.1833,,,22.0
4,"Charysh, Altayskiy Kray, Russia",RS04,52.3539,83.7266,,,22.0
4,"Nizhniy Chegem, Kabardino-Balkariya, Russia",RS22,43.4978,43.2978,,,7.0
4,"Soklova, Krasnoyarskiy Kray, Russia",RS39,57.0342,97.2103,,,24.0
4,"Volkhovo, Tverskaya Oblast', Russia",RS77,57.3126,35.606,,,69.0
4,"Za-Hodi, Pskovskaya Oblast', Russia",RS60,57.0609,27.8114,,,60.0
4,"Frolovskaya, Moskovskaya Oblast', Russia",RS47,56.2833,36.7833,,,50.0
4,"Kamyshly, Bashkortostan, Russia",RS08,53.4937,55.0472,,,2.0
4,"Plokhovo, Kaluzhskaya Oblast', Russia",RS25,53.936,35.3582,,,40.0
4,"Leninskaya, Rostovskaya Oblast', Russia",RS61,47.4771,43.1038,,,61.0
4,"Ternovskiy, Stavropol'skiy Kray, Russia",RS70,45.3564,41.125,,,26.0
4,"Vorobzha, Kurskaya Oblast', Russia",RS41,51.1614,35.4856,,,46.0
4,"Bychok, Voronezhskaya Oblast', Russia",RS86,50.0227,40.7763,,,36.0
4,"Urla, Zabaykal'skiy Kray, Russia",RS93,50.0624,111.57,,,75.0
4,"Sukharevskiy, Permskiy Kray, Russia",RS90,56.8,54.2167,,,59.0
4,"Borovoye, Leningradskaya Oblast', Russia",RS42,61.0955,29.9296,,,47.0
4,"Nechayevka, Lipetskaya Oblast', Russia",RS43,52.1291,39.3347,,,48.0
4,"Artemy, Pskovskaya Oblast', Russia",RS60,57.2996,28.0579,,,60.0
4,"Sink In, Nenetskiy Avtonomnyy Okrug, Russia",RS50,68.6885,59.9279,,,83.0
4,"Taganova, Novosibirskaya Oblast', Russia",RS53,55.6816,77.6931,,,54.0
4,"Zhanatalap, Orenburgskaya Oblast', Russia",RS55,51.379,51.379,,,56.0
4,"Kokoy, Sverdlovskaya Oblast', Russia",RS71,56.4113,58.7609,,,66.0
4,"Krasnouralsk, Sverdlovskaya Oblast', Russia",RS71,58.3638,60.0407,1994.0,0.7728062227227557,66.0
4,"Novogodniy, Stavropol'skiy Kray, Russia",RS70,44.268,42.8823,,,26.0
4,"Sibiryakova, Amurskaya Oblast', Russia",RS05,55.1333,127.85,,,28.0
4,"Kurkijoki, Kareliya, Russia",RS28,61.3025,29.896,,,10.0
4,"Yuzik, Khakasiya, Russia",RS31,54.8333,89.1167,,,19.0
4,"-Elbrus, Kabardino-Balkariya, Russia",RS22,43.2577,42.6443,179.0,27.288047516184598,7.0
4,"Ryazanskiy, Samarskaya Oblast', Russia",RS65,53.2876,49.3396,,,63.0
4,"Blagoveshchenskoye, Kemerovskaya Oblast', Russia",RS29,56.3804,87.3866,,,42.0
4,"Minzy, Novgorodskaya Oblast', Russia",RS52,58.95,34.75,,,53.0
4,"Bolshoy Ulagan, Altay, Russia",RS03,50.6333,87.9333,,,4.0
4,"To Wada, Sakhalinskaya Oblast', Russia",RS64,46.2833,141.9,,,65.0
4,"Chernoye, Permskiy Kray, Russia",RS90,59.6767,56.9423,,,59.0
4,"Nazha, Samarskaya Oblast', Russia",RS65,54.1593,50.7857,,,63.0
4,"Severny Donets, Russia (General), Russia",RS00,47.5833,40.9,,,91.0
4,"Ozhogino, Kostromskaya Oblast', Russia",RS37,58.485,42.0699,,,44.0
4,"Moiseyeva, Sverdlovskaya Oblast', Russia",RS71,59.4227,62.3783,,,66.0
4,"Meshi, Chechnya And Ingushetiya, Russia",RSCI,42.7522,45.1786,,,20.0
4,"Tishinka, Altayskiy Kray, Russia",RS04,51.8,81.3333,,,22.0
4,"Sindor, Komi, Russia",RS34,62.8629,51.8905,,,11.0
4,"Kirow, Kirovskaya Oblast', Russia",RS33,58.5967,49.6601,,,43.0
4,"Bayan-Tala, Tyva, Russia",RS79,51.4667,91.4333,,,17.0
4,"Drovyanoye, Murmanskaya Oblast', Russia",RS49,68.914,32.999,,,51.0
4,"Golovnina, Rsja, Russia",RSJA,43.7361,145.511,,,65.0
4,"Pyshma, Sverdlovskaya Oblast', Russia",RS71,56.9705,60.5822,,,66.0
4,"Yadu, Evenkiyskiy Avtonomnyy Okrug, Russia",RS18,63.0311,104.104,,,
4,"Zelenovka, Omskaya Oblast', Russia",RS54,55.1435,73.3715,,,55.0
4,"Loskutov, Mariy-El, Russia",RS45,57.0174,49.2262,,,12.0
4,"Yakkonen, Kareliya, Russia",RS28,66.55,29.8667,,,10.0
4,"Nelemnoye, Sakha (Yakutiya), Russia",RS63,65.3667,151.033,,,14.0
4,"Mugur-Aksy, Tyva, Russia",RS79,50.35,90.5,406.0,5.3121087696294484,17.0
4,"Motovilovka, Orenburgskaya Oblast', Russia",RS55,53.1212,52.5509,,,56.0
4,"Solomenka, Novgorodskaya Oblast', Russia",RS52,57.959,30.8608,,,53.0
4,"Milkovskaya, 92, Russia",RS92,54.65,158.467,613.0,10.227411240035446,41.0
4,"Bakhari, Permskiy Kray, Russia",RS90,60.4385,57.0669,,,59.0
4,"Podolskoye, Kostromskaya Oblast', Russia",RS37,58.4491,41.965,,,44.0
4,"Nadezhdinka, Penzenskaya Oblast', Russia",RS57,53.1213,44.1883,,,58.0
4,"Klochkov, Astrakhanskaya Oblast', Russia",RS07,48.3995,45.8838,,,30.0
4,"Yumash, Arkhangel'skaya Oblast', Russia",RS06,62.629,44.5952,,,29.0
4,"Tundrovaya, Taymyrskiy (Dolgano-Nenetskiy) Avtonomnyy Okrug, Russia",RS74,75.0836,87.0281,,,24.0
4,"Novoselenginsk, Buryatiya, Russia",RS11,51.1,106.617,,,3.0
4,"Selenginsk, Buryatiya, Russia",RS11,51.1,106.617,103.0,21.986467356930625,3.0
4,"Ingoda, Zabaykal'skiy Kray, Russia",RS93,51.8567,113.103,,,75.0
4,"Bestuzheva, Altayskiy Kray, Russia",RS04,52.0432,82.4705,,,22.0
4,"Alyat, Irkutskaya Oblast', Russia",RS20,53.2025,102.233,,,38.0
4,"Yuribei, Yamalo-Nenetskiy Avtonomnyy Okrug, Russia",RS87,71.1658,76.9294,,,89.0
4,"Kudelin, Permskiy Kray, Russia",RS90,60.0667,56.6833,,,59.0
4,"Gelot, Irkutskaya Oblast', Russia",RS20,56.0633,102.191,,,38.0
4,"Sosnovskoye, Kurganskaya Oblast', Russia",RS40,56.3048,63.6278,,,45.0
4,"Lebyazhye, Astrakhanskaya Oblast', Russia",RS07,46.3804,48.7458,,,30.0
4,"Bolshaya Gora, Arkhangel'skaya Oblast', Russia",RS06,60.8244,40.9677,,,29.0
4,"Akhu, Tatarstan, Russia",RS73,55.5208,53.9523,,,16.0
4,"Treka, Sverdlovskaya Oblast', Russia",RS71,57.1275,59.5111,,,66.0
4,"Kondra, Yaroslavskaya Oblast', Russia",RS88,57.8001,39.8902,,,76.0
4,"Neftekumsk, Stavropol'skiy Kray, Russia",RS70,44.6667,44.9167,821.0,10.935905934789966,26.0
4,"Yadrov, Bryanskaya Oblast', Russia",RS10,53.4764,33.7478,,,32.0
4,"Dubrovenka, Smolenskaya Oblast', Russia",RS69,54.8019,31.963,,,67.0
4,"Obluchye, Yevreyskaya Avtonomnaya Oblast', Russia",RS89,49.0214,131.048,2341.0,0.8747884824889638,79.0
4,"Agryz, Tatarstan, Russia",RS73,56.5203,52.9942,356.0,0.6078231224708395,16.0
4,"Yadrino, Amurskaya Oblast', Russia",RS05,48.9746,131.023,,,28.0
4,"Puri At, Severnaya Osetiya-Alaniya, Russia",RS68,42.6366,44.1007,,,15.0
4,"Kolonga, Sverdlovskaya Oblast', Russia",RS71,60.1432,59.9482,,,66.0
4,"Nikolaevskoye, Zabaykal'skiy Kray, Russia",RS93,51.0538,111.779,,,75.0
4,"Palatovo, Ul'yanovskaya Oblast', Russia",RS81,54.0569,46.2716,,,73.0
4,"Verkhososna, Belgorodskaya Oblast', Russia",RS09,50.7263,38.2331,,,31.0
4,"Lamna, Ivanovskaya Oblast', Russia",RS21,56.6472,42.0097,,,37.0
4,"Koltubanovskiy, Orenburgskaya Oblast', Russia",RS55,52.9407,52.0269,,,56.0
4,"Sirino, Kirovskaya Oblast', Russia",RS33,60.9539,47.7958,,,43.0
4,"Whitelake, Vologodskaya Oblast', Russia",RS85,60.2025,37.6598,,,35.0
4,"Semenkovo, Kaluzhskaya Oblast', Russia",RS25,54.7028,34.7897,,,40.0
4,"Filippa, Kareliya, Russia",RS28,62.4722,35.8323,,,10.0
4,"Guga, Khabarovskiy Kray, Russia",RS30,52.7008,137.538,,,27.0
4,"Muan To, Kareliya, Russia",RS28,62.0833,31.45,,,10.0
4,"Korak, Mariy-El, Russia",RS45,56.3848,47.8317,,,12.0
4,"Spichenkovo, Kemerovskaya Oblast', Russia",RS29,53.7864,86.8453,,,42.0
4,"Yartsevskaya, Arkhangel'skaya Oblast', Russia",RS06,61.0333,48.2667,,,29.0
4,"Koltsevoye, Primorskiy Kray, Russia",RS59,45.8231,133.643,,,25.0
4,"Onekotan, Sakhalinskaya Oblast', Russia",RS64,49.3956,154.819,,,65.0
4,"Eriza, Rsja, Russia",RSJA,45.5,149.167,,,65.0
4,"Cheremshan, Tatarstan, Russia",RS73,55.2611,48.1103,,,16.0
